int	string
id	内容
id	content
100101	
100201	
100202	
100301	
100302	
100303	
100401	
100402	
100403	
100404	
100405	
100406	
100501	
100601	
100602	
100701	
100702	
100703	
100801	
100802	
100803	
100804	
100901	
100902	
100903	
101001	
101002	
101003	
101101	
101102	
101103	
101104	
101105	
101201	
101301	
101302	
101401	
101402	
101403	
101404	
101405	
101406	
101501	
101502	
101503	
101504	
101505	
101506	
101601	
101602	
101603	
101604	
101701	
101702	
101703	
101704	
101801	
101802	
101803	
101804	
101901	
101902	
101903	
102001	
102002	
102101	
102102	
102103	
102201	
102202	
102203	
102204	
102205	
102206	
102301	
102302	
102303	
102401	
102402	
102403	
102404	
102405	
102406	
102407	
102408	
102501	
102502	
102503	
102504	
102601	
102602	
102603	
102604	
102701	
102702	
102801	
102802	
102803	
102804	
102901	
102902	
103001	
103002	
103003	
103004	
103101	
103102	
103103	
103201	
103202	
103203	
103204	
103205	
103301	
103302	
103303	
103401	
103402	
103403	
103501	
103502	
103503	
103601	
103701	
103702	
103703	
103801	
103802	
103803	
103804	
103805	
103806	
103901	
103902	
103903	
103904	
103905	
103906	
104001	
104002	
104003	
104004	
104005	
104006	
104007	
104008	
104101	
104102	
104103	
104104	
104201	
104202	
104203	
104301	
104302	
104303	
104304	
104305	
104306	
104307	
104308	
104309	
104401	
104402	
104403	
104501	
104502	
104503	
104601	
104602	
104701	
104702	
104703	
104704	
104801	
104802	
104803	
104901	
104902	
104903	
105001	
105002	
105003	
999998	
999999	
