﻿int	int	int	DTItemNum[]	string	DTItemNum[]	string
id	活动类别	活动计数	特殊奖励	特殊奖励标签	奖励内容	备注
id	type	count	special_reward	image	reward	info
1001	1	1	7048:40	0	1:400;2:100000;6:10000	第1天登陆奖励
1002	1	2	7084:50	Label_Hot	1:400;2:300000;6:10000	第2天登陆奖励
1003	1	3	18091:1	Label_Hot	18015:1;2:1000000;8001:500	第3天登陆奖励
1004	1	4	7901:10	0	1:400;2:2000000;9001:100;8001:500	第4天登陆奖励
1005	1	5	7901:10	0	1:400;2:3000000;9002:100;8001:500	第5天登陆奖励
1006	1	6	7901:10	0	1:400;2:4000000;9003:100;8001:500	第6天登陆奖励
1007	1	7	8907:1	Label_Hot	8906:1;2:5000000;9004:100;5012:20	第7天登陆奖励
