﻿int	string	int	DTItemNum	int
头像ID	头像名称	性别2001=男2002=女	解锁方式0=默认1=钻石2=金币，后续字段为费用	图标
id	zh_cn_name	sex	unlock	icon
1001	女性头像1	2002	0:0	7101
1002	女性头像2	2002	1:500	7102
1003	女性头像3	2002	1:500	7103
1004	女性头像4	2002	1:500	7104
1005	女性头像5	2002	1:500	7105
1101	男性头像1	2001	0:0	7201
1102	男性头像2	2001	1:500	7202
1103	男性头像3	2001	1:500	7203
1104	男性头像4	2001	1:500	7204
1105	男性头像5	2001	1:500	7205
