﻿int	string	int	int	string	string	string
id	名称	剧本契合最小值	剧本契合最大值	助手评价1	助手评价2	助手评价3
id	name	adaptation_min	adaptation_max	zh_cn_msg1	zh_cn_msg2	zh_cn_msg3
1	契合优秀	120	141	剧本跟拍摄类型的搭配简直让人叹为观止，没有比这更棒的选择了！	不愧是我认定的大导演~ 我都能看到奖杯在向我们招手了！	导演大人你这么优秀，真是太让我放心了呢~
2	契合良好	101	120	如果让我来选我也不会有更好的方案了，这个拍摄类型一定没问题的！	导演大人你这么优秀，真是太让我放心了呢~	诶诶？这是你自己做出的决定？糟糕，我都没什么可教你的了~
3	契合一般	100	101	拍摄类型与剧本毫无违和感，你的判断很不错哦~	诶诶？这是你自己做出的决定？糟糕，我都没什么可教你的了~	哎呀，这还真是别出心裁的选择呢~
4	契合较差	80	100	嗯…虽然也说得过去，可总觉得有点微妙...不过也许部分观众会很喜欢也说不定呢！	哎呀，这还真是别出心裁的选择呢~	这简直是一部宛如香菜一般的电影…希望完全不能接受它的人不会太多呢…
5	契合极差	60	80	有了这次经验，下次我们一定能做出更好的选择！	这简直是一部宛如香菜一般的电影…希望完全不能接受它的人不会太多呢…	住手呀再这样乱拍下去我们就要取逐梦电影圈而代之啦！
