﻿int	int	string	string	string	int	string
属性ID	字段类型	字段名称	英文名称	中文名称	图标|n|调用Avatar表格ID	描述
id	type	field	enName	zh_cn_name	icon	tip
1	17	normal	normal	一般		电影收益等级
2	17	good	good	良好		电影收益等级
3	17	big_sell	big_sell	大卖		电影收益等级
4	17	great_sell	great_sell	超级大卖		电影收益等级
5	17	myth_sell	myth_sell	神话		电影收益等级
6	17	marvel_sell	marvel_sell	传奇		电影收益等级
1101	1	lady	Female	女	6001	
1102	1	man	Male	男	6002	
1201	2	usa	US	北美	6003	
1202	2	europe	EU	欧洲	6004	
1203	2	asia	AS	亚洲	6005	
1301	3	1	1	1	6006	剧本，演员，物品的星级
1302	3	2	2	2	6006	剧本，演员，物品的星级
1303	3	3	3	3	6007	剧本，演员，物品的星级
1304	3	4	4	4	6007	剧本，演员，物品的星级
1305	3	5	5	5	6008	剧本，演员，物品的星级
1306	3	6	6	6	6009	剧本，演员，物品的星级
1401	4	skilled	Skilled	演技派	6038	
1402	4	idol	Idol	偶像派	6039	
1501	5	young	Young	青春型	6040	
1502	5	mature	Mature	成熟型	6041	
1601	6	spectacle	Spectacle	场面	6010	
1602	6	perform	Perform	表演	6011	
1603	6	plot	Scenario	剧情	6012	
1604	6	art	Art	艺术	6013	
1605	6	entertainment	Entertainment	娱乐	6014	
1701	7	War	War	战争片		
1702	7	Sci-Fi	Sci-Fi	科幻片		
1703	7	Modern	Modern	现代片		
1704	7	Inspirational	Inspirational	励志片		
1705	7	Crime	Crime	犯罪片		
1706	7	Fantasy	Fantasy	奇幻片		
1707	7	Espionage	Espionage	谍战片		
1708	7	Adventure	Adventure	冒险片		
1709	7	Epic	Epic	古装片		
1710	7	Disaster	Disaster	灾难片		
1801	8	Heroic	Heroic	英雄		
1802	8	Supernatural	Supernatural	神鬼		
1803	8	Ethical	Ethical	伦理		
1804	8	Romance	Romance	浪漫		
1805	8	Historical	Historical	历史		
1806	8	Spacial	Spacial	太空		
1807	8	Eschatological	Apocalypse	末世		
1808	8	Revenge	Revenge	复仇		
1809	8	Gangster	Gangster	警匪		
1810	8	Art	Art	艺术		
1811	8	Monster	Monster	怪兽		
1812	8	School	School	校园		
1813	8	Political	Political	政治		
1814	8	Robot	Robot	机器人		
1815	8	Time Travel	Time Travel	穿越		
1816	8	Road	Road	公路		
1817	8	Gunfire	Gunfire	枪战		
1818	8	Racing	Racing	飙车		
1819	8	Medieaval	Medieaval	宫廷		
1820	8	Legendary	Legendary	传奇		
1901	9	Soldier	Soldier	军人		
1902	9	Young Adult	Young Adult	青春		
1903	9	Clever	Clever	机灵		
1904	9	Attractive	Attractive	高颜值		
1905	9	Playboy	Playboy	花花公子		
1906	9	Artist	Artist	艺术家		
1907	9	Strong	Strong	强壮		
1908	9	Student	Student	学生		
1909	9	Nobility	Nobility	贵族		
1910	9	Leader	Leader	领导者		
1911	9	Criminal	Criminal	罪犯		
1912	9	Clergy	Clergy	神职人员		
1913	9	Superpowers	Superpowers	超能力		
1914	9	Police	Police	警察		
1915	9	Tycoon	Tycoon	大亨		
1916	9	Chivalrous	Chivalrous	侠客		
1917	9	Funny	Funny	搞笑		
1918	9	Pirate	Pirate	海盗		
1919	9	Mercenary	Mercenary	佣兵		
1920	9	Cruel	Cruel	残酷		
1921	9	Seasoned	Seasoned	沧桑		
1922	9	Intelligent	Intelligent	高智商		
1923	9	Villain	Villain	反派		
1924	9	Driver	Driver	车手		
1925	9	Sharpshooter	Sharpshooter	枪手		
1926	9	Fighter	Fighter	打斗		
1927	9	Eloquent	Eloquent	口才好		
1928	9	Loyal	Loyal	忠诚		
1929	9	Foolish	Foolish	无常识		
1930	9	Crazy	Crazy	疯狂		
1931	9	Depressed	Depressed	忧郁		
1932	9	Sexy	Sexy	性感		
1933	9	Teacher	Teacher	教师		
1934	9	Tough	Tough	硬汉		
1935	9	Love-struck	Love-struck	痴情		
1936	9	Gambler	Gambler	赌徒		
1937	9	Spy	Spy	间谍		
1938	9	Amnesiac	Amnesiac	失忆		
1939	9	Doctor	Doctor	医生		
1940	9	Greedy	Greedy	拜金		
1941	9	Senior	Senior	长者		
1942	9	Innocent	Innocent	天真		
1943	9	Conspirator	Conspirator	阴谋家		
1944	9	Child Star	Child Star	童星		
1945	9	Degenerate	Degenerate	颓废		
1946	9	Scholar	Scholar	学者		
1947	9	Reporter	Reporter	记者		
1948	9	Martial Artist	Martial Artist	功夫		
1949	9	Politician	Politician	政客		
2001	10	Male	Male	男性		
2002	10	Female	Female	女性		
2003	10	Children	Children	儿童		
2101	11	Protagonist	Protagonist	主角	6042	
2102	11	Hero	Hero	男主角	6043	
2103	11	Heroine	Heroine	女主角	6042	
2104	11	Costar	Costar	配角	6044	
2105	11	Male Costar	Male Costar	男配角	6044	
2106	11	Female Costar	Female Costar	女配角	6044	
2107	11	Villain	Villain	反派	6045	
2201	12	Dance	Dance	歌舞		
2202	12	Romance	Romance	爱情		
2203	12	Comedy	Comedy	喜剧		
2204	12	Drama	Drama	叙事		
2205	12	Action	Action	动作		
2206	12	Horror	Horror	恐怖		
2207	12	Cartoon	Cartoon	动画		
2208	12	Suspense	Suspense	悬疑		
2301	13	Secondary_property	Secondary_property	次要属性		
2302	13	Main_property	Main_property	主要属性		
2401	14	Odd_number	Odd_number	奇数升级		
2402	14	Even_numbers	Even_numbers	偶数升级		
2501	15	test095	Street Rank1	街区1档		
2502	15	test096	Street Rank2	街区2档		
2503	15	test097	Street Rank3	街区3档		
2504	15	test098	Street Rank4	街区4档		
2505	15	test099	Street Rank5	街区5档		
2506	15	test100	Street Rank6	街区6档		
2507	15	test101	Street Rank7	街区7档		
2508	15	test102	Street Rank8	街区8档		
2509	15	test103	Street Rank9	街区9档		
2510	15	test104	Street Rank10	街区10档		
2511	15	test105	City Rank1	城市1档		
2512	15	test106	City Rank2	城市2档		
2513	15	test107	City Rank3	城市3档		
2514	15	test108	City Rank4	城市4档		
2515	15	test109	City Rank5	城市5档		
2516	15	test110	City Rank6	城市6档		
2517	15	test111	City Rank7	城市7档		
2518	15	test112	City Rank8	城市8档		
2519	15	test113	City Rank9	城市9档		
2520	15	test114	City Rank10	城市10档		
2521	15	test115	Country Rank1	国家1档		
2522	15	test116	Country Rank2	国家2档		
2523	15	test117	Country Rank3	国家3档		
2524	15	test118	Country Rank4	国家4档		
2525	15	test119	Country Rank5	国家5档		
2526	15	test120	Country Rank6	国家6档		
2527	15	test121	Country Rank7	国家7档		
2528	15	test122	Country Rank8	国家8档		
2529	15	test123	Country Rank9	国家9档		
2530	15	test124	Country Rank10	国家10档		
2531	15	test125	Globe Rank1	全球1档		
2532	15	test126	Globe Rank2	全球2档		
2533	15	test127	Globe Rank3	全球3档		
2534	15	test128	Globe Rank4	全球4档		
2535	15	test129	Globe Rank5	全球5档		
2536	15	test130	Globe Rank6	全球6档		
2537	15	test131	Globe Rank7	全球7档		
2538	15	test132	Globe Rank8	全球8档		
2539	15	test133	Globe Rank9	全球9档		
2540	15	test134	Globe Rank10	全球10档		
2601	16	test135	Dance_exp	歌舞_经验		
2602	16	test136	Romance_exp	爱情_经验		
2603	16	test137	Comedy_exp	喜剧_经验		
2604	16	test138	Drama_exp	叙事_经验		
2605	16	test139	Action_exp	动作_经验		
2606	16	test140	Horror_exp	恐怖_经验		
2607	16	test141	Cartoon_exp	动画_经验		
2608	16	test142	Suspense _exp	悬疑_经验		
