﻿int	string
名称id	名称
id	text
1000	Aaron
1001	Abel
1002	Abraham
1003	Adam
1004	Adrian
1005	Aidan
1006	Alva
1007	Alex
1008	Alan
1009	Eilian
1010	Albert
1011	Alfred
1012	Andrew
1013	Andy
1014	Angus
1015	Anthony
1016	Apollo
1017	Arnold
1018	Arthur
1019	August
1020	Austin
1021	Ben
1022	Benjamin
1023	Bert
1024	Benson
1025	Bill
1026	Billy
1027	Blake
1028	Bob
1029	Bobby
1030	Brad
1031	Brandon
1032	Brant
1033	Brent
1034	Brian
1035	Brown
1036	Bruce
1037	Caleb
1038	Cameron
1039	Carl
1040	Carlos
1041	Cary
1042	Caspar
1043	Cecil
1044	Charles
1045	Cheney
1046	Chris
1047	Clark
1048	Cliff
1049	Cody
1050	Cole
1051	Colin
1052	Cosmo
1053	Daniel
1054	Denny
1055	Darwin
1056	David
1057	Dennis
1058	Derek
1059	Donald
1060	Douglas
1061	Duke
1062	Dylan
1063	Edgar
1064	Edison
1065	Edmund
1066	Edward
1067	Edwin
1068	Elijah
1069	Elliott
1070	Elvis
1071	Eric
1072	Eugene
1073	Evan
1074	Ford
1075	Francis
1076	Frank
1077	Franklin
1078	Fred
1079	Gabriel
1080	Gaby
1081	Garfield
1082	Gary
1083	Gavin
1084	Geoffrey
1085	George
1086	Gino
1087	Glen
1088	Glendon
1089	Hank
1090	Hardy
1091	Harris
1092	Harry
1093	Hayden
1094	Henry
1095	Hilton
1096	Hugo
1097	Hunk
1098	Howard
1099	Henry
1100	Ian
1101	Ignativs
1102	Ivan
1103	Is
1104	Isaiah
1105	Jack
1106	Jackson
1107	Jacob
1108	James
1109	Jay
1110	Jeffery
1111	Jerome
1112	Jerryme
1113	Jesse
1114	Jim
1115	Jimmy
1116	Joe
1117	John
1118	Johnny
1119	Jordan
1120	Joseph
1121	Joshua
1122	Justin
1123	Keith
1124	Ken
1125	Kenneth
1126	Kenny
1127	Kyle
1128	Lance
1129	Larry
1130	Kevin
1131	Laurent
1132	Lawrence
1133	Leander
1134	Lee
1135	Leoold
1136	Leonard
1137	Leopold
1138	Leslie
1139	Loren
1140	Lori
1141	Lorin
1142	Louis
1143	Luke
1144	Marcus
1145	Marcy
1146	Mark
1147	Marks
1148	Mars
1149	Marshal
1150	Martin
1151	Marvin
1152	Mason
1153	Matthew
1154	Max
1155	Michael
1156	Mickey
1157	Mike
1158	Nathan
1159	Neil
1160	Nelson
1161	Nicholas
1162	Nick
1163	Noah
1164	Norman
1165	Oliver
1166	Oscar
1167	Owen
1168	Patrick
1169	Paul
1170	Peter
1171	Philip
1172	Phoebe
1173	Quentin
1174	Randall
1175	Randolph
1176	Randy
1177	Ray
1178	Raymond
1179	Reed
1180	Rex
1181	Richard
1182	Richie
1183	Robert
1184	Robin
1185	Robinson
1186	Rock
1187	Roger
1188	Ronald
1189	Rowan
1190	Roy
1191	Ryan
1192	Sam
1193	Sammy
1194	Samuel
1195	Scott
1196	Sean
1197	Sidney
1198	Simon
1199	Solomon
1200	Spark
1201	Spencer
1202	Spike
1203	Stanley
1204	Steve
1205	Steven
1206	Stewart
1207	Stuart
1208	Terence
1209	Ted
1210	Thomas
1211	Tim
1212	Timothy
1213	Todd
1214	Tommy
1215	Thomas
1216	Tony
1217	Tyler
1218	Ultraman
1219	Ulysses
1220	Van
1221	Vern
1222	Vernon
1223	Victor
1224	Vincent
1225	Warner
1226	Warren
1227	Wayne
1228	Wesley
1229	William
1230	Willy
1231	Zack
1232	Zachary
1233	Abigail
1234	Abby
1235	Ada
1236	Adelaide
1237	Adeline
1238	Ailsa
1239	Aimee
1240	Alexis
1241	Alice
1242	Alicia
1243	Alina
1244	Allison
1245	Alys
1246	Amanda
1247	Amy
1248	Amber
1249	Anastas
1250	Angel
1251	Angela
1252	Angelia
1253	Angelina
1254	AnnAnna
1255	Anne
1256	Annie
1257	Anita
1258	April
1259	Ashley
1260	Aviva
1261	Barbara
1262	Barbie
1263	Beata
1264	Beatrice
1265	Beatrix
1266	Becky
1267	Bette
1268	Betty
1269	Bonnie
1270	Brenda
1271	Brendan
1272	Brianna
1273	Britney
1274	Brittany
1275	Camille
1276	Candice
1277	Candy
1278	Carina
1279	Carmen
1280	Carol
1281	Caroline
1282	Carry
1283	Carrie
1284	Caroline
1285	Charlene
1286	Cherry
1287	Cheryl
1288	Chris
1289	Christy
1290	Claire
1291	Claudia
1292	Clement
1293	Cloris
1294	Connie
1295	Cora
1296	Corrine
1297	Crystal
1298	Krystal
1299	Daisy
1300	Daphne
1301	Darcy
1302	Dave
1303	Debbie
1304	Debra
1305	Demi
1306	Diana
1307	Dolores
1308	Donna
1309	Dora
1310	Doris
1311	Edith
1312	Editha
1313	Elaine
1314	Eleanor
1315	Ella
1316	Ellen
1317	Ellie
1318	Emily
1319	Emma
1320	Enid
1321	Elsa
1322	Esther
1323	Eudora
1324	Eva
1325	Eve
1326	Evelyn
1327	Fannie
1328	Frances
1329	Fay
1330	Fiona
1331	Flora
1332	Florence
1333	Frances
1334	Frieda
1335	Flta
1336	Gina
1337	Gillian
1338	Grace
1339	Grace
1340	Greta
1341	Hannah
1342	Haley
1343	Hebe
1344	Helena
1345	Hellen
1346	Henna
1347	Heidi
1348	Hillary
1349	Is
1350	Is
1351	Irene
1352	Iris
1353	Ivy
1354	Jade
1355	Jamie
1356	Janet
1357	Jasmine
1358	Jean
1359	Jennifer
1360	Jenny
1361	Jessica
1362	Jill
1363	Joan
1364	Jocelyn
1365	Joliet
1366	Josie
1367	Joy
1368	Joyce
1369	Judy
1370	Julia
1371	Juliana
1372	Julie
1373	June
1374	Karen
1375	Kay
1376	Kelly
1377	Kelsey
1378	Kimberly
1379	Kitty
1380	Laysie
1381	Laura
1382	Lena
1383	Lydia
1384	Lillian
1385	Lily
1386	Linda
1387	lindsay
1388	Lisa
1389	Louisa
1390	Louise
1391	Lucia
1392	Lucy
1393	Lucine
1394	Lulu
1395	Lynn
1396	Mabel
1397	Madeline
1398	Maggie
1399	Mandy
1400	Margaret
1401	Mariah
1402	Marilyn
1403	Mavis
1404	Mary
1405	Matilda
1406	Maureen
1407	Mavis
1408	Maxine
1409	May
1410	Maym
1411	Megan
1412	Melinda
1413	Melissa
1414	Melody
1415	Mercedes
1416	Meredith
1417	Mia
1418	Michelle
1419	Miranda
1420	Miriam
1421	Miya
1422	Molly
1423	Monica
1424	Morgan
1425	Nancy
1426	Natalie
1427	Natasha
1428	natascha
1429	Nicole
1430	Nikita
1431	Nina
1432	Nora
1433	Norma
1434	Nydia
1435	Octavia
1436	Olina
1437	Olivia
1438	Ophelia
1439	Oprah
1440	Pamela
1441	Patricia
1442	Pattyha
1443	Paula
1444	Pauline
1445	Pearl
1446	Peggy
1447	Phoebe
1448	Phyllis
1449	Polly
1450	Quentina
1451	Rebecca
1452	Regina
1453	Rita
1454	Rose
1455	Roxanne
1456	Ruth
1457	Sabrina
1458	Sally
1459	Sandra
1460	Sami
1461	Sandra
1462	Sandy
1463	Sarah
1464	Savannah
1465	Scarlett
1466	Selma
1467	Selina
1468	Serena
1469	Sharon
1470	Sheila
1471	Sherry
1472	Shirley
1473	Sierra
1474	Silvia
1475	Sonia
1476	Sophia
1477	Stacy
1478	Sue
1479	Sunny
1480	Susan
1481	Tamara
1482	Tammy
1483	Teresa
1484	Tess
1485	Tina
1486	Tonya
1487	Tracy
1488	Ursula
1489	Vanessa
1490	Venus
1491	Vera
1492	Vicky
1493	Victoria
1494	Violet
1495	Virginia
1496	Vita
1497	Vi
1498	Wanda
1499	Wendy
1500	Whitney
1501	Wynne
1502	Winnie
1503	Yolanda
1504	Yvette
1505	Yvonne
1506	Zara
1507	Zelda
