﻿int	string	int[]	DTItemNum[]	DTItemNum[]
id	名称	排名	周一至周六奖励	周日奖励
id	name	rank	normal_reward	spec_reward
1	服务器第1	1;1	1:60	1:500
2	服务器第2	2;2	1:57	1:450
3	服务器第3	3;3	1:54	1:400
4	服务器第4	4;4	1:51	1:350
5	服务器第5	5;5	1:48	1:300
6	服务器第6至10	6;10	1:40	1:250
7	服务器第11至20	11;20	1:35	1:200
8	服务器第21至50	21;50	1:25	1:150
9	服务器第51至100	51;100	1:15	1:100
10	服务器第101至200	101;200	1:10	1:80
11	服务器201至500	201;500	1:5	1:50
