﻿int	string	int	int	int	int[]	int[]	DTItemNum
id	名称	品级	头像	进阶能力	特殊擅长	特殊擅长等级	雇佣消耗
id	zh_cn_name	quality	head	advanced_ability	special_skill	skill_level	employee_cost
1001	特浪谱	1301	1	1601	1701	1	1:100
1002	西门吹水	1302	2	1602	1702	1	1:100
1003	糙糙	1302	3	1603	1703	1	1:100
1004	马克吐槽	1302	4	1604	1704	1	1:100
1005	汤姆二世	1302	5	1605	1705	1	1:100
1006	莎士比牙	1303	6	1601	1706;1701	1;1	1:100
1007	大众马	1303	7	1602	1707	1	1:100
