﻿int	string	string	string
提示ID	key	所属模块	提示内容-中文
id	key	module	zh_cn_notice
-1	ERROR_OP	服务器引擎	重复操作
0	ERROR_OK	服务器引擎	没问题
1	ERROR_UNKNOWN	服务器引擎	未知错误
2	ERROR_CONFIG_DATA_NO_EXIST	服务器引擎	网络出了点小问题
3	ERROR_GAMEINFO_NO_EXIST	服务器引擎	您的网络有点小状况
4	ERROR_GAME_PLAYERLV_NO_ENOUGH	服务器引擎	玩家等级不足
5	ERROR_GAME_VIP_NO_ENOUGH	服务器引擎	玩家VIP等级不足
6	ERROR_FUNCTION_NOT_OPEN	服务器引擎	功能未开启
7	ERROR_TOO_MUCH_OPT	服务器引擎	重复操作
8	ERROR_GAME_STALL_LEVEL_NO	服务器引擎	玩家街区档位不足
9	ERROR_PASSWORD	服务器引擎	密码错误
10	ERROR_NOT_REGIST	服务器引擎	账号未注册
11	ERROR_SAME_NAME	服务器引擎	账号重名
1000	ERROR_INTERNAL_ERROR	玩家数据	网络开小差了！
1001	ERROR_UNIMPLEMENTED	玩家数据	未生效
1002	ERROR_NOT_FIND_UUID	玩家数据	哦，糟糕的网络！
1003	ERROR_GAME_STATE_ERROR	玩家数据	网络连接不太好
2001	ERROR_ERROR_INVALID_STAGE_ID	任务	找不到任务
2101	ERROR_INVALID_ITEM_ID	物品	无效的物品
2102	ERROR_ITEM_CANNOT_SELL	物品	该物品无法出售
2103	ERROR_ITEM_NOT_ENOUGH	物品	物品不足
2104	ERROR_ITEM_CANNOT_COMPOUND	物品	物品不能合成
2105	ERROR_ITEM_CANNOT_COMPOUND_ACTOR	物品	物品不能合成艺人
2106	ERROR_ITEM_CANNOT_USE	物品	该物品无法使用
2201	ERROR_MALL_INVALID_GOODS_ID	邮件	找不到商品
2202	ERROR_MALL_MONEY_NOT_ENOUGH	邮件	货币不足
2203	ERROR_MALL_MAX_BUY_LIMIT	邮件	已达到购买上限
2204	ERROR_MALL_CAN_NOT_BUY_NOW	邮件	当前无法购买
3002	ERROR_NOT_OPEN_PRE_FLOOR	楼层	没有开启上一层
3003	ERROR_NOT_OPEN_CUR_FLOOR	楼层	没有开启当前层
3004	ERROR_COMPANY_LEVEL_NOT_ENOUGH	楼层	公司等级不足
3005	ERROR_NOT_OCCUPY_CITY	楼层	没有占领指定城市
3006	ERROR_INVALID_CONFIG_ID	楼层	无效的房间
3007	ERROR_ROOM_ALREADY_EXIST	楼层	房间已经存在
3008	ERROR_ROOM_NOT_EXIST	楼层	房间不存在
3009	ERROR_PRE_ROOM_NOT_OPEN	楼层	前置建筑没有开启
3010	ERROR_NOT_HAVE_THIS_ROOM_TYPE	楼层	没有这个房间类型
3011	ERROR_ROOM_ALREADY_MAX_LEVEL	楼层	房间已经达到最大等级
3012	ERROR_ACTOR_NUM_REACH_LIMIT	艺人	艺人数量达到上限
3013	ERROR_HIDE_ACTOR_NUM_REACH_LIMIT	艺人	雪藏的艺人数量达到上限
3014	ERROR_NOSE_INFO_CD_COOLING_TIME	艺人	查探CD冷却时间
3015	ERROR_NOSE_INFO_COUNT_LIMIT	艺人	查探次数限制
3016	ERROR_NOT_HAVE_THIS_ACTOR	艺人	没有这个艺人
3017	ERROR_NOT_FIND_THIS_ACTOR	艺人	没有发现这个艺人
3018	ERROR_THIS_ACTOR_ALREADY_OVERDUE	艺人	这个艺人已经过期
3020	ERROR_MAX_LEVEL_LIMIT	艺人	最大等级限制
3021	ERROR_GIVE_ASSETS_COUNT_LIMIT	艺人	赠送资产次数限制
3022	ERROR_GIVE_ASSETS_LEVEL_NOT_CONFORM	艺人	赠送资产等级不匹配
3023	ERROR_GIVE_ASSETS_ITEM_NUM_LIMIT	艺人	赠送资产数量限制
3024	ERROR_ACTOR_ALREADY_HIDE	艺人	艺人已经被雪藏
3025	ERROR_NOT_HAVE_THIS_SKILL	艺人	没有这个技能
3026	ERROR_SKILL_NOT_ACTIVATE	艺人	技能没有激活
3027	ERROR_EXP_NOT_ENOUGH	艺人	经验不足
3028	ERROR_STAMINA_NOT_ENOUGH	艺人	体力不足
3029	ERROR_TRAIN_COUNT_LIMIT	艺人	培养次数限制
3030	ERROR_NAME_NOT_LEGAL	艺人	名字不合法
4001	ERROR_RENAME_LENGTH	重命名	名字长度过长
4002	ERROR_RENAME_NUMBER	重命名	名字不能是数字
4003	ERROR_RENAME_BLANK	重命名	名字不能有空格
4004	ERROR_RENAME_COMMON	重命名	改名字新旧名字相同
4006	ERROR_RENAME_SAME	重命名	该名字已被注册
4101	ERROR_PORTRAIT_NOT_ENOUGH	头像	解锁头像扣除资源不足
4102	ERROR_PORTRAIT_LOCK	头像	头像未解锁不能更换
4103	ERROR_PORTRAIT_EXIT	头像	头像不存在
4104	ERROR_PORTRAIT_SEX_ERR	头像	头像性别不对
4105	ERROR_PORTRAIT_HAD_BUY	头像	头像已经购买
4201	ERROR_STORY_FIND_TIME_NOT	剧本	剧本搜罗次数不足
4202	ERROR_STORY_FIND_TIMES_NOT	剧本	剧本搜罗时间未到
4203	ERROR_STORY_NO_ENOUGH	剧本	剧本消耗资源不足
4204	ERROR_STORY_RANDOM_NOT	剧本	随机不到剧本
4205	ERROR_STORY_NO_FIND	剧本	找不到该剧本
4206	ERROR_STORY_STAGE_LEVEL_NO	剧本	街区等级不足
4207	ERROR_STORY_FIND_SUIT_NO	剧本	找不到剧本组
4208	ERROR_STORY_REWARD_NO	剧本	未达成条件或者已经领取
4301	ERROR_CITY_SET_PRO_NO_REQUIRE	市场	宣传代言人不满足要求
4302	ERROR_CITY_NO_FIND_CITY_CONFIG	市场	没找到该城市的资料
4303	ERROR_CITY_PRO_PROGRESS_ENOUGH	市场	该街道的宣传进度满了
4304	ERROR_CITY_PRO_PROGRESS_NO_ENOUGH	市场	该城市的宣传进度未满
4305	ERROR_CITY_ROAD_SHOW_FAIL	市场	路演失败
4306	ERROR_CITY_ROAD_SHOW_NO_ENOUGH	市场	该城市街区未全部宣传完成
4308	ERROR_CITY_NO_FIND	市场	未发现该城市的信息
4309	ERROR_CITY_NO_FIND_GAME_INFO	市场	未发现玩家资料
4310	ERROR_CITY_POS_ERR	市场	设置艺人位置错误
4311	ERROR_CITY_VIP_NO_ENOUGH	市场	vip等级不足
4312	ERROR_CITY_ACTOR_NO_ENOUGH	市场	该艺人条件不满足
4313	ERROR_CITY_NO_SET_CITY	市场	未设置总部不能领取奖励
4314	ERROR_CITY_NO_LOCK	市场	前置城市未解锁
4315	ERROR_CITY_BUILD_EFFECT_CONFIG_ERR	市场	建筑出了一点问题
4401	ERROR_MOVIE_NO_EXIT	电影	不存在该电影的资料
4501	ERROR_MANAGEORDER_NO_EXIT	订单	不存在该订单的资料
4502	ERROR_MANAGEORDER_CONFIG_NOT_ENOUGH	订单	订单资料缺失
4503	ERROR_MANAGEORDER_PUT_ITEM_UNSAFE	订单	放入的物品不符合要求
4504	ERROR_MANAGEORDER_HAD_PUT	订单	重复放入物品
4505	ERROR_MANAGEORDER_PUT_NOT_ENOUGH	订单	放入的物品不足
4506	ERROR_MANAGEORDER_OVERDUE	订单	该订单已经过期
4507	ERROR_MANAGEORDER_HAD_DEL	订单	该订单已经删除
4601	ERROR_MANAGEPRO_HAD	生产	该生产线已经解锁过
4602	ERROR_MANAGEPRO_PRE_LOCK	生产	前置生产线未解锁
4603	ERROR_MANAGEPRO_BUILD_LOCK	生产	建筑等级不满足要求
4604	ERROR_MANAGEPRO_DATA_NO_EXIST	生产	找不到该生产线的资料
4605	ERROR_MANAGEPRO_HAD_MAX	生产	生产达到上限
4606	ERROR_MANAGEPRO_MAX_LINE	生产	该生产线达到上限了
4607	ERROR_MANAGEPRO_NO_ITEM	生产	该生产线物品还未生产出来
4608	ERROR_MANAGEPRO_NO_LV	生产	该生产线不能升级
4609	ERROR_MANAGEPRO_NO_SKILL	生产	该技能不存在
4610	ERROR_MANAGEPRO_MAX_SKILL	生产	该技能已经达到最大等级
4611	ERROR_MANAGEPRO_NO_SEND_ACT	生产	该生产线不能派艺人
4612	ERROR_MANAGEPRO_ACT_NO_REQUIRE	生产	该艺人不符合要求
4613	ERROR_MANAGEPRO_NO_PRODUCE	生产	该生产线上没有生产物品
4614	ERROR_MANAGEPRO_BOX_FULL	生产	仓库满
4615	ERROR_MANAGEPRO_ACT_BUSY	生产	艺人繁忙
4701	ERROR_MANAGEBUSI_DATA_NO_EXIST	公务	找不到该公务的资料
4702	ERROR_MANAGEBUSI_TIME_NO_ENOUGH	公务	公务时间不足刷新
4801	ERROR_MANAGEVIS_DATA_NO_EXIST	探班	找不到该次探班的资料
4802	ERROR_MANAGEVIS_NO_END	探班	上次探班还没结束
4803	ERROR_MANAGEVIS_CD	探班	冷却中
4804	ERROR_MANAGEVIS_NO_START	探班	还未开始探班
4805	ERROR_MANAGEVIS_OVERDUE	探班	过期
4901	ERROR_PROBOX_DATA_NO_EXIST	进度宝箱	宝箱不存在
4902	ERROR_PROBOX_HAD_GET	进度宝箱	已经领取过
4903	ERROR_PROBOX_PRO_ERR	进度宝箱	进度未达到
5001	ERROR_GIFT_USER_CAN_NOT_USE	兑换码	该兑换码制定用户可用
5002	ERROR_GIFT_NOT_FOUND	兑换码	找不到该兑换码
5003	ERROR_GIFT_NOT_IN_TIME	兑换码	该兑换码不在使用期限内
5004	ERROR_GIFT_SERVER_ERROR	兑换码	服务器错误
5005	ERROR_GIFT_USED	兑换码	已使用
5101	ERROR_MANAMEET_HAD_MARKUP	会议	已经加价过
5102	ERROR_MANAMEET_TIME_NO_ENOUGH	会议	时间未到
5201	ERROR_SEVENADUP_DATA_NO_EXIST	七日签到	找不到七日签到的资料
5202	ERROR_SEVENADUP_OVERDUE	七日签到	过期
5203	ERROR_SEVENADUP_HAD_GET	七日签到	已经获取过
5301	ERROR_SECRETARY_DATA_NO_EXIST	秘书	你的秘书资料丢失
5302	ERROR_SECRETARY_NOT_POWER	秘书	还未拥有秘书权利
5303	ERROR_SECRETARY_HAD_GET	秘书	已经领取过
5304	ERROR_SECRETARY_MOVIE_NO_GET	秘书	申请的领取许可证未领取
5305	ERROR_SECRETARY_MOVIE_APPLY_MAX	秘书	当日申请达到上限
5306	ERROR_SECRETARY_MOVIE_APPLY_NO	秘书	请先申请
5501	ERROR_COOPERATE_WEEKTIMES_LIMIT	合作	每周合作次数达到上限
5502	ERROR_COOPERATE_REQUIRE_TOO_OFFEN	合作	请求太频繁
5503	ERROR_COOPERATE_SAME	合作	自己不能合作自己
5504	ERROR_COOPERATE_HAD_FRIEND	合作	已经有合作对象了
5505	ERROR_COOPERATE_OTHER_HAD_FRIEND	合作	对方已经有合作对象了
5506	ERROR_COOPERATE_DATA_NO_EXIST	合作	找不到此次合作的资料
5507	ERROR_COOPERATE_NO_APPLYS	合作	不在申请列表中
5508	ERROR_COOPERATE_APPLY_REWARD	合作	不能领取奖励
5509	ERROR_COOPERATE_TASK_DATA_NO_EXIST	合作	找不到合作任务的资料
5510	ERROR_COOPERATE_TASK_NO_EXIST	合作	该合作任务不存在
5511	ERROR_COOPERATE_TASK_DATA_UPDATE	合作	合作任务隔日更新
5512	ERROR_COOPERATE_STAR_TASK_NO_FINISH	合作	上个星级任务还有未完成的
5513	ERROR_COOPERATE_NO_TIME	合作	次数不足
5514	ERROR_COOPERATE_HADAPPLY	合作	已经在该玩家申请列表里了
5515	ERROR_COOPERATE_NO_AUTO	合作	还没有公开邀请
