﻿int	string	int	DTItemNum[]	int	string
id	名称	需求玩家等级	奖励	后续礼包	海报
id	zh_cn_name	player_level	reward	next_id	image
1001	20级礼包	20	2:100000;6:5000;8001:500	1002	LevelPackage
1002	30级礼包	30	2:300000;6:5000;5007:10	1003	LevelPackage
1003	40级礼包	40	2:500000;6:10000;8001:500	1004	LevelPackage
1004	50级礼包	50	2:1000000;9001:100;8001:500	1005	LevelPackage
1005	60级礼包	60	2:2000000;9002:100;7901:10	1006	LevelPackage
1006	70级礼包	70	2:3000000;9003:100;7901:10	1007	LevelPackage
1007	80级礼包	80	2:5000000;9004:100;5012:20	0	LevelPackage
