﻿int	string	string	int	int	bool	string
id	key	功能名称	功能图标	默认状态（0：关闭，1：开启，2：弹窗标记）	功能开关（游戏中此功能是否生效）（0：不生效，1：生效）	弹窗
id	key	zh_cn_name	icon	default	switch	popup
1	music_switch	音乐	5101	1	1	
2	soundeffect_switch	音效	5102	1	1	
3	energy_switch	省电模式	5103	0	0	
4	push_switch	通知	5104	0	0	
5	title_switch	称号	5105	0	0	
6	language_setting	切换语言	5106	2	1	language_setting
7	advice_feedback	建议反馈	5107	2	1	advice_feedback
8	gift_exchange	兑换礼包	5108	2	1	gift_exchange
