﻿int	int	string	string	string	string	int	string	string	string
id	目标次序	对话气泡	目标标题	目标票房	限定时间文本	限定时间	达成奖励	终极目标说明	确认按钮文本
id	target	zh_cn_dialog	zh_cn_title	zh_cn_targettext	zh_cn_timetext	time	zh_cn_reward	zh_cn_final	zh_cn_button
1001	1	让我们先来定个小目标吧！	本日目标1	获得票房：	限定时间：{0}小时{1}分{2}秒	7200	达成奖励：		接受挑战！
1002	2	太棒啦，让我们保持这个势头！	本日目标2	获得票房：	限定时间：{0}小时{1}分{2}秒	14400	达成奖励：		接受挑战！
1003	3	再接再厉，继续加油！	本日目标3	获得票房：	限定时间：{0}小时{1}分{2}秒	21600	达成奖励：		接受挑战！
1004	4	恭喜你~今天的票房目标已经完成啦！超棒！	您的总票房	总票房				目标虽然完成了，可不能就此止步哦~ 我们获得越多的票房，当日结算所获得的奖励也就越多。所以要继续加油喔！	我知道啦
