﻿int	string	string	string	DTlValue2[]	DTlValue2[]
提示ID	key	提示说明	提示内容-中文	参数类型映射数组	参数弹出窗口类型映射数组
id	key	info	zh_cn_notice	parameter	popup
1001	chat_5star1	获得高星艺人系统提示1	{0}星艺人{1}成功签约{2}影业，{3}电影公司的实力大增	0:3;1:4;2:1;3:1	1:1;2:2;3:2
1002	chat_5star2	获得高星星艺人系统提示2	{0}星艺人{1}成功签约{2}影业，{3}电影公司喜添一员	0:3;1:4;2:1;3:1	1:1;2:2;3:2
1003	chat_supersale	拍出高票房电影的系统提示	恭喜{0}拍摄的电影{1}在{2}好评如潮，获得{3}，可以拍摄续集	0:1;1:5;2:6;3:7	0:2;1:3
1004	chat_rename	公司改名的系统提示	{0}公司从今日起改名为{1}	0:2;1:1	1:2
1005	chat_group_established	集团成立通知	{0}公司创建了{1}集团，欢迎各公司加入	0:1;1:8	0:2;1:4
1006	chat_group_established	集团成立通知	{0} 集团正在招募新的合作伙伴！欢迎各公司前来加入！	0:8	0:4
