﻿int	int	string[]	string
随机名字id	名字类型|n|1剧本|n|2艺人	随机名称序列	策划备注（不读取）
id	type	zh_cn_names	tips
1001	1	恶棍小队;杀死纳粹;追债时间	无耻混蛋
1002	1	战地医生;战场白求恩;一个医疗兵的故事	血战钢锯岭
1003	1	猛汉当自强;自杀小分队;老兵永不凋零	敢死队
1004	1	武器之王;如何众叛亲离;没有硝烟的战场	战争之王
1005	1	生存名单;工厂避难所;暴风营救	辛德勒名单
1006	1	救援行动;寻找大兵;归家之途	拯救大兵瑞恩
1007	1	漫长的战争;大撤退;返乡	敦刻尔克
1008	1	历战之马;少年与马;人马殊途	战马
1009	1	山之涯;战乱有情天;漫长的等待	冷山
1010	1	生死狙击;狙击精英;生死对决	兵临城下
1011	1	孤单的旅程;漫长的休息;他比烟花寂寞	比利林恩的中场战事
1012	1	空袭;全军出击;战争之日	珍珠港
1013	1	与龙共舞;恐龙乐园;侏罗纪大陆	侏罗纪世界
1014	1	致命列车;尸速80迈;丧尸满车	釜山行
1015	1	以你之名呼唤我;深海之心;梦之船	泰坦尼克号
1016	1	穿越迷雾;雾霾天;直到最后一秒	迷雾
1017	1	安全着陆;英雄机长;高空奇迹	萨利机长
1018	1	全城恐慌;远离水域;铁线虫危机	铁线虫入侵
1019	1	我们是猎人;高墙之下;泰坦陨落	进击的巨人
1020	1	直到黎明;X病毒;传奇生还者	我是传奇
1021	1	一线鲨机;巨齿;致命深海	大白鲨
1022	1	太空异兽;致命路过;死亡巢穴	异形
1023	1	人性大战尸性;僵尸大战;丧尸默示录	僵尸世界大战
1024	1	冰天雪地;雪国革命;暴雪之下	雪国列车
1025	1	森林小屋;危机四伏;献祭游戏	林中小屋
1026	1	未来时代;齿轮视界;永无止境	摩登时代
1027	1	橱窗早餐;一个女孩与她的猫;蒂凡尼的下午茶	蒂凡尼早餐
1028	1	仲夏夜之痒;休息时间;非分之想	七年之痒
1029	1	通俗小说;奇妙故事集;交织的世界线	低俗小说
1030	1	爱的代价;魂断红坊;红玫瑰	红磨坊
1031	1	一舞定情;音符之城;愚者与梦想家	爱乐之城
1032	1	假婚真爱;你愿意吗？;好想大声说爱你	假结婚
1033	1	男孩遇见女孩;转角遇见你;伦敦之恋	诺丁山
1034	1	这个司机很朋克;出租车的故事;英雄，老兵与司机	出租车司机
1035	1	宅男正传;聪明即性感;我的室友是天才	生活大爆炸
1036	1	山顶之约;禁断罗曼史;思念满山	断背山
1037	1	初吻50次;无法忘记的恋情;一日之爱	初恋50次
1038	1	我最好的朋友;狗狗有真情;忠犬物语	忠犬八公
1039	1	大魔王与小白兔;勇敢的她;向前一步	卡罗尔
1040	1	漂亮女人;全场最美;麻雀变身记	风月俏佳人
1041	1	活出我风采;前无仅有;最后的抉择	遇见你之前
1042	1	一夜致富;从纸醉金迷到一文不值;金融之狼	华尔街之狼
1043	1	破碎之心;黑色之舞;最后的芭蕾	黑天鹅
1044	1	信女的故事;红与白;我们不再沉默	使女的故事
1045	1	人形工具箱;瑞士军刀伙伴;搁浅	瑞士军刀男
1046	1	魔力之戒;万王之王;寻戒之旅	指环王
1047	1	大难不死的孩子;继承者;宿敌	哈利波特
1048	1	多米诺效应;蝴蝶风暴;振翅效应	蝴蝶效应
1049	1	为你年轻;回到青春期;我的青春恋爱物语	重返17岁
1050	1	圣剑传说;天选之王;圆桌传奇	亚瑟王：斗兽争霸
1051	1	危险拥抱;剪刀奇缘;人造人之恋	剪刀手爱德华
1052	1	倒序人生;岁月长河;人生中点站	本杰明巴顿奇事
1053	1	刃之边缘;吸血鬼猎人传奇;赤色刀锋	刀锋战士
1054	1	君之名;穿越时空的爱恋;在时间的中心呼唤爱	你的名字
1055	1	血色黎明;血源觉醒;血库告急	嗜血破晓
1056	1	羊角迷宫;公主奇遇记;三个试炼	潘神的迷宫
1057	1	女巫之月;女巫时节;魔法季节	女巫季节
1058	1	动物世界;艾丽娅不能死;王权之争	权力的游戏
1059	1	驯龙手册;黑龙喂养指南;如何驯服你的第一头龙	驯龙高手
1060	1	玩具物语;玩具奇兵;奇幻大冒险	玩具总动员
1061	1	迷路的小鱼;游向故乡;海底寻亲记	海底总动员
1062	1	竞速传说;闪电麦克;赛车物语	赛车总动员
1063	1	饥荒游戏;孤岛求生;弓兵的运气总不会太差	饥饿游戏
1064	1	飞屋历险;气球之家;远走高飞	飞屋环游记
1065	1	雀湾传奇;盗亦有道;启航！	加勒比海盗
1066	1	人生如戏;真实真人秀;这是我的人生	楚门的世界
1067	1	晴雨伞科技;丧尸危机;生化迷云	生化危机
1068	1	反派英雄;英雄亦凡人;贱侠奇缘	死侍
1069	1	受诅咒的法老;埃及惊魂;木乃伊之怒	木乃伊
1070	1	篝火之夜;一个面具怪人决定去死;刺杀哈特勒	V字仇杀队
1071	1	兄弟会信条;信仰之跃;一个苹果引发的血案	刺客信条
1072	1	奇幻音乐节;墨西哥狂欢夜;我和我的吉他	寻梦环游记
1073	1	蹦蹦警探;动物小镇;动物乌托邦	疯狂动物城
1074	1	倾城之恋;小岛丽影;未忘她名	西西里的美丽传说
1075	1	时尚女魔头;穿普拉达的恶魔上司;返璞归真	穿Prada的恶魔
1076	1	黑板上的谜题;骄阳似你;祝你好运，我的朋友	心灵捕手
1077	1	越狱;铁窗内的救赎;地下三尺是自由	肖申克的救赎
1078	1	灰烬重生;她和他;一个人的千军万马	她
1079	1	船长，我的船长;我的良师;诗社联盟	死亡诗社
1080	1	追求卓越;大智若愚;三个笨蛋	三傻大闹宝莱坞
1081	1	凡人终有一死;向死而生;抗症的我	达拉斯买家俱乐部
1082	1	拳击巾帼;冠军宝贝;击出我人生	百万美元宝贝
1083	1	奔跑吧阿福;阿福正传;阿福快跑	阿甘正传
1084	1	追寻幸福;快乐彼岸;寻找幸福之旅	当幸福来敲门
1085	1	皇室演讲;国王是如何炼成的;演讲训练	国王的演讲
1086	1	成为第一名;不计付出;我不是天才	叫我第一名
1087	1	贫民窟的人生;百万问答;一问定情	贫民窟的百万富翁
1088	1	化身为人;克隆人大逃亡;小岛疑云	逃出克隆岛
1089	1	叛逆小队;英雄非正义;不良特遣队	自杀小队
1090	1	布鲁克博士的奇幻冒险;绿巨侠;坏脾气的我	绿巨人
1091	1	漫长的沉眠;北美队长;变种奇兵	美国队长
1092	1	超能英雄;铁罐侠;钢铁之躯	钢铁侠
1093	1	铁血战士;机械刺客;终结号	终结者
1094	1	蓝星传奇;为了部落;保卫潘多拉	阿凡达
1095	1	遥远银河中;星际大战;太空争霸	星球大战
1096	1	星际探索;太空迷航;银河穿越	星际迷航
1097	1	人类补正计划;我命由我;永不言弃	千钧一发
1098	1	魔幻西部;西部空间;牛仔大战外星人	牛仔和外星人
1099	1	玩家一号;寻找阿瓦隆;彩蛋游戏	头号玩家
1100	1	生命倒计时;神秘代码;玻璃门的选择	源代码
1101	1	超级骇客;回到现实;药不能停	黑客帝国
1102	1	我在火星当农民;星际救援;火星求生	火星救援
1103	1	车形物语;钢筋铁臂;汽车人大闹地球	变形金刚
1104	1	使徒来袭;创造奇迹的少年;新世纪地球防卫战	EVA
1105	1	老爸老妈相遇史;回归未来;修复过去	回到未来
1106	1	赛博行动;电子叛乱;致命智能	我，机器人
1107	1	时光煮雨;机器人会数羊入睡吗？;自由之魂	银翼杀手
1108	1	太空漫游指南;太空导游手册;环游银河系80天	银河系漫游指南
1109	1	真假游戏;游戏终结者;这是我的战争	安德的游戏
1110	1	自由的呐喊;苏格兰300勇士;勇士已死，自由长存	勇敢的心
1111	1	为爱孤独;单身日记;钟情一生	成为简·奥斯汀
1112	1	凯撒覆灭;艳后传奇;埃及假日	埃及艳后
1113	1	亨利八世传;他改变了英国;欲戴王冠	都铎王朝
1114	1	艺伎自传;小百合回忆录;京都烟云	艺伎回忆录
1115	1	女帝正史;错负的爱;无字丰碑	武则天
1116	1	最后的钟声;人不可貌相;巴黎往事	巴黎圣母院
1117	1	自尊与偏见;人生若只如初见;乡村爱情故事	傲慢与偏见
1118	1	女孩与珍珠;珠玉情挑;半生缘	戴珍珠耳环的少女
1119	1	春心荡漾;威尼斯秘史;寻找真爱之旅	卡萨诺瓦
1120	1	安与玛丽;替身女孩;致命宫闱	另一个波琳家的女孩
1121	1	愤怒之路;沙漠大镖客;一往无前	疯狂的麦克斯
1122	1	温柔的杀手;狙击枪与小猪布偶;我心之形	这个杀手不太冷
1123	1	民风淳朴高湖市;夜鹰侠;黑夜传说	蝙蝠侠：黑暗骑士
1124	1	杀戮之王;京都圣战;百里挑一	大逃杀
1125	1	梦境空间;梦之怪盗团;偷天换梦	盗梦空间
1126	1	西西里教条;黑手党家族;无法拒绝的提议	教父
1127	1	原罪;我们都有罪;教义杀人事件	七宗罪
1128	1	闻香识人;完美香味;天赋异禀	香水
1129	1	时间就是生命;命悬一线;众生平等	时间规划局
1130	1	我与另一个我;寻找自我;拳击俱乐部	搏击俱乐部
1131	1	致命谜题;逃出生天;生存游戏	电锯惊魂
1132	1	寂静的羊羔;人外有人;无声静泣	沉默的羔羊
1133	1	门铃总停在接起前一秒;不存在的邮差;欲望号餐厅	邮差总按两次铃
1134	1	冤狱风云;身陷囹圄;越狱人生	越狱
1135	1	重燃爱火;失踪的爱人;看不见的双眼	消失的爱人
1136	1	你追我藏;猫与老鼠;双雄交锋	猫鼠游戏
1137	1	猎人之夜;无人之地;长无所依	老无所依
1138	1	黑客女孩;问题少女事件簿;龙纹身的少女	龙纹身的女孩
1139	1	洛城秘密;天使之城的黑色秘密;好警察，坏警察	洛城机密
1140	1	安静且致命;你老师永远是你老师;光头杀手	机械师
1141	1	真相隐于黑暗;星座杀手;疑犯追踪	十二宫杀手
1142	1	电话亭人质;致命来电;来电提醒	狙击电话亭
1143	1	合法屠戮;大逃杀之夜;黎明生机	人类清除计划
1144	1	大骗局;欲望之城;检方证人	美国骗局
1145	1	君子复仇;你追我赶;意大利式犯罪	偷天换日
1146	1	家族第一;极速传说;赛车小队	速度与激情
1147	1	神秘速递;司机的职业素养;使命必达	玩命速递
1148	1	北非靓影;我们拥有巴黎;有一种爱叫做放手	卡萨布兰卡
1149	1	致命伴侣;48小时战争组;为情所伤	史密斯夫妇
1150	1	王的男人;雨伞是绅士必备;无礼不立	王牌特工
1151	1	爱在卡萨布兰卡;假戏真做;你不是她	间谍同盟
1152	1	夜班执勤;危险游戏;酒店风云	夜班经理
1153	1	无名特工;不可能的任务;逆谍	碟中谍
1154	1	特工与外星人;西装特工;外星人特攻队	黑衣人
1155	1	高风险赌注;007的初恋;关键赌局	007皇家赌场
1156	1	代号：蒙娜;上古密码;历史的疑云	达芬奇密码
1157	1	我是谁？;被遗忘的身份;致命身份	谍影重重
1158	1	暗影追凶;天降灾祸;全民公敌	国家公敌
1159	1	生活就是探戈;亦真亦幻;夫妻同心	真实的谎言
1160	1	身份疑云;向北出发;东南偏南	西北偏北
1161	1	致命探访;虚假身份;一路向钱	游客
1162	1	别惹她;叛谍狂花;潜伏特工	特工绍特
2001	2	Stephen Zach;Quentin Zane;Skylar Sprock	Zachary Quinto
2002	2	Hunter Charles;Charlie Humps;Jacks Moto	Charlie Hunnam
2003	2	Patrick Jims;Jimmie Park;Shelly Boomer	Jim Parsons
2004	2	Remy Jeans;Francois Renoir;Leon Hitmanne	Jean Reno
2005	2	Yi Zhang;Zoe Li;Yochi Motosaka	Zhang Ziyi
2006	2	Arissa Hadwell;Hayley Alter;Margaret Carter	Hayley Atwell
2007	2	Hank Thompson;Tommy Hicks;Chuck Gump	Tom Hanks
2008	2	Ford Harris;Atticus Pond;James Solo	Harrison Ford
2009	2	Tim Justinlake;Joe Timberland;Justin Curlfro	Justin Timberlake
2010	2	Mikky Madson;Mikkel Moose;Hans Levture	Mads Mikkelsen
2011	2	Larry Jude;George Law;David Heiworth	Jude Law
2012	2	Chelsea Maggs;Maggie Chin;Mandy Chan	Maggie Cheung
2013	2	Violet Gong;Li Grand;Iza Bella	Gong Li
2014	2	Stan Jams;Jason States;Brad Muscles	Jason Statham
2015	2	Sammy Adams;Adam Sands;Sonny Gilmore	Adam Sandler
2016	2	Carlos Nicks;Nic Trap;Kim Supactor	Nicolas Cage
2017	2	Marlene Rooney;Rhonda Mars;Liz Tatooim	Rooney Mara
2018	2	Tao Oaks;Okie Tamoto;Mari Yadisha	Tao Okamoto
2019	2	Dave Boyd;Perry Dang;Davy Darkside	Darth Vader
2020	2	Sherry Tale;Tye Cobbson;Percival Cyclo	Tye Sheridan
2021	2	Greta Eves;Eva Blue;Ann Temesia	Eva Green
2022	2	Wolfgang Wiedermayer;Arnie Buffhead;Guy Venour	Arnold Schwarzenegger
2023	2	Charles Chipotle;Charlie Moustache;Chuck Silencio	Charlie Chaplin
2024	2	Brandon Marlin;Martin Brond;Mark Bond	Marlon Brando
2025	2	Fred Morgan;Morty Freedom;Morrie Grey	Morgan Freeman
2026	2	Mac Joy;Jimmy Avoy;Kevin Xavier	James McAvoy
2027	2	Marcela Sophiam;Sophia Marcota;Electura Queen	Sophie Marceau
2028	2	William Robins;Robbie Willis;Alvin Paddish	Robin Williams
2029	2	Gary Hughes ;Howard Gross;Daniel Pretiface	Hugh Grant
2030	2	Dora Tales;Natalie Dorms;Mary Tyreal	Natalie Dormer
2031	2	Garrett Jake;Jacob Gills;Don Dartikus	Jake Gyllenhaal
2032	2	Will Robbins;Robin Wrong;Clara Overtree	Robin Wright
2033	2	Gene Richards;Richie Gear;Rick Sappyton	Richard  Gere
2034	2	Swati Hills;Hillary Sweeney;Maggie Fitzfists	Hilary Swank
2035	2	Tak Kitano;Kit Takong;Beat Takisho	Kitano Takeshi
2036	2	Danny Kale;Caleb Dansig;Kim Dale	Daniel Kaluuya
2037	2	Pauline Sars;Sarah Pile;Lana Snows	Sarah Paulson
2038	2	Bernardo Javier;Javier Barron;Xavier Darkeyes	Javier Bardem
2039	2	Gordon Young;Yale Grondo;Seok Kim	Gong Yoo
2040	2	Hedna Ardy;Audrey Hellburn;Holly Tiffany	Audrey Hepburn
2041	2	Marissa Colt;Caroline Marillot;Billie Joan	Marion Cotillard
2042	2	Josephina Angel;Angela Belle;Angel Bigeyes	Angelina Jolie
2043	2	Orlando Bloom;Orlando Bloom;Orlando Bloom	Orlando Bloom
2044	2	Evan Chris;Christopher Eves;Steve Shield	Chris Evans
2045	2	Rick Alan;Alonzo Mick;Al O'Baddie	Alan Rickman
2046	2	Lenny Jarvis;Jimmy Lento;Jay Soserius	Jared Leto
2047	2	Conny Fifth;Francis Kale;Cole Galahado	Colin Firth
2048	2	Hiram Timbletoon;Tommy Hillings;Tom Trickster	Tom Hiddleston
2049	2	Tina Uman;Mona Thurs;Ivy Fiction	Uma Thurman
2050	2	Kaylie Nidman;Nicole Kingsley;Nicki Redlocks	Nicole Kidman
2051	2	Ed Null;Norman Edwards;Eddie Twoface	Edward Norton
2052	2	Benjamin Alters;Alfred Benz;Ban Laflack	Ben Affleck
2053	2	Timothy Robbs;Rob Timmins;Andrew Dutrain	Tim Robbins
2054	2	Anna Jenston;Jen Cranston;Rachel Friendus	Jennifer Aniston
2055	2	Belinda Sands;Sandra Bock;Grace Congenial	Sandra Bullock
2056	2	Khan Maari;Aamir Jones;Samir Doom	Aamir Khan
2057	2	Ryan Pool;Ryerye Reyrey;Van Rayholds	Ryan Reynolds
2058	2	Ludmila Kuns;Mila Swan;Karen Mills	Mila Kunis
2059	2	Vincent De Robo;Robert Nerenzia;Jim Comday	Robert De Niro
2060	2	Cooper Brad;Bradford Colt;Rocky Rabbite	Bradley Cooper
2061	2	Carl Jarvey;Jim Crazy;King Ventura	Jim Carrey
2062	2	Svetlana Milovich;Cecilia Jolwich;Millie McGunn	Milla Jovovich
2063	2	Kevin Ash;Sasha Kushner;Mikey DeCelso	Ashton Kutcher
2064	2	Lisa Miss;Mona Lisbeth;Peggy Bartlet	Elisabeth Moss
2065	2	Harry Neil Fitzpatrick;Neil Rogers;Barni Tintsern	Neil Patrick Harris
2066	2	Betty Hale;Halle Merry;Heather Jinx	Halle Berry
2067	2	Yoki Mitchells;Michelle Young;Shu Kickmaster	Michelle Yeoh
2068	2	Elton Zachs;Zach Erfen;Zacariah Boyface	Zac Efron
2069	2	Bella Mons;Monica Belle;Malina Scadoria	Monica Bellucci
2070	2	Leo DiCarp;Francesco DiNapoli;Jack Cobb	Leonardo DiCaprio
2071	2	Rodney Dans;Harry Pronter;Danny Deadman	Daniel Radcliffe
2072	2	John Dip;Jack Deep;Jack Grindle	Johnny Depp
2073	2	Danny Roberts Jr;Rober Frown Sr;Stony Tark Jr	Robert Downey Jr
2074	2	Peter Bradley;Bradford Penn;Pit Ruffryder	Brad Pitt
2075	2	Marla Mongrel;Monica Marlo;Blondie Bombshell	Marilyn Monroe
2076	2	Jen Law;Laura Jennifer;Jaylee Hungrybird	Jennifer Lawrence
2077	2	Paul Cratt;Chris Matt;Chris Realman	Chris Pratt
2078	2	Roberta Jules;Juliette Robs;Jules Pretty	Julia Roberts
2079	2	Javi Hems;Harry Charge;Thor Chrisworth	Chris Hemsworth
2080	2	Hugh Jacked;Jack Bonedaggers;Wolf Blade	Hugh Jackman
2081	2	Chris Bunt;Christian Brolin;Dep Darkman	Christian Bale
2082	2	Ryan Blonde;George Rile;Gos Rylings	Ryan Gosling
2083	2	Tom Truth;Craig Toose;Thomas Ship	Tom Cruise
2084	2	Stella Mone;Emma Rock;Emily Redrock	Emma Stone
2085	2	Wilma Eason;Hermione Watts;Emma Curls	Emma Watson
2086	2	William Smithers;Fresh Prince;Jay Agentia	Will Smith
2087	2	Ben Flounderhatch;Theodore Bimbatch;Steven Holmes	Benedict Cumberbatch
2088	2	Annie Hat;Hattie Away;Ann Brownies	Anne Hathaway
2089	2	Joan Scarson;Scarlett Andersson;Nat Darksuit	Scarlett Johansson
2090	2	Dave Matton;Matthew Dames;Jay Bornio	Matt Damon
2091	2	Greg McEwan;Evan Gregs;Abiwan Kanoti	Ewan McGregor
2092	2	Liz Tays;Taylor Lizzie;Cleo Tapata	Elizabeth Taylor
2093	2	Kylie Knight;Keira Sparrow;Liz Swaine	Keira Knightley
2094	2	Clarisse Ems;Emily Clams;Callie Leesi	Emilia Clarke
2095	2	Connor Matthews;Matthew Cohoney;Matt Lockdicus	Matthew McConaughey
2096	2	Natie Port;Patricia Nailman;Ama Queen	Natalie Portman
2097	2	Carine Law;Lily Chou;Carrie Lang	Liu Jialing
2098	2	Jack Ho;Bruce Chan;Chan Kickem	Jackie Chan
2099	2	Craig Daniels;Douglas Cringe;Jim Bomb	Daniel Craig
2100	2	Harry Toms;Tom Bard;Alfie Kray	Tom Hardy
2101	2	Teitay Lifte;Taylor Strummer;Alison Slow	Taylor Awift
2102	2	Rock Jones;Dee Rock;Stone Cookin	Dwayne Johnson
