﻿int	string	string	int	int	int	int	string
id	名称	策划备注	最小期待需求	最大期待需求	上映图片	票房加成	图片文字
id	zh_cn_name	tips	expect_req_min	expect_req_max	pic	gain_up	zh_cn_pic_word
1	泯然众片	1级期待	0	50	-1	100	我们拍{0}是为了只给公司内部员工看的吗？根本没有人知道它上映了...
2	小荷初露	2级期待	50	200	0	105	今天电影院貌似有部叫做{0}的电影首映，有不少观众去凑热闹呢！
3	拭目以待	3级期待	200	500	1	110	一直吊人胃口的{0}终于上映了，希望它能对得起观众们的期待！
4	望眼欲穿	4级期待	500	800	2	120	从筹拍阶段就吸引了不少视线的{0}终于上映了，各大影院放映厅座无虚席！
5	万人空巷	5级期待	800	-1	3	130	{0}上映首日，已经有粉丝自发组团早早在外等候入场了，现场声势浩大，万众瞩目！
