﻿int	string	string	int	int	int
id	拍摄类型名称	类型说明	奖励道具	奖励数量	图片资源
id	zh_cn_name	zh_cn_type_des	item_id	item_num	pic
2201	歌舞	儿童观众更喜爱	4013	3	6036
2202	爱情	女观众更喜爱	4014	3	6030
2203	喜剧	女观众更喜爱	4018	3	6035
2204	叙事	男观众更喜爱	4011	3	6032
2205	动作	男观众更喜爱	4016	3	6029
2206	恐怖	女观众更喜爱	4017	3	6034
2207	动画	儿童观众更喜爱	4012	3	6031
2208	悬疑	男观众更喜爱	4015	3	6033
