int	int	int	int	int	int	int	int	int	int	int	int	int	DTItemNum	int	int	int	int	int	int	int	int	int	int	int	int	int	int	int	int	int	int	int
艺人等级	1星副属性增值	1星主属性增值	2星副属性增值	2星主属性增值	3星副属性增值	3星主属性增值	4星副属性增值	4星主属性增值	5星副属性增值	5星主属性增值	6星副属性增值	6星主属性增值	艺人升级消耗	1星艺人片酬增值	2星艺人片酬增值	3星艺人片酬增值	4星艺人片酬增值	5星艺人片酬增值	6星艺人片酬增值	1星资产上限增值	2星资产上限增值	3星资产上限增值	4星资产上限增值	5星资产上限增值	6星资产上限增值	1星体力增值	2星体力增值	3星体力增值	4星体力增值	5星体力增值	6星体力增值	培养次数上限增长
id	star1_vice	star1_main	star2_vice	star2_main	star3_vice	star3_main	star4_vice	star4_main	star5_vice	star5_main	star6_vice	star6_main	cost	star1_paycheck	star2_paycheck	star3_paycheck	star4_paycheck	star5_paycheck	star6_paycheck	star1_assets	star2_assets	star3_assets	star4_assets	star5_assets	star6_assets	star1_stamina	star2_stamina	star3_stamina	star4_stamina	star5_stamina	star6_stamina	culture
1	1	2	1	3	2	4	2	5	3	6	4	8	2:260	2	3	3	4	5	6	0	0	0	0	0	0	0	0	0	0	0	0	1
2	1	2	1	3	2	4	2	5	3	7	4	8	2:510	2	2	3	4	5	6	0	0	0	0	0	0	0	0	0	0	0	0	1
3	1	3	2	4	2	4	3	6	4	8	4	9	2:760	2	3	3	4	5	6	0	0	0	0	0	0	0	0	0	0	0	0	1
4	1	3	2	4	2	5	3	6	4	8	5	10	2:1010	2	2	3	4	5	6	0	0	0	0	0	0	0	0	0	0	0	0	1
5	1	3	2	4	2	5	3	7	4	9	5	11	2:1270	4	5	6	8	10	12	0	0	0	0	0	0	0	0	0	0	0	0	1
6	1	3	2	4	2	5	3	7	4	9	5	11	2:1520	4	5	6	8	10	12	0	0	0	0	0	0	0	0	0	0	0	0	1
7	2	4	2	5	3	6	4	8	5	10	6	12	2:1770	4	5	6	8	10	12	0	0	0	0	0	0	0	0	0	0	0	0	1
8	2	4	2	5	3	6	4	8	5	11	6	13	2:2020	4	5	6	8	10	12	0	0	0	0	0	0	0	0	0	0	0	0	1
9	2	4	2	5	3	7	4	9	5	11	7	14	2:2280	4	5	6	8	10	12	50	100	150	200	250	300	10	10	10	10	10	10	1
10	2	4	3	6	3	7	4	9	6	12	7	14	2:2530	6	8	9	12	15	18	0	0	0	0	0	0	0	0	0	0	0	0	1
11	2	5	3	6	3	7	5	10	6	12	7	15	2:2780	6	7	9	12	15	18	0	0	0	0	0	0	0	0	0	0	0	0	1
12	2	5	3	6	4	8	5	10	6	13	8	16	2:3030	6	8	9	12	15	18	0	0	0	0	0	0	0	0	0	0	0	0	1
13	2	5	3	7	4	8	5	11	7	14	8	17	2:3290	6	7	9	12	15	18	0	0	0	0	0	0	0	0	0	0	0	0	1
14	2	5	3	7	4	8	5	11	7	14	8	17	2:3540	6	8	9	12	15	18	0	0	0	0	0	0	0	0	0	0	0	0	1
15	3	6	3	7	4	9	6	12	7	15	9	18	2:3790	8	10	12	16	20	24	0	0	0	0	0	0	0	0	0	0	0	0	1
16	3	6	4	8	4	9	6	12	8	16	9	19	2:4040	8	10	12	16	20	24	0	0	0	0	0	0	0	0	0	0	0	0	1
17	3	6	4	8	5	10	6	13	8	16	10	20	2:4300	8	10	12	16	20	24	0	0	0	0	0	0	0	0	0	0	0	0	1
18	3	6	4	8	5	10	6	13	8	17	10	20	2:4550	8	10	12	16	20	24	0	0	0	0	0	0	0	0	0	0	0	0	1
19	3	7	4	8	5	10	7	14	8	17	10	21	2:4800	8	10	12	16	20	24	50	100	150	200	250	300	10	10	10	10	10	10	1
20	3	7	4	9	5	11	7	14	9	18	11	22	2:5050	10	12	15	20	25	30	0	0	0	0	0	0	0	0	0	0	0	0	1
21	3	7	4	9	5	11	7	15	9	19	11	22	2:5310	10	13	15	20	25	30	0	0	0	0	0	0	0	0	0	0	0	0	1
22	3	7	4	9	5	11	7	15	9	19	11	23	2:5560	10	12	15	20	25	30	0	0	0	0	0	0	0	0	0	0	0	0	1
23	4	8	5	10	6	12	8	16	10	20	12	24	2:5810	10	13	15	20	25	30	0	0	0	0	0	0	0	0	0	0	0	0	1
24	4	8	5	10	6	12	8	16	10	20	12	25	2:6060	10	12	15	20	25	30	0	0	0	0	0	0	0	0	0	0	0	0	1
25	4	8	5	10	6	12	8	17	10	21	12	25	2:6310	12	15	18	24	30	36	0	0	0	0	0	0	0	0	0	0	0	0	1
26	4	8	5	11	6	13	8	17	11	22	13	26	2:6570	12	15	18	24	30	36	0	0	0	0	0	0	0	0	0	0	0	0	1
27	4	9	5	11	6	13	9	18	11	22	13	27	2:6820	12	15	18	24	30	36	0	0	0	0	0	0	0	0	0	0	0	0	1
28	4	9	5	11	7	14	9	18	11	23	14	28	2:7070	12	15	18	24	30	36	0	0	0	0	0	0	0	0	0	0	0	0	1
29	4	9	6	12	7	14	9	19	12	24	14	28	2:7320	12	15	18	24	30	36	50	100	150	200	250	300	10	10	10	10	10	10	1
30	4	9	6	12	7	14	9	19	12	24	14	29	2:7580	14	18	21	28	35	42	0	0	0	0	0	0	0	0	0	0	0	0	1
31	5	10	6	12	7	15	10	20	12	25	15	30	2:22707	14	17	21	28	35	42	0	0	0	0	0	0	0	0	0	0	0	0	1
32	5	10	6	12	7	15	10	20	12	25	15	31	2:23432	14	18	21	28	35	42	0	0	0	0	0	0	0	0	0	0	0	0	1
33	5	10	6	13	7	15	10	21	13	26	15	31	2:24157	14	17	21	28	35	42	0	0	0	0	0	0	0	0	0	0	0	0	1
34	5	10	6	13	8	16	10	21	13	27	16	32	2:24911	14	18	21	28	35	42	0	0	0	0	0	0	0	0	0	0	0	0	1
35	5	11	6	13	8	16	11	22	13	27	16	33	2:25636	16	20	24	32	40	48	0	0	0	0	0	0	0	0	0	0	0	0	1
36	5	11	7	14	8	17	11	22	14	28	17	34	2:26361	16	20	24	32	40	48	0	0	0	0	0	0	0	0	0	0	0	0	1
37	5	11	7	14	8	17	11	23	14	29	17	34	2:27086	16	20	24	32	40	48	0	0	0	0	0	0	0	0	0	0	0	0	1
38	5	11	7	14	8	17	11	23	14	29	17	35	2:27840	16	20	24	32	40	48	0	0	0	0	0	0	0	0	0	0	0	0	1
39	6	12	7	15	9	18	12	24	15	30	18	36	2:28565	16	20	24	32	40	48	50	100	150	200	250	300	10	10	10	10	10	10	1
40	6	12	7	15	9	18	12	24	15	30	18	37	2:29290	18	22	27	36	45	54	0	0	0	0	0	0	0	0	0	0	0	0	1
41	6	12	7	15	9	18	12	25	15	31	18	37	2:30015	18	23	27	36	45	54	0	0	0	0	0	0	0	0	0	0	0	0	1
42	6	12	8	16	9	19	12	25	16	32	19	38	2:30769	18	22	27	36	45	54	0	0	0	0	0	0	0	0	0	0	0	0	1
43	6	13	8	16	9	19	13	26	16	32	19	39	2:31494	18	23	27	36	45	54	0	0	0	0	0	0	0	0	0	0	0	0	1
44	6	13	8	16	10	20	13	26	16	33	20	40	2:32219	18	22	27	36	45	54	0	0	0	0	0	0	0	0	0	0	0	0	1
45	6	13	8	16	10	20	13	27	16	33	20	40	2:32944	20	25	30	40	50	60	0	0	0	0	0	0	0	0	0	0	0	0	1
46	6	13	8	17	10	20	13	27	17	34	20	41	2:33698	20	25	30	40	50	60	0	0	0	0	0	0	0	0	0	0	0	0	1
47	7	14	8	17	10	21	14	28	17	35	21	42	2:34423	20	25	30	40	50	60	0	0	0	0	0	0	0	0	0	0	0	0	1
48	7	14	8	17	10	21	14	28	17	35	21	42	2:35148	20	25	30	40	50	60	0	0	0	0	0	0	0	0	0	0	0	0	1
49	7	14	9	18	10	21	14	29	18	36	21	43	2:35873	20	25	30	40	50	60	50	100	150	200	250	300	10	10	10	10	10	10	1
50	7	14	9	18	11	22	14	29	18	37	22	44	2:36598	22	28	33	44	55	66	0	0	0	0	0	0	0	0	0	0	0	0	1
51	7	15	9	18	11	22	15	30	18	37	22	45	2:37352	22	27	33	44	55	66	0	0	0	0	0	0	0	0	0	0	0	0	1
52	7	15	9	19	11	22	15	30	19	38	22	45	2:38077	22	28	33	44	55	66	0	0	0	0	0	0	0	0	0	0	0	0	1
53	7	15	9	19	11	23	15	31	19	38	23	46	2:38802	22	27	33	44	55	66	0	0	0	0	0	0	0	0	0	0	0	0	1
54	7	15	9	19	11	23	15	31	19	39	23	47	2:39527	22	28	33	44	55	66	0	0	0	0	0	0	0	0	0	0	0	0	1
55	8	16	10	20	12	24	16	32	20	40	24	48	2:40281	24	30	36	48	60	72	0	0	0	0	0	0	0	0	0	0	0	0	1
56	8	16	10	20	12	24	16	32	20	40	24	48	2:41006	24	30	36	48	60	72	0	0	0	0	0	0	0	0	0	0	0	0	1
57	8	16	10	20	12	24	16	33	20	41	24	49	2:41731	24	30	36	48	60	72	0	0	0	0	0	0	0	0	0	0	0	0	1
58	8	16	10	20	12	25	16	33	20	41	25	50	2:42456	24	30	36	48	60	72	0	0	0	0	0	0	0	0	0	0	0	0	1
59	8	17	10	21	12	25	17	34	21	42	25	51	2:43210	24	30	36	48	60	72	50	100	150	200	250	300	10	10	10	10	10	10	1
60	8	17	10	21	12	25	17	34	21	43	25	51	2:43935	26	32	39	52	65	78	0	0	0	0	0	0	0	0	0	0	0	0	1
61	8	17	10	21	13	26	17	35	21	43	26	52	2:89320	26	33	39	52	65	78	0	0	0	0	0	0	0	0	0	0	0	0	1
62	8	17	11	22	13	26	17	35	22	44	26	53	2:90770	26	32	39	52	65	78	0	0	0	0	0	0	0	0	0	0	0	0	1
63	9	18	11	22	13	27	18	36	22	45	27	54	2:92278	26	33	39	52	65	78	0	0	0	0	0	0	0	0	0	0	0	0	1
64	9	18	11	22	13	27	18	36	22	45	27	54	2:93728	26	32	39	52	65	78	0	0	0	0	0	0	0	0	0	0	0	0	1
65	9	18	11	23	13	27	18	37	23	46	27	55	2:95178	28	35	42	56	70	84	0	0	0	0	0	0	0	0	0	0	0	0	1
66	9	18	11	23	14	28	18	37	23	46	28	56	2:96628	28	35	42	56	70	84	0	0	0	0	0	0	0	0	0	0	0	0	1
67	9	19	11	23	14	28	19	38	23	47	28	57	2:98136	28	35	42	56	70	84	0	0	0	0	0	0	0	0	0	0	0	0	1
68	9	19	12	24	14	28	19	38	24	48	28	57	2:99586	28	35	42	56	70	84	0	0	0	0	0	0	0	0	0	0	0	0	1
69	9	19	12	24	14	29	19	39	24	48	29	58	2:101036	28	35	42	56	70	84	50	100	150	200	250	300	10	10	10	10	10	10	1
70	9	19	12	24	14	29	19	39	24	49	29	59	2:102486	30	38	45	60	75	90	0	0	0	0	0	0	0	0	0	0	0	0	1
71	10	20	12	25	15	30	20	40	25	50	30	60	2:103994	30	37	45	60	75	90	0	0	0	0	0	0	0	0	0	0	0	0	0
72	10	20	12	25	15	30	20	40	25	50	30	60	2:105444	30	38	45	60	75	90	0	0	0	0	0	0	0	0	0	0	0	0	0
73	10	20	12	25	15	30	20	40	25	51	30	61	2:106894	30	37	45	60	75	90	0	0	0	0	0	0	0	0	0	0	0	0	0
74	10	20	12	25	15	31	20	41	25	51	31	62	2:108344	30	38	45	60	75	90	0	0	0	0	0	0	0	0	0	0	0	0	0
75	10	20	13	26	15	31	20	41	26	52	31	62	2:109794	32	40	48	64	80	96	0	0	0	0	0	0	0	0	0	0	0	0	0
76	10	21	13	26	15	31	21	42	26	53	31	63	2:111302	32	40	48	64	80	96	0	0	0	0	0	0	0	0	0	0	0	0	0
77	10	21	13	26	16	32	21	42	26	53	32	64	2:112752	32	40	48	64	80	96	0	0	0	0	0	0	0	0	0	0	0	0	0
78	10	21	13	27	16	32	21	43	27	54	32	65	2:114202	32	40	48	64	80	96	0	0	0	0	0	0	0	0	0	0	0	0	0
79	10	21	13	27	16	32	21	43	27	54	32	65	2:115652	32	40	48	64	80	96	50	100	150	200	250	300	10	10	10	10	10	10	0
80	11	22	13	27	16	33	22	44	27	55	33	66	2:117160	34	42	51	68	85	102	0	0	0	0	0	0	0	0	0	0	0	0	0
81	11	22	14	28	16	33	22	44	28	56	33	67	2:177915	34	43	51	68	85	102	0	0	0	0	0	0	0	0	0	0	0	0	0
82	11	22	14	28	17	34	22	45	28	56	34	68	2:180090	34	42	51	68	85	102	0	0	0	0	0	0	0	0	0	0	0	0	0
83	11	22	14	28	17	34	22	45	28	57	34	68	2:182265	34	43	51	68	85	102	0	0	0	0	0	0	0	0	0	0	0	0	0
84	11	23	14	29	17	34	23	46	29	58	34	69	2:184527	34	42	51	68	85	102	0	0	0	0	0	0	0	0	0	0	0	0	0
85	11	23	14	29	17	35	23	46	29	58	35	70	2:186702	36	45	54	72	90	108	0	0	0	0	0	0	0	0	0	0	0	0	0
86	11	23	14	29	17	35	23	47	29	59	35	71	2:188877	36	45	54	72	90	108	0	0	0	0	0	0	0	0	0	0	0	0	0
87	11	23	14	29	17	35	23	47	29	59	35	71	2:191052	36	45	54	72	90	108	0	0	0	0	0	0	0	0	0	0	0	0	0
88	12	24	15	30	18	36	24	48	30	60	36	72	2:193314	36	45	54	72	90	108	0	0	0	0	0	0	0	0	0	0	0	0	0
89	12	24	15	30	18	36	24	48	30	61	36	73	2:195489	36	45	54	72	90	108	50	100	150	200	250	300	10	10	10	10	10	10	0
90	12	24	15	30	18	37	24	49	30	61	37	74	2:197664	38	48	57	76	95	114	0	0	0	0	0	0	0	0	0	0	0	0	0
91	12	24	15	31	18	37	24	49	31	62	37	74	2:199839	38	47	57	76	95	114	0	0	0	0	0	0	0	0	0	0	0	0	0
92	12	25	15	31	18	37	25	50	31	62	37	75	2:202101	38	48	57	76	95	114	0	0	0	0	0	0	0	0	0	0	0	0	0
93	12	25	15	31	19	38	25	50	31	63	38	76	2:204276	38	47	57	76	95	114	0	0	0	0	0	0	0	0	0	0	0	0	0
94	12	25	16	32	19	38	25	51	32	64	38	77	2:206451	38	48	57	76	95	114	0	0	0	0	0	0	0	0	0	0	0	0	0
95	12	25	16	32	19	38	25	51	32	64	38	77	2:208626	40	50	60	80	100	120	0	0	0	0	0	0	0	0	0	0	0	0	0
96	13	26	16	32	19	39	26	52	32	65	39	78	2:210888	40	50	60	80	100	120	0	0	0	0	0	0	0	0	0	0	0	0	0
97	13	26	16	33	19	39	26	52	33	66	39	79	2:213063	40	50	60	80	100	120	0	0	0	0	0	0	0	0	0	0	0	0	0
98	13	26	16	33	20	40	26	53	33	66	40	80	2:215238	40	50	60	80	100	120	0	0	0	0	0	0	0	0	0	0	0	0	0
99	13	26	16	33	20	40	26	53	33	67	40	80	2:217413	40	50	60	80	100	120	50	100	150	200	250	300	10	10	10	10	10	10	0
100	13	27	16	33	20	40	27	54	33	67	40	81	2:219588	42	52	63	84	105	126	0	0	0	0	0	0	0	0	0	0	0	0	0
101	13	27	17	34	20	41	27	54	34	68	41	82	2:295800	42	53	63	84	105	126	0	0	0	0	0	0	0	0	0	0	0	0	0
102	13	27	17	34	20	41	27	55	34	69	41	82	2:298700	42	52	63	84	105	126	0	0	0	0	0	0	0	0	0	0	0	0	0
103	13	27	17	34	20	41	27	55	34	69	41	83	2:301600	42	53	63	84	105	126	0	0	0	0	0	0	0	0	0	0	0	0	0
104	14	28	17	35	21	42	28	56	35	70	42	84	2:304500	42	52	63	84	105	126	0	0	0	0	0	0	0	0	0	0	0	0	0
105	14	28	17	35	21	42	28	56	35	70	42	85	2:307516	44	55	66	88	110	132	0	0	0	0	0	0	0	0	0	0	0	0	0
106	14	28	17	35	21	42	28	57	35	71	42	85	2:310416	44	55	66	88	110	132	0	0	0	0	0	0	0	0	0	0	0	0	0
107	14	28	18	36	21	43	28	57	36	72	43	86	2:313316	44	55	66	88	110	132	0	0	0	0	0	0	0	0	0	0	0	0	0
108	14	29	18	36	21	43	29	58	36	72	43	87	2:316216	44	55	66	88	110	132	0	0	0	0	0	0	0	0	0	0	0	0	0
109	14	29	18	36	22	44	29	58	36	73	44	88	2:319232	44	55	66	88	110	132	50	100	150	200	250	300	10	10	10	10	10	10	0
110	14	29	18	37	22	44	29	59	37	74	44	88	2:322132	46	58	69	92	115	138	0	0	0	0	0	0	0	0	0	0	0	0	0
111	14	29	18	37	22	44	29	59	37	74	44	89	2:325032	46	57	69	92	115	138	0	0	0	0	0	0	0	0	0	0	0	0	0
112	15	30	18	37	22	45	30	60	37	75	45	90	2:327932	46	58	69	92	115	138	0	0	0	0	0	0	0	0	0	0	0	0	0
113	15	30	18	37	22	45	30	60	37	75	45	91	2:330948	46	57	69	92	115	138	0	0	0	0	0	0	0	0	0	0	0	0	0
114	15	30	19	38	22	45	30	61	38	76	45	91	2:333848	46	58	69	92	115	138	0	0	0	0	0	0	0	0	0	0	0	0	0
115	15	30	19	38	23	46	30	61	38	77	46	92	2:336748	48	60	72	96	120	144	0	0	0	0	0	0	0	0	0	0	0	0	0
116	15	31	19	38	23	46	31	62	38	77	46	93	2:339648	48	60	72	96	120	144	0	0	0	0	0	0	0	0	0	0	0	0	0
117	15	31	19	39	23	47	31	62	39	78	47	94	2:342664	48	60	72	96	120	144	0	0	0	0	0	0	0	0	0	0	0	0	0
118	15	31	19	39	23	47	31	63	39	79	47	94	2:345564	48	60	72	96	120	144	0	0	0	0	0	0	0	0	0	0	0	0	0
119	15	31	19	39	23	47	31	63	39	79	47	95	2:348464	48	60	72	96	120	144	50	100	150	200	250	300	10	10	10	10	10	10	0
120	16	32	20	40	24	48	32	64	40	80	48	96	2:351364	50	62	75	100	125	150	0	0	0	0	0	0	0	0	0	0	0	0	0
121	16	32	20	40	24	48	32	64	40	80	48	97	2:442975	50	63	75	100	125	150	0	0	0	0	0	0	0	0	0	0	0	0	0
122	16	32	20	40	24	48	32	65	40	81	48	97	2:446600	50	62	75	100	125	150	0	0	0	0	0	0	0	0	0	0	0	0	0
123	16	32	20	41	24	49	32	65	41	82	49	98	2:450225	50	63	75	100	125	150	0	0	0	0	0	0	0	0	0	0	0	0	0
124	16	33	20	41	24	49	33	66	41	82	49	99	2:453850	50	62	75	100	125	150	0	0	0	0	0	0	0	0	0	0	0	0	0
125	16	33	20	41	25	50	33	66	41	83	50	100	2:457475	52	65	78	104	130	156	0	0	0	0	0	0	0	0	0	0	0	0	0
126	16	33	20	41	25	50	33	67	41	83	50	100	2:461245	52	65	78	104	130	156	0	0	0	0	0	0	0	0	0	0	0	0	0
127	16	33	21	42	25	50	33	67	42	84	50	101	2:464870	52	65	78	104	130	156	0	0	0	0	0	0	0	0	0	0	0	0	0
128	17	34	21	42	25	51	34	68	42	85	51	102	2:468495	52	65	78	104	130	156	0	0	0	0	0	0	0	0	0	0	0	0	0
129	17	34	21	42	25	51	34	68	42	85	51	102	2:472120	52	65	78	104	130	156	50	100	150	200	250	300	10	10	10	10	10	10	0
130	17	34	21	43	25	51	34	69	43	86	51	103	2:475890	54	68	81	108	135	162	0	0	0	0	0	0	0	0	0	0	0	0	0
131	17	34	21	43	26	52	34	69	43	87	52	104	2:479515	54	67	81	108	135	162	0	0	0	0	0	0	0	0	0	0	0	0	0
132	17	35	21	43	26	52	35	70	43	87	52	105	2:483140	54	68	81	108	135	162	0	0	0	0	0	0	0	0	0	0	0	0	0
133	17	35	22	44	26	52	35	70	44	88	52	105	2:486765	54	67	81	108	135	162	0	0	0	0	0	0	0	0	0	0	0	0	0
134	17	35	22	44	26	53	35	71	44	88	53	106	2:490535	54	68	81	108	135	162	0	0	0	0	0	0	0	0	0	0	0	0	0
135	17	35	22	44	26	53	35	71	44	89	53	107	2:494160	56	70	84	112	140	168	0	0	0	0	0	0	0	0	0	0	0	0	0
136	18	36	22	45	27	54	36	72	45	90	54	108	2:497785	56	70	84	112	140	168	0	0	0	0	0	0	0	0	0	0	0	0	0
137	18	36	22	45	27	54	36	72	45	90	54	108	2:501410	56	70	84	112	140	168	0	0	0	0	0	0	0	0	0	0	0	0	0
138	18	36	22	45	27	54	36	73	45	91	54	109	2:505180	56	70	84	112	140	168	0	0	0	0	0	0	0	0	0	0	0	0	0
139	18	36	22	45	27	55	36	73	45	91	55	110	2:508805	56	70	84	112	140	168	50	100	150	200	250	300	10	10	10	10	10	10	0
140	18	37	23	46	27	55	37	74	46	92	55	111	2:512430	58	72	87	116	145	174	0	0	0	0	0	0	0	0	0	0	0	0	0
141	18	37	23	46	27	55	37	74	46	93	55	111	2:619266	58	73	87	116	145	174	0	0	0	0	0	0	0	0	0	0	0	0	0
142	18	37	23	46	28	56	37	75	46	93	56	112	2:623790	58	72	87	116	145	174	0	0	0	0	0	0	0	0	0	0	0	0	0
143	18	37	23	47	28	56	37	75	47	94	56	113	2:628140	58	73	87	116	145	174	0	0	0	0	0	0	0	0	0	0	0	0	0
144	19	38	23	47	28	57	38	76	47	95	57	114	2:632490	58	72	87	116	145	174	0	0	0	0	0	0	0	0	0	0	0	0	0
145	19	38	23	47	28	57	38	76	47	95	57	114	2:636840	60	75	90	120	150	180	0	0	0	0	0	0	0	0	0	0	0	0	0
146	19	38	24	48	28	57	38	77	48	96	57	115	2:641364	60	75	90	120	150	180	0	0	0	0	0	0	0	0	0	0	0	0	0
147	19	38	24	48	29	58	38	77	48	96	58	116	2:645714	60	75	90	120	150	180	0	0	0	0	0	0	0	0	0	0	0	0	0
148	19	39	24	48	29	58	39	78	48	97	58	117	2:650064	60	75	90	120	150	180	0	0	0	0	0	0	0	0	0	0	0	0	0
149	19	39	24	49	29	58	39	78	49	98	58	117	2:654414	60	75	90	120	150	180	50	100	150	200	250	300	10	10	10	10	10	10	0
150	19	39	24	49	29	59	39	79	49	98	59	118	2:658764	62	78	93	124	155	186	0	0	0	0	0	0	0	0	0	0	0	0	0
151	19	39	24	49	29	59	39	79	49	99	59	119	2:663288	62	77	93	124	155	186	0	0	0	0	0	0	0	0	0	0	0	0	0
152	20	40	25	50	30	60	40	80	50	100	60	120	2:667638	62	78	93	124	155	186	0	0	0	0	0	0	0	0	0	0	0	0	0
153	20	40	25	50	30	60	40	80	50	100	60	120	2:671988	62	77	93	124	155	186	0	0	0	0	0	0	0	0	0	0	0	0	0
154	20	40	25	50	30	60	40	80	50	101	60	121	2:676338	62	78	93	124	155	186	0	0	0	0	0	0	0	0	0	0	0	0	0
155	20	40	25	50	30	61	40	81	50	101	61	122	2:680862	64	80	96	128	160	192	0	0	0	0	0	0	0	0	0	0	0	0	0
156	20	40	25	51	30	61	40	81	51	102	61	122	2:685212	64	80	96	128	160	192	0	0	0	0	0	0	0	0	0	0	0	0	0
157	20	41	25	51	30	61	41	82	51	103	61	123	2:689562	64	80	96	128	160	192	0	0	0	0	0	0	0	0	0	0	0	0	0
158	20	41	25	51	31	62	41	82	51	103	62	124	2:693912	64	80	96	128	160	192	0	0	0	0	0	0	0	0	0	0	0	0	0
159	20	41	26	52	31	62	41	83	52	104	62	125	2:698436	64	80	96	128	160	192	50	100	150	200	250	300	10	10	10	10	10	10	0
160	20	41	26	52	31	62	41	83	52	104	62	125	2:702786	66	82	99	132	165	198	0	0	0	0	0	0	0	0	0	0	0	0	0
161	21	42	26	52	31	63	42	84	52	105	63	126	2:824992	66	83	99	132	165	198	0	0	0	0	0	0	0	0	0	0	0	0	0
162	21	42	26	53	31	63	42	84	53	106	63	127	2:830067	66	82	99	132	165	198	0	0	0	0	0	0	0	0	0	0	0	0	0
163	21	42	26	53	32	64	42	85	53	106	64	128	2:835345	66	83	99	132	165	198	0	0	0	0	0	0	0	0	0	0	0	0	0
164	21	42	26	53	32	64	42	85	53	107	64	128	2:840420	66	82	99	132	165	198	0	0	0	0	0	0	0	0	0	0	0	0	0
165	21	43	27	54	32	64	43	86	54	108	64	129	2:845495	68	85	102	136	170	204	0	0	0	0	0	0	0	0	0	0	0	0	0
166	21	43	27	54	32	65	43	86	54	108	65	130	2:850570	68	85	102	136	170	204	0	0	0	0	0	0	0	0	0	0	0	0	0
167	21	43	27	54	32	65	43	87	54	109	65	131	2:855848	68	85	102	136	170	204	0	0	0	0	0	0	0	0	0	0	0	0	0
168	21	43	27	54	32	65	43	87	54	109	65	131	2:860923	68	85	102	136	170	204	0	0	0	0	0	0	0	0	0	0	0	0	0
169	22	44	27	55	33	66	44	88	55	110	66	132	2:865998	68	85	102	136	170	204	50	100	150	200	250	300	10	10	10	10	10	10	0
170	22	44	27	55	33	66	44	88	55	111	66	133	2:871073	70	88	105	140	175	210	0	0	0	0	0	0	0	0	0	0	0	0	0
171	22	44	27	55	33	67	44	89	55	111	67	134	2:876351	70	87	105	140	175	210	0	0	0	0	0	0	0	0	0	0	0	0	0
172	22	44	28	56	33	67	44	89	56	112	67	134	2:881426	70	88	105	140	175	210	0	0	0	0	0	0	0	0	0	0	0	0	0
173	22	45	28	56	33	67	45	90	56	112	67	135	2:886501	70	87	105	140	175	210	0	0	0	0	0	0	0	0	0	0	0	0	0
174	22	45	28	56	34	68	45	90	56	113	68	136	2:891576	70	88	105	140	175	210	0	0	0	0	0	0	0	0	0	0	0	0	0
175	22	45	28	57	34	68	45	91	57	114	68	137	2:896651	72	90	108	144	180	216	0	0	0	0	0	0	0	0	0	0	0	0	0
176	22	45	28	57	34	68	45	91	57	114	68	137	2:901929	72	90	108	144	180	216	0	0	0	0	0	0	0	0	0	0	0	0	0
177	23	46	28	57	34	69	46	92	57	115	69	138	2:907004	72	90	108	144	180	216	0	0	0	0	0	0	0	0	0	0	0	0	0
178	23	46	29	58	34	69	46	92	58	116	69	139	2:912079	72	90	108	144	180	216	0	0	0	0	0	0	0	0	0	0	0	0	0
179	23	46	29	58	35	70	46	93	58	116	70	140	2:917154	72	90	108	144	180	216	50	100	150	200	250	300	10	10	10	10	10	10	0
180	23	46	29	58	35	70	46	93	58	117	70	140	2:922432	74	92	111	148	185	222	0	0	0	0	0	0	0	0	0	0	0	0	0
181	23	47	29	58	35	70	47	94	58	117	70	141	2:1060008	74	93	111	148	185	222	0	0	0	0	0	0	0	0	0	0	0	0	0
182	23	47	29	59	35	71	47	94	59	118	71	142	2:1065808	74	92	111	148	185	222	0	0	0	0	0	0	0	0	0	0	0	0	0
183	23	47	29	59	35	71	47	95	59	119	71	142	2:1071608	74	93	111	148	185	222	0	0	0	0	0	0	0	0	0	0	0	0	0
184	23	47	29	59	35	71	47	95	59	119	71	143	2:1077640	74	92	111	148	185	222	0	0	0	0	0	0	0	0	0	0	0	0	0
185	24	48	30	60	36	72	48	96	60	120	72	144	2:1083440	76	95	114	152	190	228	0	0	0	0	0	0	0	0	0	0	0	0	0
186	24	48	30	60	36	72	48	96	60	120	72	145	2:1089240	76	95	114	152	190	228	0	0	0	0	0	0	0	0	0	0	0	0	0
187	24	48	30	60	36	72	48	97	60	121	72	145	2:1095040	76	95	114	152	190	228	0	0	0	0	0	0	0	0	0	0	0	0	0
188	24	48	30	61	36	73	48	97	61	122	73	146	2:1101072	76	95	114	152	190	228	0	0	0	0	0	0	0	0	0	0	0	0	0
189	24	49	30	61	36	73	49	98	61	122	73	147	2:1106872	76	95	114	152	190	228	50	100	150	200	250	300	10	10	10	10	10	10	0
190	24	49	30	61	37	74	49	98	61	123	74	148	2:1112672	78	98	117	156	195	234	0	0	0	0	0	0	0	0	0	0	0	0	0
191	24	49	31	62	37	74	49	99	62	124	74	148	2:1118472	78	97	117	156	195	234	0	0	0	0	0	0	0	0	0	0	0	0	0
192	24	49	31	62	37	74	49	99	62	124	74	149	2:1124504	78	98	117	156	195	234	0	0	0	0	0	0	0	0	0	0	0	0	0
193	25	50	31	62	37	75	50	100	62	125	75	150	2:1130304	78	97	117	156	195	234	0	0	0	0	0	0	0	0	0	0	0	0	0
194	25	50	31	62	37	75	50	100	62	125	75	151	2:1136104	78	98	117	156	195	234	0	0	0	0	0	0	0	0	0	0	0	0	0
195	25	50	31	63	37	75	50	101	63	126	75	151	2:1141904	80	100	120	160	200	240	0	0	0	0	0	0	0	0	0	0	0	0	0
196	25	50	31	63	38	76	50	101	63	127	76	152	2:1147936	80	100	120	160	200	240	0	0	0	0	0	0	0	0	0	0	0	0	0
197	25	51	31	63	38	76	51	102	63	127	76	153	2:1153736	80	100	120	160	200	240	0	0	0	0	0	0	0	0	0	0	0	0	0
198	25	51	32	64	38	77	51	102	64	128	77	154	2:1159536	80	100	120	160	200	240	0	0	0	0	0	0	0	0	0	0	0	0	0
199	25	51	32	64	38	77	51	103	64	129	77	154	2:1165336	80	100	120	160	200	240	50	100	150	200	250	300	10	10	10	10	10	10	0
200	25	51	32	64	38	77	51	103	64	129	77	155	2:1171136	82	102	123	164	205	246	0	0	0	0	0	0	0	0	0	0	0	0	0
201	26	52	32	65	39	78	52	104	65	130	78	156	2:1324314	82	103	123	164	205	246	0	0	0	0	0	0	0	0	0	0	0	0	0
202	26	52	32	65	39	78	52	104	65	130	78	157	2:1330839	82	102	123	164	205	246	0	0	0	0	0	0	0	0	0	0	0	0	0
203	26	52	32	65	39	78	52	105	65	131	78	157	2:1337364	82	103	123	164	205	246	0	0	0	0	0	0	0	0	0	0	0	0	0
204	26	52	33	66	39	79	52	105	66	132	79	158	2:1343889	82	102	123	164	205	246	0	0	0	0	0	0	0	0	0	0	0	0	0
205	26	53	33	66	39	79	53	106	66	132	79	159	2:1350675	84	105	126	168	210	252	0	0	0	0	0	0	0	0	0	0	0	0	0
206	26	53	33	66	40	80	53	106	66	133	80	160	2:1357200	84	105	126	168	210	252	0	0	0	0	0	0	0	0	0	0	0	0	0
207	26	53	33	66	40	80	53	107	66	133	80	160	2:1363725	84	105	126	168	210	252	0	0	0	0	0	0	0	0	0	0	0	0	0
208	26	53	33	67	40	80	53	107	67	134	80	161	2:1370250	84	105	126	168	210	252	0	0	0	0	0	0	0	0	0	0	0	0	0
209	27	54	33	67	40	81	54	108	67	135	81	162	2:1377036	84	105	126	168	210	252	50	100	150	200	250	300	10	10	10	10	10	10	0
210	27	54	33	67	40	81	54	108	67	135	81	162	2:1383561	86	108	129	172	215	258	0	0	0	0	0	0	0	0	0	0	0	0	0
211	27	54	34	68	40	81	54	109	68	136	81	163	2:1390086	86	107	129	172	215	258	0	0	0	0	0	0	0	0	0	0	0	0	0
212	27	54	34	68	41	82	54	109	68	137	82	164	2:1396611	86	108	129	172	215	258	0	0	0	0	0	0	0	0	0	0	0	0	0
213	27	55	34	68	41	82	55	110	68	137	82	165	2:1403397	86	107	129	172	215	258	0	0	0	0	0	0	0	0	0	0	0	0	0
214	27	55	34	69	41	82	55	110	69	138	82	165	2:1409922	86	108	129	172	215	258	0	0	0	0	0	0	0	0	0	0	0	0	0
215	27	55	34	69	41	83	55	111	69	138	83	166	2:1416447	88	110	132	176	220	264	0	0	0	0	0	0	0	0	0	0	0	0	0
216	27	55	34	69	41	83	55	111	69	139	83	167	2:1422972	88	110	132	176	220	264	0	0	0	0	0	0	0	0	0	0	0	0	0
217	28	56	35	70	42	84	56	112	70	140	84	168	2:1429758	88	110	132	176	220	264	0	0	0	0	0	0	0	0	0	0	0	0	0
218	28	56	35	70	42	84	56	112	70	140	84	168	2:1436283	88	110	132	176	220	264	0	0	0	0	0	0	0	0	0	0	0	0	0
219	28	56	35	70	42	84	56	113	70	141	84	169	2:1442808	88	110	132	176	220	264	50	100	150	200	250	300	10	10	10	10	10	10	0
220	28	56	35	70	42	85	56	113	70	141	85	170	2:1449333	90	112	135	180	225	270	0	0	0	0	0	0	0	0	0	0	0	0	0
221	28	57	35	71	42	85	57	114	71	142	85	171	2:1617910	90	113	135	180	225	270	0	0	0	0	0	0	0	0	0	0	0	0	0
222	28	57	35	71	42	85	57	114	71	143	85	171	2:1625160	90	112	135	180	225	270	0	0	0	0	0	0	0	0	0	0	0	0	0
223	28	57	35	71	43	86	57	115	71	143	86	172	2:1632410	90	113	135	180	225	270	0	0	0	0	0	0	0	0	0	0	0	0	0
224	28	57	36	72	43	86	57	115	72	144	86	173	2:1639660	90	112	135	180	225	270	0	0	0	0	0	0	0	0	0	0	0	0	0
225	29	58	36	72	43	87	58	116	72	145	87	174	2:1646910	92	115	138	184	230	276	0	0	0	0	0	0	0	0	0	0	0	0	0
226	29	58	36	72	43	87	58	116	72	145	87	174	2:1654450	92	115	138	184	230	276	0	0	0	0	0	0	0	0	0	0	0	0	0
227	29	58	36	73	43	87	58	117	73	146	87	175	2:1661700	92	115	138	184	230	276	0	0	0	0	0	0	0	0	0	0	0	0	0
228	29	58	36	73	44	88	58	117	73	146	88	176	2:1668950	92	115	138	184	230	276	0	0	0	0	0	0	0	0	0	0	0	0	0
229	29	59	36	73	44	88	59	118	73	147	88	177	2:1676200	92	115	138	184	230	276	50	100	150	200	250	300	10	10	10	10	10	10	0
230	29	59	37	74	44	88	59	118	74	148	88	177	2:1683740	94	118	141	188	235	282	0	0	0	0	0	0	0	0	0	0	0	0	0
231	29	59	37	74	44	89	59	119	74	148	89	178	2:1690990	94	117	141	188	235	282	0	0	0	0	0	0	0	0	0	0	0	0	0
232	29	59	37	74	44	89	59	119	74	149	89	179	2:1698240	94	118	141	188	235	282	0	0	0	0	0	0	0	0	0	0	0	0	0
233	30	60	37	75	45	90	60	120	75	150	90	180	2:1705490	94	117	141	188	235	282	0	0	0	0	0	0	0	0	0	0	0	0	0
234	30	60	37	75	45	90	60	120	75	150	90	180	2:1713030	94	118	141	188	235	282	0	0	0	0	0	0	0	0	0	0	0	0	0
235	30	60	37	75	45	90	60	120	75	151	90	181	2:1720280	96	120	144	192	240	288	0	0	0	0	0	0	0	0	0	0	0	0	0
236	30	60	37	75	45	91	60	121	75	151	91	182	2:1727530	96	120	144	192	240	288	0	0	0	0	0	0	0	0	0	0	0	0	0
237	30	60	38	76	45	91	60	121	76	152	91	182	2:1734780	96	120	144	192	240	288	0	0	0	0	0	0	0	0	0	0	0	0	0
238	30	61	38	76	45	91	61	122	76	153	91	183	2:1742320	96	120	144	192	240	288	0	0	0	0	0	0	0	0	0	0	0	0	0
239	30	61	38	76	46	92	61	122	76	153	92	184	2:1749570	96	120	144	192	240	288	50	100	150	200	250	300	10	10	10	10	10	10	0
240	30	61	38	77	46	92	61	123	77	154	92	185	2:1756820	98	122	147	196	245	294	0	0	0	0	0	0	0	0	0	0	0	0	0
241	30	61	38	77	46	92	61	123	77	154	92	185	2:1940477	98	123	147	196	245	294	0	0	0	0	0	0	0	0	0	0	0	0	0
242	31	62	38	77	46	93	62	124	77	155	93	186	2:1948771	98	122	147	196	245	294	0	0	0	0	0	0	0	0	0	0	0	0	0
243	31	62	39	78	46	93	62	124	78	156	93	187	2:1956746	98	123	147	196	245	294	0	0	0	0	0	0	0	0	0	0	0	0	0
244	31	62	39	78	47	94	62	125	78	156	94	188	2:1964721	98	122	147	196	245	294	0	0	0	0	0	0	0	0	0	0	0	0	0
245	31	62	39	78	47	94	62	125	78	157	94	188	2:1972696	100	125	150	200	250	300	0	0	0	0	0	0	0	0	0	0	0	0	0
246	31	63	39	79	47	94	63	126	79	158	94	189	2:1980990	100	125	150	200	250	300	0	0	0	0	0	0	0	0	0	0	0	0	0
247	31	63	39	79	47	95	63	126	79	158	95	190	2:1988965	100	125	150	200	250	300	0	0	0	0	0	0	0	0	0	0	0	0	0
248	31	63	39	79	47	95	63	127	79	159	95	191	2:1996940	100	125	150	200	250	300	0	0	0	0	0	0	0	0	0	0	0	0	0
249	31	63	39	79	47	95	63	127	79	159	95	191	2:2004915	100	125	150	200	250	300	50	100	150	200	250	300	10	10	10	10	10	10	0
250	32	64	40	80	48	96	64	128	80	160	96	192	2:2012890	102	128	153	204	255	306	0	0	0	0	0	0	0	0	0	0	0	0	0
251	32	64	40	80	48	96	64	128	80	161	96	193	2:2021184	102	127	153	204	255	306	0	0	0	0	0	0	0	0	0	0	0	0	0
252	32	64	40	80	48	97	64	129	80	161	97	194	2:2029159	102	128	153	204	255	306	0	0	0	0	0	0	0	0	0	0	0	0	0
253	32	64	40	81	48	97	64	129	81	162	97	194	2:2037134	102	127	153	204	255	306	0	0	0	0	0	0	0	0	0	0	0	0	0
254	32	65	40	81	48	97	65	130	81	162	97	195	2:2045109	102	128	153	204	255	306	0	0	0	0	0	0	0	0	0	0	0	0	0
255	32	65	40	81	49	98	65	130	81	163	98	196	2:2053403	104	130	156	208	260	312	0	0	0	0	0	0	0	0	0	0	0	0	0
256	32	65	41	82	49	98	65	131	82	164	98	197	2:2061378	104	130	156	208	260	312	0	0	0	0	0	0	0	0	0	0	0	0	0
257	32	65	41	82	49	98	65	131	82	164	98	197	2:2069353	104	130	156	208	260	312	0	0	0	0	0	0	0	0	0	0	0	0	0
258	33	66	41	82	49	99	66	132	82	165	99	198	2:2077328	104	130	156	208	260	312	0	0	0	0	0	0	0	0	0	0	0	0	0
259	33	66	41	83	49	99	66	132	83	166	99	199	2:2085622	104	130	156	208	260	312	50	100	150	200	250	300	10	10	10	10	10	10	0
260	33	66	41	83	50	100	66	133	83	166	100	200	2:2093597	106	132	159	212	265	318	0	0	0	0	0	0	0	0	0	0	0	0	0
261	33	66	41	83	50	100	66	133	83	167	100	200	2:2292624	106	133	159	212	265	318	0	0	0	0	0	0	0	0	0	0	0	0	0
262	33	67	41	83	50	100	67	134	83	167	100	201	2:2301324	106	132	159	212	265	318	0	0	0	0	0	0	0	0	0	0	0	0	0
263	33	67	42	84	50	101	67	134	84	168	101	202	2:2310372	106	133	159	212	265	318	0	0	0	0	0	0	0	0	0	0	0	0	0
264	33	67	42	84	50	101	67	135	84	169	101	202	2:2319072	106	132	159	212	265	318	0	0	0	0	0	0	0	0	0	0	0	0	0
265	33	67	42	84	50	101	67	135	84	169	101	203	2:2327772	108	135	162	216	270	324	0	0	0	0	0	0	0	0	0	0	0	0	0
266	34	68	42	85	51	102	68	136	85	170	102	204	2:2336472	108	135	162	216	270	324	0	0	0	0	0	0	0	0	0	0	0	0	0
267	34	68	42	85	51	102	68	136	85	170	102	205	2:2345520	108	135	162	216	270	324	0	0	0	0	0	0	0	0	0	0	0	0	0
268	34	68	42	85	51	102	68	137	85	171	102	205	2:2354220	108	135	162	216	270	324	0	0	0	0	0	0	0	0	0	0	0	0	0
269	34	68	43	86	51	103	68	137	86	172	103	206	2:2362920	108	135	162	216	270	324	50	100	150	200	250	300	10	10	10	10	10	10	0
270	34	69	43	86	51	103	69	138	86	172	103	207	2:2371620	110	138	165	220	275	330	0	0	0	0	0	0	0	0	0	0	0	0	0
271	34	69	43	86	52	104	69	138	86	173	104	208	2:2380668	110	137	165	220	275	330	0	0	0	0	0	0	0	0	0	0	0	0	0
272	34	69	43	87	52	104	69	139	87	174	104	208	2:2389368	110	138	165	220	275	330	0	0	0	0	0	0	0	0	0	0	0	0	0
273	34	69	43	87	52	104	69	139	87	174	104	209	2:2398068	110	137	165	220	275	330	0	0	0	0	0	0	0	0	0	0	0	0	0
274	35	70	43	87	52	105	70	140	87	175	105	210	2:2406768	110	138	165	220	275	330	0	0	0	0	0	0	0	0	0	0	0	0	0
275	35	70	43	87	52	105	70	140	87	175	105	211	2:2415468	112	140	168	224	280	336	0	0	0	0	0	0	0	0	0	0	0	0	0
276	35	70	44	88	52	105	70	141	88	176	105	211	2:2424516	112	140	168	224	280	336	0	0	0	0	0	0	0	0	0	0	0	0	0
277	35	70	44	88	53	106	70	141	88	177	106	212	2:2433216	112	140	168	224	280	336	0	0	0	0	0	0	0	0	0	0	0	0	0
278	35	71	44	88	53	106	71	142	88	177	106	213	2:2441916	112	140	168	224	280	336	0	0	0	0	0	0	0	0	0	0	0	0	0
279	35	71	44	89	53	107	71	142	89	178	107	214	2:2450616	112	140	168	224	280	336	50	100	150	200	250	300	10	10	10	10	10	10	0
280	35	71	44	89	53	107	71	143	89	179	107	214	2:2459664	114	142	171	228	285	342	0	0	0	0	0	0	0	0	0	0	0	0	0
281	35	71	44	89	53	107	71	143	89	179	107	215	2:2674061	114	143	171	228	285	342	0	0	0	0	0	0	0	0	0	0	0	0	0
282	36	72	45	90	54	108	72	144	90	180	108	216	2:2683486	114	142	171	228	285	342	0	0	0	0	0	0	0	0	0	0	0	0	0
283	36	72	45	90	54	108	72	144	90	180	108	217	2:2692911	114	143	171	228	285	342	0	0	0	0	0	0	0	0	0	0	0	0	0
284	36	72	45	90	54	108	72	145	90	181	108	217	2:2702713	114	142	171	228	285	342	0	0	0	0	0	0	0	0	0	0	0	0	0
285	36	72	45	91	54	109	72	145	91	182	109	218	2:2712138	116	145	174	232	290	348	0	0	0	0	0	0	0	0	0	0	0	0	0
286	36	73	45	91	54	109	73	146	91	182	109	219	2:2721563	116	145	174	232	290	348	0	0	0	0	0	0	0	0	0	0	0	0	0
287	36	73	45	91	55	110	73	146	91	183	110	220	2:2730988	116	145	174	232	290	348	0	0	0	0	0	0	0	0	0	0	0	0	0
288	36	73	45	91	55	110	73	147	91	183	110	220	2:2740790	116	145	174	232	290	348	0	0	0	0	0	0	0	0	0	0	0	0	0
289	36	73	46	92	55	110	73	147	92	184	110	221	2:2750215	116	145	174	232	290	348	50	100	150	200	250	300	10	10	10	10	10	10	0
290	37	74	46	92	55	111	74	148	92	185	111	222	2:2759640	118	148	177	236	295	354	0	0	0	0	0	0	0	0	0	0	0	0	0
291	37	74	46	92	55	111	74	148	92	185	111	222	2:2769065	118	147	177	236	295	354	0	0	0	0	0	0	0	0	0	0	0	0	0
292	37	74	46	93	55	111	74	149	93	186	111	223	2:2778867	118	148	177	236	295	354	0	0	0	0	0	0	0	0	0	0	0	0	0
293	37	74	46	93	56	112	74	149	93	187	112	224	2:2788292	118	147	177	236	295	354	0	0	0	0	0	0	0	0	0	0	0	0	0
294	37	75	46	93	56	112	75	150	93	187	112	225	2:2797717	118	148	177	236	295	354	0	0	0	0	0	0	0	0	0	0	0	0	0
295	37	75	47	94	56	112	75	150	94	188	112	225	2:2807142	120	150	180	240	300	360	0	0	0	0	0	0	0	0	0	0	0	0	0
296	37	75	47	94	56	113	75	151	94	188	113	226	2:2816944	120	150	180	240	300	360	0	0	0	0	0	0	0	0	0	0	0	0	0
297	37	75	47	94	56	113	75	151	94	189	113	227	2:2826369	120	150	180	240	300	360	0	0	0	0	0	0	0	0	0	0	0	0	0
298	38	76	47	95	57	114	76	152	95	190	114	228	2:2835794	120	150	180	240	300	360	0	0	0	0	0	0	0	0	0	0	0	0	0
299	38	76	47	95	57	114	76	152	95	190	114	228	2:2845219	120	150	180	240	300	360	50	100	150	200	250	300	10	10	10	10	10	10	0
300	38	76	47	95	57	114	76	153	95	191	114	229	2:2854644	122	152	183	244	305	366	0	0	0	0	0	0	0	0	0	0	0	0	0
301	38	76	47	95	57	115	76	153	95	191	115	230	2:3084788	122	153	183	244	305	366	0	0	0	0	0	0	0	0	0	0	0	0	0
302	38	77	48	96	57	115	77	154	96	192	115	231	2:3094938	122	152	183	244	305	366	0	0	0	0	0	0	0	0	0	0	0	0	0
303	38	77	48	96	57	115	77	154	96	193	115	231	2:3105088	122	153	183	244	305	366	0	0	0	0	0	0	0	0	0	0	0	0	0
304	38	77	48	96	58	116	77	155	96	193	116	232	2:3115238	122	152	183	244	305	366	0	0	0	0	0	0	0	0	0	0	0	0	0
305	38	77	48	97	58	116	77	155	97	194	116	233	2:3125794	124	155	186	248	310	372	0	0	0	0	0	0	0	0	0	0	0	0	0
306	39	78	48	97	58	117	78	156	97	195	117	234	2:3135944	124	155	186	248	310	372	0	0	0	0	0	0	0	0	0	0	0	0	0
307	39	78	48	97	58	117	78	156	97	195	117	234	2:3146094	124	155	186	248	310	372	0	0	0	0	0	0	0	0	0	0	0	0	0
308	39	78	49	98	58	117	78	157	98	196	117	235	2:3156244	124	155	186	248	310	372	0	0	0	0	0	0	0	0	0	0	0	0	0
309	39	78	49	98	59	118	78	157	98	196	118	236	2:3166800	124	155	186	248	310	372	50	100	150	200	250	300	10	10	10	10	10	10	0
310	39	79	49	98	59	118	79	158	98	197	118	237	2:3176950	126	158	189	252	315	378	0	0	0	0	0	0	0	0	0	0	0	0	0
311	39	79	49	99	59	118	79	158	99	198	118	237	2:3187100	126	157	189	252	315	378	0	0	0	0	0	0	0	0	0	0	0	0	0
312	39	79	49	99	59	119	79	159	99	198	119	238	2:3197250	126	158	189	252	315	378	0	0	0	0	0	0	0	0	0	0	0	0	0
313	39	79	49	99	59	119	79	159	99	199	119	239	2:3207806	126	157	189	252	315	378	0	0	0	0	0	0	0	0	0	0	0	0	0
314	40	80	50	100	60	120	80	160	100	200	120	240	2:3217956	126	158	189	252	315	378	0	0	0	0	0	0	0	0	0	0	0	0	0
315	40	80	50	100	60	120	80	160	100	200	120	240	2:3228106	128	160	192	256	320	384	0	0	0	0	0	0	0	0	0	0	0	0	0
316	40	80	50	100	60	120	80	160	100	201	120	241	2:3238256	128	160	192	256	320	384	0	0	0	0	0	0	0	0	0	0	0	0	0
317	40	80	50	100	60	121	80	161	100	201	121	242	2:3248812	128	160	192	256	320	384	0	0	0	0	0	0	0	0	0	0	0	0	0
318	40	80	50	101	60	121	80	161	101	202	121	242	2:3258962	128	160	192	256	320	384	0	0	0	0	0	0	0	0	0	0	0	0	0
319	40	81	50	101	60	121	81	162	101	203	121	243	2:3269112	128	160	192	256	320	384	50	100	150	200	250	300	10	10	10	10	10	10	0
320	40	81	50	101	61	122	81	162	101	203	122	244	2:3279262	130	162	195	260	325	390	0	0	0	0	0	0	0	0	0	0	0	0	0
321	40	81	51	102	61	122	81	163	102	204	122	245	2:3524805	130	163	195	260	325	390	0	0	0	0	0	0	0	0	0	0	0	0	0
322	40	81	51	102	61	122	81	163	102	204	122	245	2:3535680	130	162	195	260	325	390	0	0	0	0	0	0	0	0	0	0	0	0	0
323	41	82	51	102	61	123	82	164	102	205	123	246	2:3546555	130	163	195	260	325	390	0	0	0	0	0	0	0	0	0	0	0	0	0
324	41	82	51	103	61	123	82	164	103	206	123	247	2:3557430	130	162	195	260	325	390	0	0	0	0	0	0	0	0	0	0	0	0	0
325	41	82	51	103	62	124	82	165	103	206	124	248	2:3568305	132	165	198	264	330	396	0	0	0	0	0	0	0	0	0	0	0	0	0
326	41	82	51	103	62	124	82	165	103	207	124	248	2:3579615	132	165	198	264	330	396	0	0	0	0	0	0	0	0	0	0	0	0	0
327	41	83	52	104	62	124	83	166	104	208	124	249	2:3590490	132	165	198	264	330	396	0	0	0	0	0	0	0	0	0	0	0	0	0
328	41	83	52	104	62	125	83	166	104	208	125	250	2:3601365	132	165	198	264	330	396	0	0	0	0	0	0	0	0	0	0	0	0	0
329	41	83	52	104	62	125	83	167	104	209	125	251	2:3612240	132	165	198	264	330	396	50	100	150	200	250	300	10	10	10	10	10	10	0
330	41	83	52	104	62	125	83	167	104	209	125	251	2:3623550	134	168	201	268	335	402	0	0	0	0	0	0	0	0	0	0	0	0	0
331	42	84	52	105	63	126	84	168	105	210	126	252	2:3634425	134	167	201	268	335	402	0	0	0	0	0	0	0	0	0	0	0	0	0
332	42	84	52	105	63	126	84	168	105	211	126	253	2:3645300	134	168	201	268	335	402	0	0	0	0	0	0	0	0	0	0	0	0	0
333	42	84	52	105	63	127	84	169	105	211	127	254	2:3656175	134	167	201	268	335	402	0	0	0	0	0	0	0	0	0	0	0	0	0
334	42	84	53	106	63	127	84	169	106	212	127	254	2:3667485	134	168	201	268	335	402	0	0	0	0	0	0	0	0	0	0	0	0	0
335	42	85	53	106	63	127	85	170	106	212	127	255	2:3678360	136	170	204	272	340	408	0	0	0	0	0	0	0	0	0	0	0	0	0
336	42	85	53	106	64	128	85	170	106	213	128	256	2:3689235	136	170	204	272	340	408	0	0	0	0	0	0	0	0	0	0	0	0	0
337	42	85	53	107	64	128	85	171	107	214	128	257	2:3700110	136	170	204	272	340	408	0	0	0	0	0	0	0	0	0	0	0	0	0
338	42	85	53	107	64	128	85	171	107	214	128	257	2:3711420	136	170	204	272	340	408	0	0	0	0	0	0	0	0	0	0	0	0	0
339	43	86	53	107	64	129	86	172	107	215	129	258	2:3722295	136	170	204	272	340	408	50	100	150	200	250	300	10	10	10	10	10	10	0
340	43	86	54	108	64	129	86	172	108	216	129	259	2:3733170	138	172	207	276	345	414	0	0	0	0	0	0	0	0	0	0	0	0	0
341	43	86	54	108	65	130	86	173	108	216	130	260	2:3993648	138	173	207	276	345	414	0	0	0	0	0	0	0	0	0	0	0	0	0
342	43	86	54	108	65	130	86	173	108	217	130	260	2:4005712	138	172	207	276	345	414	0	0	0	0	0	0	0	0	0	0	0	0	0
343	43	87	54	108	65	130	87	174	108	217	130	261	2:4017312	138	173	207	276	345	414	0	0	0	0	0	0	0	0	0	0	0	0	0
344	43	87	54	109	65	131	87	174	109	218	131	262	2:4028912	138	172	207	276	345	414	0	0	0	0	0	0	0	0	0	0	0	0	0
345	43	87	54	109	65	131	87	175	109	219	131	262	2:4040512	140	175	210	280	350	420	0	0	0	0	0	0	0	0	0	0	0	0	0
346	43	87	54	109	65	131	87	175	109	219	131	263	2:4052576	140	175	210	280	350	420	0	0	0	0	0	0	0	0	0	0	0	0	0
347	44	88	55	110	66	132	88	176	110	220	132	264	2:4064176	140	175	210	280	350	420	0	0	0	0	0	0	0	0	0	0	0	0	0
348	44	88	55	110	66	132	88	176	110	220	132	265	2:4075776	140	175	210	280	350	420	0	0	0	0	0	0	0	0	0	0	0	0	0
349	44	88	55	110	66	132	88	177	110	221	132	265	2:4087376	140	175	210	280	350	420	50	100	150	200	250	300	10	10	10	10	10	10	0
350	44	88	55	111	66	133	88	177	111	222	133	266	2:4098976	142	178	213	284	355	426	0	0	0	0	0	0	0	0	0	0	0	0	0
351	44	89	55	111	66	133	89	178	111	222	133	267	2:4111040	142	177	213	284	355	426	0	0	0	0	0	0	0	0	0	0	0	0	0
352	44	89	55	111	67	134	89	178	111	223	134	268	2:4122640	142	178	213	284	355	426	0	0	0	0	0	0	0	0	0	0	0	0	0
353	44	89	56	112	67	134	89	179	112	224	134	268	2:4134240	142	177	213	284	355	426	0	0	0	0	0	0	0	0	0	0	0	0	0
354	44	89	56	112	67	134	89	179	112	224	134	269	2:4145840	142	178	213	284	355	426	0	0	0	0	0	0	0	0	0	0	0	0	0
355	45	90	56	112	67	135	90	180	112	225	135	270	2:4157904	144	180	216	288	360	432	0	0	0	0	0	0	0	0	0	0	0	0	0
356	45	90	56	112	67	135	90	180	112	225	135	271	2:4169504	144	180	216	288	360	432	0	0	0	0	0	0	0	0	0	0	0	0	0
357	45	90	56	113	67	135	90	181	113	226	135	271	2:4181104	144	180	216	288	360	432	0	0	0	0	0	0	0	0	0	0	0	0	0
358	45	90	56	113	68	136	90	181	113	227	136	272	2:4192704	144	180	216	288	360	432	0	0	0	0	0	0	0	0	0	0	0	0	0
359	45	91	56	113	68	136	91	182	113	227	136	273	2:4204768	144	180	216	288	360	432	50	100	150	200	250	300	10	10	10	10	10	10	0
360	45	91	57	114	68	137	91	182	114	228	137	274	2:4216368	146	182	219	292	365	438	0	0	0	0	0	0	0	0	0	0	0	0	0
361	45	91	57	114	68	137	91	183	114	229	137	274	2:4492216	146	183	219	292	365	438	0	0	0	0	0	0	0	0	0	0	0	0	0
362	45	91	57	114	68	137	91	183	114	229	137	275	2:4504541	146	182	219	292	365	438	0	0	0	0	0	0	0	0	0	0	0	0	0
363	46	92	57	115	69	138	92	184	115	230	138	276	2:4517359	146	183	219	292	365	438	0	0	0	0	0	0	0	0	0	0	0	0	0
364	46	92	57	115	69	138	92	184	115	230	138	277	2:4529684	146	182	219	292	365	438	0	0	0	0	0	0	0	0	0	0	0	0	0
365	46	92	57	115	69	138	92	185	115	231	138	277	2:4542009	148	185	222	296	370	444	0	0	0	0	0	0	0	0	0	0	0	0	0
366	46	92	58	116	69	139	92	185	116	232	139	278	2:4554334	148	185	222	296	370	444	0	0	0	0	0	0	0	0	0	0	0	0	0
367	46	93	58	116	69	139	93	186	116	232	139	279	2:4567152	148	185	222	296	370	444	0	0	0	0	0	0	0	0	0	0	0	0	0
368	46	93	58	116	70	140	93	186	116	233	140	280	2:4579477	148	185	222	296	370	444	0	0	0	0	0	0	0	0	0	0	0	0	0
369	46	93	58	116	70	140	93	187	116	233	140	280	2:4591802	148	185	222	296	370	444	50	100	150	200	250	300	10	10	10	10	10	10	0
370	46	93	58	117	70	140	93	187	117	234	140	281	2:4604127	150	188	225	300	375	450	0	0	0	0	0	0	0	0	0	0	0	0	0
371	47	94	58	117	70	141	94	188	117	235	141	282	2:4616945	150	187	225	300	375	450	0	0	0	0	0	0	0	0	0	0	0	0	0
372	47	94	58	117	70	141	94	188	117	235	141	282	2:4629270	150	188	225	300	375	450	0	0	0	0	0	0	0	0	0	0	0	0	0
373	47	94	59	118	70	141	94	189	118	236	141	283	2:4641595	150	187	225	300	375	450	0	0	0	0	0	0	0	0	0	0	0	0	0
374	47	94	59	118	71	142	94	189	118	237	142	284	2:4653920	150	188	225	300	375	450	0	0	0	0	0	0	0	0	0	0	0	0	0
375	47	95	59	118	71	142	95	190	118	237	142	285	2:4666245	152	190	228	304	380	456	0	0	0	0	0	0	0	0	0	0	0	0	0
376	47	95	59	119	71	142	95	190	119	238	142	285	2:4679063	152	190	228	304	380	456	0	0	0	0	0	0	0	0	0	0	0	0	0
377	47	95	59	119	71	143	95	191	119	238	143	286	2:4691388	152	190	228	304	380	456	0	0	0	0	0	0	0	0	0	0	0	0	0
378	47	95	59	119	71	143	95	191	119	239	143	287	2:4703713	152	190	228	304	380	456	0	0	0	0	0	0	0	0	0	0	0	0	0
379	48	96	60	120	72	144	96	192	120	240	144	288	2:4716038	152	190	228	304	380	456	50	100	150	200	250	300	10	10	10	10	10	10	0
380	48	96	60	120	72	144	96	192	120	240	144	288	2:4728856	154	192	231	308	385	462	0	0	0	0	0	0	0	0	0	0	0	0	0
381	48	96	60	120	72	144	96	193	120	241	144	289	2:5020074	154	193	231	308	385	462	0	0	0	0	0	0	0	0	0	0	0	0	0
382	48	96	60	120	72	145	96	193	120	241	145	290	2:5033124	154	192	231	308	385	462	0	0	0	0	0	0	0	0	0	0	0	0	0
383	48	97	60	121	72	145	97	194	121	242	145	291	2:5046174	154	193	231	308	385	462	0	0	0	0	0	0	0	0	0	0	0	0	0
384	48	97	60	121	72	145	97	194	121	243	145	291	2:5059746	154	192	231	308	385	462	0	0	0	0	0	0	0	0	0	0	0	0	0
385	48	97	60	121	73	146	97	195	121	243	146	292	2:5072796	156	195	234	312	390	468	0	0	0	0	0	0	0	0	0	0	0	0	0
386	48	97	61	122	73	146	97	195	122	244	146	293	2:5085846	156	195	234	312	390	468	0	0	0	0	0	0	0	0	0	0	0	0	0
387	49	98	61	122	73	147	98	196	122	245	147	294	2:5098896	156	195	234	312	390	468	0	0	0	0	0	0	0	0	0	0	0	0	0
388	49	98	61	122	73	147	98	196	122	245	147	294	2:5112468	156	195	234	312	390	468	0	0	0	0	0	0	0	0	0	0	0	0	0
389	49	98	61	123	73	147	98	197	123	246	147	295	2:5125518	156	195	234	312	390	468	50	100	150	200	250	300	10	10	10	10	10	10	0
390	49	98	61	123	74	148	98	197	123	246	148	296	2:5138568	158	198	237	316	395	474	0	0	0	0	0	0	0	0	0	0	0	0	0
391	49	99	61	123	74	148	99	198	123	247	148	297	2:5151618	158	197	237	316	395	474	0	0	0	0	0	0	0	0	0	0	0	0	0
392	49	99	62	124	74	148	99	198	124	248	148	297	2:5165190	158	198	237	316	395	474	0	0	0	0	0	0	0	0	0	0	0	0	0
393	49	99	62	124	74	149	99	199	124	248	149	298	2:5178240	158	197	237	316	395	474	0	0	0	0	0	0	0	0	0	0	0	0	0
394	49	99	62	124	74	149	99	199	124	249	149	299	2:5191290	158	198	237	316	395	474	0	0	0	0	0	0	0	0	0	0	0	0	0
395	50	100	62	125	75	150	100	200	125	250	150	300	2:5204340	160	200	240	320	400	480	0	0	0	0	0	0	0	0	0	0	0	0	0
396	50	100	62	125	75	150	100	200	125	250	150	300	2:5217912	160	200	240	320	400	480	0	0	0	0	0	0	0	0	0	0	0	0	0
397	50	100	62	125	75	150	100	200	125	251	150	301	2:5230962	160	200	240	320	400	480	0	0	0	0	0	0	0	0	0	0	0	0	0
398	50	100	62	125	75	151	100	201	125	251	151	302	2:5244012	160	200	240	320	400	480	0	0	0	0	0	0	0	0	0	0	0	0	0
399	50	100	63	126	75	151	100	201	126	252	151	302	2:5257062	160	200	240	320	400	480	50	100	150	200	250	300	10	10	10	10	10	10	0
400	50	101	63	126	75	151	101	202	126	253	151	303	2:5270112	162	202	243	324	405	486	0	0	0	0	0	0	0	0	0	0	0	0	0
401	50	101	63	126	76	152	101	202	126	253	152	304	2:5577222	162	203	243	324	405	486	0	0	0	0	0	0	0	0	0	0	0	0	0
402	50	101	63	127	76	152	101	203	127	254	152	305	2:5590997	162	202	243	324	405	486	0	0	0	0	0	0	0	0	0	0	0	0	0
403	50	101	63	127	76	152	101	203	127	254	152	305	2:5604772	162	203	243	324	405	486	0	0	0	0	0	0	0	0	0	0	0	0	0
404	51	102	63	127	76	153	102	204	127	255	153	306	2:5618547	162	202	243	324	405	486	0	0	0	0	0	0	0	0	0	0	0	0	0
405	51	102	64	128	76	153	102	204	128	256	153	307	2:5632873	164	205	246	328	410	492	0	0	0	0	0	0	0	0	0	0	0	0	0
406	51	102	64	128	77	154	102	205	128	256	154	308	2:5646648	164	205	246	328	410	492	0	0	0	0	0	0	0	0	0	0	0	0	0
407	51	102	64	128	77	154	102	205	128	257	154	308	2:5660423	164	205	246	328	410	492	0	0	0	0	0	0	0	0	0	0	0	0	0
408	51	103	64	129	77	154	103	206	129	258	154	309	2:5674198	164	205	246	328	410	492	0	0	0	0	0	0	0	0	0	0	0	0	0
409	51	103	64	129	77	155	103	206	129	258	155	310	2:5688524	164	205	246	328	410	492	50	100	150	200	250	300	10	10	10	10	10	10	0
410	51	103	64	129	77	155	103	207	129	259	155	311	2:5702299	166	208	249	332	415	498	0	0	0	0	0	0	0	0	0	0	0	0	0
411	51	103	64	129	77	155	103	207	129	259	155	311	2:5716074	166	207	249	332	415	498	0	0	0	0	0	0	0	0	0	0	0	0	0
412	52	104	65	130	78	156	104	208	130	260	156	312	2:5729849	166	208	249	332	415	498	0	0	0	0	0	0	0	0	0	0	0	0	0
413	52	104	65	130	78	156	104	208	130	261	156	313	2:5744175	166	207	249	332	415	498	0	0	0	0	0	0	0	0	0	0	0	0	0
414	52	104	65	130	78	157	104	209	130	261	157	314	2:5757950	166	208	249	332	415	498	0	0	0	0	0	0	0	0	0	0	0	0	0
415	52	104	65	131	78	157	104	209	131	262	157	314	2:5771725	168	210	252	336	420	504	0	0	0	0	0	0	0	0	0	0	0	0	0
416	52	105	65	131	78	157	105	210	131	262	157	315	2:5785500	168	210	252	336	420	504	0	0	0	0	0	0	0	0	0	0	0	0	0
417	52	105	65	131	79	158	105	210	131	263	158	316	2:5799826	168	210	252	336	420	504	0	0	0	0	0	0	0	0	0	0	0	0	0
418	52	105	66	132	79	158	105	211	132	264	158	317	2:5813601	168	210	252	336	420	504	0	0	0	0	0	0	0	0	0	0	0	0	0
419	52	105	66	132	79	158	105	211	132	264	158	317	2:5827376	168	210	252	336	420	504	50	100	150	200	250	300	10	10	10	10	10	10	0
420	53	106	66	132	79	159	106	212	132	265	159	318	2:5841151	170	212	255	340	425	510	0	0	0	0	0	0	0	0	0	0	0	0	0
421	53	106	66	133	79	159	106	212	133	266	159	319	2:6163660	170	213	255	340	425	510	0	0	0	0	0	0	0	0	0	0	0	0	0
422	53	106	66	133	80	160	106	213	133	266	160	320	2:6178160	170	212	255	340	425	510	0	0	0	0	0	0	0	0	0	0	0	0	0
423	53	106	66	133	80	160	106	213	133	267	160	320	2:6192660	170	213	255	340	425	510	0	0	0	0	0	0	0	0	0	0	0	0	0
424	53	107	66	133	80	160	107	214	133	267	160	321	2:6207160	170	212	255	340	425	510	0	0	0	0	0	0	0	0	0	0	0	0	0
425	53	107	67	134	80	161	107	214	134	268	161	322	2:6221660	172	215	258	344	430	516	0	0	0	0	0	0	0	0	0	0	0	0	0
426	53	107	67	134	80	161	107	215	134	269	161	322	2:6236740	172	215	258	344	430	516	0	0	0	0	0	0	0	0	0	0	0	0	0
427	53	107	67	134	80	161	107	215	134	269	161	323	2:6251240	172	215	258	344	430	516	0	0	0	0	0	0	0	0	0	0	0	0	0
428	54	108	67	135	81	162	108	216	135	270	162	324	2:6265740	172	215	258	344	430	516	0	0	0	0	0	0	0	0	0	0	0	0	0
429	54	108	67	135	81	162	108	216	135	270	162	325	2:6280240	172	215	258	344	430	516	50	100	150	200	250	300	10	10	10	10	10	10	0
430	54	108	67	135	81	162	108	217	135	271	162	325	2:6295320	174	218	261	348	435	522	0	0	0	0	0	0	0	0	0	0	0	0	0
431	54	108	68	136	81	163	108	217	136	272	163	326	2:6309820	174	217	261	348	435	522	0	0	0	0	0	0	0	0	0	0	0	0	0
432	54	109	68	136	81	163	109	218	136	272	163	327	2:6324320	174	218	261	348	435	522	0	0	0	0	0	0	0	0	0	0	0	0	0
433	54	109	68	136	82	164	109	218	136	273	164	328	2:6338820	174	217	261	348	435	522	0	0	0	0	0	0	0	0	0	0	0	0	0
434	54	109	68	137	82	164	109	219	137	274	164	328	2:6353900	174	218	261	348	435	522	0	0	0	0	0	0	0	0	0	0	0	0	0
435	54	109	68	137	82	164	109	219	137	274	164	329	2:6368400	176	220	264	352	440	528	0	0	0	0	0	0	0	0	0	0	0	0	0
436	55	110	68	137	82	165	110	220	137	275	165	330	2:6382900	176	220	264	352	440	528	0	0	0	0	0	0	0	0	0	0	0	0	0
437	55	110	68	137	82	165	110	220	137	275	165	331	2:6397400	176	220	264	352	440	528	0	0	0	0	0	0	0	0	0	0	0	0	0
438	55	110	69	138	82	165	110	221	138	276	165	331	2:6412480	176	220	264	352	440	528	0	0	0	0	0	0	0	0	0	0	0	0	0
439	55	110	69	138	83	166	110	221	138	277	166	332	2:6426980	176	220	264	352	440	528	50	100	150	200	250	300	10	10	10	10	10	10	0
440	55	111	69	138	83	166	111	222	138	277	166	333	2:6441480	178	222	267	356	445	534	0	0	0	0	0	0	0	0	0	0	0	0	0
441	55	111	69	139	83	167	111	222	139	278	167	334	2:6778779	178	223	267	356	445	534	0	0	0	0	0	0	0	0	0	0	0	0	0
442	55	111	69	139	83	167	111	223	139	279	167	334	2:6794613	178	222	267	356	445	534	0	0	0	0	0	0	0	0	0	0	0	0	0
443	55	111	69	139	83	167	111	223	139	279	167	335	2:6809838	178	223	267	356	445	534	0	0	0	0	0	0	0	0	0	0	0	0	0
444	56	112	70	140	84	168	112	224	140	280	168	336	2:6825063	178	222	267	356	445	534	0	0	0	0	0	0	0	0	0	0	0	0	0
445	56	112	70	140	84	168	112	224	140	280	168	337	2:6840288	180	225	270	360	450	540	0	0	0	0	0	0	0	0	0	0	0	0	0
446	56	112	70	140	84	168	112	225	140	281	168	337	2:6856122	180	225	270	360	450	540	0	0	0	0	0	0	0	0	0	0	0	0	0
447	56	112	70	141	84	169	112	225	141	282	169	338	2:6871347	180	225	270	360	450	540	0	0	0	0	0	0	0	0	0	0	0	0	0
448	56	113	70	141	84	169	113	226	141	282	169	339	2:6886572	180	225	270	360	450	540	0	0	0	0	0	0	0	0	0	0	0	0	0
449	56	113	70	141	85	170	113	226	141	283	170	340	2:6901797	180	225	270	360	450	540	50	100	150	200	250	300	10	10	10	10	10	10	0
450	56	113	70	141	85	170	113	227	141	283	170	340	2:6917022	182	228	273	364	455	546	0	0	0	0	0	0	0	0	0	0	0	0	0
451	56	113	71	142	85	170	113	227	142	284	170	341	2:6932856	182	227	273	364	455	546	0	0	0	0	0	0	0	0	0	0	0	0	0
452	57	114	71	142	85	171	114	228	142	285	171	342	2:6948081	182	228	273	364	455	546	0	0	0	0	0	0	0	0	0	0	0	0	0
453	57	114	71	142	85	171	114	228	142	285	171	342	2:6963306	182	227	273	364	455	546	0	0	0	0	0	0	0	0	0	0	0	0	0
454	57	114	71	143	85	171	114	229	143	286	171	343	2:6978531	182	228	273	364	455	546	0	0	0	0	0	0	0	0	0	0	0	0	0
455	57	114	71	143	86	172	114	229	143	287	172	344	2:6994365	184	230	276	368	460	552	0	0	0	0	0	0	0	0	0	0	0	0	0
456	57	115	71	143	86	172	115	230	143	287	172	345	2:7009590	184	230	276	368	460	552	0	0	0	0	0	0	0	0	0	0	0	0	0
457	57	115	72	144	86	172	115	230	144	288	172	345	2:7024815	184	230	276	368	460	552	0	0	0	0	0	0	0	0	0	0	0	0	0
458	57	115	72	144	86	173	115	231	144	288	173	346	2:7040040	184	230	276	368	460	552	0	0	0	0	0	0	0	0	0	0	0	0	0
459	57	115	72	144	86	173	115	231	144	289	173	347	2:7055874	184	230	276	368	460	552	50	100	150	200	250	300	10	10	10	10	10	10	0
460	58	116	72	145	87	174	116	232	145	290	174	348	2:7071099	186	232	279	372	465	558	0	0	0	0	0	0	0	0	0	0	0	0	0
461	58	116	72	145	87	174	116	232	145	290	174	348	2:7423768	186	233	279	372	465	558	0	0	0	0	0	0	0	0	0	0	0	0	0
462	58	116	72	145	87	174	116	233	145	291	174	349	2:7439718	186	232	279	372	465	558	0	0	0	0	0	0	0	0	0	0	0	0	0
463	58	116	72	145	87	175	116	233	145	291	175	350	2:7456306	186	233	279	372	465	558	0	0	0	0	0	0	0	0	0	0	0	0	0
464	58	117	73	146	87	175	117	234	146	292	175	351	2:7472256	186	232	279	372	465	558	0	0	0	0	0	0	0	0	0	0	0	0	0
465	58	117	73	146	87	175	117	234	146	293	175	351	2:7488206	188	235	282	376	470	564	0	0	0	0	0	0	0	0	0	0	0	0	0
466	58	117	73	146	88	176	117	235	146	293	176	352	2:7504156	188	235	282	376	470	564	0	0	0	0	0	0	0	0	0	0	0	0	0
467	58	117	73	147	88	176	117	235	147	294	176	353	2:7520744	188	235	282	376	470	564	0	0	0	0	0	0	0	0	0	0	0	0	0
468	59	118	73	147	88	177	118	236	147	295	177	354	2:7536694	188	235	282	376	470	564	0	0	0	0	0	0	0	0	0	0	0	0	0
469	59	118	73	147	88	177	118	236	147	295	177	354	2:7552644	188	235	282	376	470	564	50	100	150	200	250	300	10	10	10	10	10	10	0
470	59	118	74	148	88	177	118	237	148	296	177	355	2:7568594	190	238	285	380	475	570	0	0	0	0	0	0	0	0	0	0	0	0	0
471	59	118	74	148	89	178	118	237	148	296	178	356	2:7585182	190	237	285	380	475	570	0	0	0	0	0	0	0	0	0	0	0	0	0
472	59	119	74	148	89	178	119	238	148	297	178	357	2:7601132	190	238	285	380	475	570	0	0	0	0	0	0	0	0	0	0	0	0	0
473	59	119	74	149	89	178	119	238	149	298	178	357	2:7617082	190	237	285	380	475	570	0	0	0	0	0	0	0	0	0	0	0	0	0
474	59	119	74	149	89	179	119	239	149	298	179	358	2:7633032	190	238	285	380	475	570	0	0	0	0	0	0	0	0	0	0	0	0	0
475	59	119	74	149	89	179	119	239	149	299	179	359	2:7648982	192	240	288	384	480	576	0	0	0	0	0	0	0	0	0	0	0	0	0
476	60	120	75	150	90	180	120	240	150	300	180	360	2:7665570	192	240	288	384	480	576	0	0	0	0	0	0	0	0	0	0	0	0	0
477	60	120	75	150	90	180	120	240	150	300	180	360	2:7681520	192	240	288	384	480	576	0	0	0	0	0	0	0	0	0	0	0	0	0
478	60	120	75	150	90	180	120	240	150	301	180	361	2:7697470	192	240	288	384	480	576	0	0	0	0	0	0	0	0	0	0	0	0	0
479	60	120	75	150	90	181	120	241	150	301	181	362	2:7713420	192	240	288	384	480	576	50	100	150	200	250	300	10	10	10	10	10	10	0
480	60	120	75	151	90	181	120	241	151	302	181	362	2:7730008	194	242	291	388	485	582	0	0	0	0	0	0	0	0	0	0	0	0	0
481	60	121	75	151	90	181	121	242	151	303	181	363	2:8098047	194	243	291	388	485	582	0	0	0	0	0	0	0	0	0	0	0	0	0
482	60	121	75	151	91	182	121	242	151	303	182	364	2:8114722	194	242	291	388	485	582	0	0	0	0	0	0	0	0	0	0	0	0	0
483	60	121	76	152	91	182	121	243	152	304	182	365	2:8131397	194	243	291	388	485	582	0	0	0	0	0	0	0	0	0	0	0	0	0
484	60	121	76	152	91	182	121	243	152	304	182	365	2:8148739	194	242	291	388	485	582	0	0	0	0	0	0	0	0	0	0	0	0	0
485	61	122	76	152	91	183	122	244	152	305	183	366	2:8165414	196	245	294	392	490	588	0	0	0	0	0	0	0	0	0	0	0	0	0
486	61	122	76	153	91	183	122	244	153	306	183	367	2:8182089	196	245	294	392	490	588	0	0	0	0	0	0	0	0	0	0	0	0	0
487	61	122	76	153	92	184	122	245	153	306	184	368	2:8198764	196	245	294	392	490	588	0	0	0	0	0	0	0	0	0	0	0	0	0
488	61	122	76	153	92	184	122	245	153	307	184	368	2:8216106	196	245	294	392	490	588	0	0	0	0	0	0	0	0	0	0	0	0	0
489	61	123	77	154	92	184	123	246	154	308	184	369	2:8232781	196	245	294	392	490	588	50	100	150	200	250	300	10	10	10	10	10	10	0
490	61	123	77	154	92	185	123	246	154	308	185	370	2:8249456	198	248	297	396	495	594	0	0	0	0	0	0	0	0	0	0	0	0	0
491	61	123	77	154	92	185	123	247	154	309	185	371	2:8266131	198	247	297	396	495	594	0	0	0	0	0	0	0	0	0	0	0	0	0
492	61	123	77	154	92	185	123	247	154	309	185	371	2:8283473	198	248	297	396	495	594	0	0	0	0	0	0	0	0	0	0	0	0	0
493	62	124	77	155	93	186	124	248	155	310	186	372	2:8300148	198	247	297	396	495	594	0	0	0	0	0	0	0	0	0	0	0	0	0
494	62	124	77	155	93	186	124	248	155	311	186	373	2:8316823	198	248	297	396	495	594	0	0	0	0	0	0	0	0	0	0	0	0	0
495	62	124	77	155	93	187	124	249	155	311	187	374	2:8333498	200	250	300	400	500	600	0	0	0	0	0	0	0	0	0	0	0	0	0
496	62	124	78	156	93	187	124	249	156	312	187	374	2:8350840	200	250	300	400	500	600	0	0	0	0	0	0	0	0	0	0	0	0	0
497	62	125	78	156	93	187	125	250	156	312	187	375	2:8367515	200	250	300	400	500	600	0	0	0	0	0	0	0	0	0	0	0	0	0
498	62	125	78	156	94	188	125	250	156	313	188	376	2:8384190	200	250	300	400	500	600	0	0	0	0	0	0	0	0	0	0	0	0	0
499	62	125	78	157	94	188	125	251	157	314	188	377	2:8400865	200	250	300	400	500	600	50	100	150	200	250	300	10	10	10	10	10	10	0
500	62	125	78	157	94	188	125	251	157	314	188	377	2:8417540	202	252	303	404	505	606	0	0	0	0	0	0	0	0	0	0	0	0	0
501	63	126	78	157	94	189	126	252	157	315	189	378	2:8801616	202	253	303	404	505	606	0	0	0	0	0	0	0	0	0	0	0	0	0
502	63	126	79	158	94	189	126	252	158	316	189	379	2:8819016	202	252	303	404	505	606	0	0	0	0	0	0	0	0	0	0	0	0	0
503	63	126	79	158	95	190	126	253	158	316	190	380	2:8836416	202	253	303	404	505	606	0	0	0	0	0	0	0	0	0	0	0	0	0
504	63	126	79	158	95	190	126	253	158	317	190	380	2:8853816	202	252	303	404	505	606	0	0	0	0	0	0	0	0	0	0	0	0	0
505	63	127	79	158	95	190	127	254	158	317	190	381	2:8871912	204	255	306	408	510	612	0	0	0	0	0	0	0	0	0	0	0	0	0
506	63	127	79	159	95	191	127	254	159	318	191	382	2:8889312	204	255	306	408	510	612	0	0	0	0	0	0	0	0	0	0	0	0	0
507	63	127	79	159	95	191	127	255	159	319	191	382	2:8906712	204	255	306	408	510	612	0	0	0	0	0	0	0	0	0	0	0	0	0
508	63	127	79	159	95	191	127	255	159	319	191	383	2:8924112	204	255	306	408	510	612	0	0	0	0	0	0	0	0	0	0	0	0	0
509	64	128	80	160	96	192	128	256	160	320	192	384	2:8942208	204	255	306	408	510	612	50	100	150	200	250	300	10	10	10	10	10	10	0
510	64	128	80	160	96	192	128	256	160	320	192	385	2:8959608	206	258	309	412	515	618	0	0	0	0	0	0	0	0	0	0	0	0	0
511	64	128	80	160	96	192	128	257	160	321	192	385	2:8977008	206	257	309	412	515	618	0	0	0	0	0	0	0	0	0	0	0	0	0
512	64	128	80	161	96	193	128	257	161	322	193	386	2:8994408	206	258	309	412	515	618	0	0	0	0	0	0	0	0	0	0	0	0	0
513	64	129	80	161	96	193	129	258	161	322	193	387	2:9012504	206	257	309	412	515	618	0	0	0	0	0	0	0	0	0	0	0	0	0
514	64	129	80	161	97	194	129	258	161	323	194	388	2:9029904	206	258	309	412	515	618	0	0	0	0	0	0	0	0	0	0	0	0	0
515	64	129	81	162	97	194	129	259	162	324	194	388	2:9047304	208	260	312	416	520	624	0	0	0	0	0	0	0	0	0	0	0	0	0
516	64	129	81	162	97	194	129	259	162	324	194	389	2:9064704	208	260	312	416	520	624	0	0	0	0	0	0	0	0	0	0	0	0	0
517	65	130	81	162	97	195	130	260	162	325	195	390	2:9082800	208	260	312	416	520	624	0	0	0	0	0	0	0	0	0	0	0	0	0
518	65	130	81	162	97	195	130	260	162	325	195	391	2:9100200	208	260	312	416	520	624	0	0	0	0	0	0	0	0	0	0	0	0	0
519	65	130	81	163	97	195	130	261	163	326	195	391	2:9117600	208	260	312	416	520	624	50	100	150	200	250	300	10	10	10	10	10	10	0
520	65	130	81	163	98	196	130	261	163	327	196	392	2:9135000	210	262	315	420	525	630	0	0	0	0	0	0	0	0	0	0	0	0	0
521	65	131	81	163	98	196	131	262	163	327	196	393	2:9534475	210	263	315	420	525	630	0	0	0	0	0	0	0	0	0	0	0	0	0
522	65	131	82	164	98	197	131	262	164	328	197	394	2:9552600	210	262	315	420	525	630	0	0	0	0	0	0	0	0	0	0	0	0	0
523	65	131	82	164	98	197	131	263	164	329	197	394	2:9570725	210	263	315	420	525	630	0	0	0	0	0	0	0	0	0	0	0	0	0
524	65	131	82	164	98	197	131	263	164	329	197	395	2:9588850	210	262	315	420	525	630	0	0	0	0	0	0	0	0	0	0	0	0	0
525	66	132	82	165	99	198	132	264	165	330	198	396	2:9606975	212	265	318	424	530	636	0	0	0	0	0	0	0	0	0	0	0	0	0
526	66	132	82	165	99	198	132	264	165	330	198	397	2:9625825	212	265	318	424	530	636	0	0	0	0	0	0	0	0	0	0	0	0	0
527	66	132	82	165	99	198	132	265	165	331	198	397	2:9643950	212	265	318	424	530	636	0	0	0	0	0	0	0	0	0	0	0	0	0
528	66	132	83	166	99	199	132	265	166	332	199	398	2:9662075	212	265	318	424	530	636	0	0	0	0	0	0	0	0	0	0	0	0	0
529	66	133	83	166	99	199	133	266	166	332	199	399	2:9680200	212	265	318	424	530	636	50	100	150	200	250	300	10	10	10	10	10	10	0
530	66	133	83	166	100	200	133	266	166	333	200	400	2:9699050	214	268	321	428	535	642	0	0	0	0	0	0	0	0	0	0	0	0	0
531	66	133	83	166	100	200	133	267	166	333	200	400	2:9717175	214	267	321	428	535	642	0	0	0	0	0	0	0	0	0	0	0	0	0
532	66	133	83	167	100	200	133	267	167	334	200	401	2:9735300	214	268	321	428	535	642	0	0	0	0	0	0	0	0	0	0	0	0	0
533	67	134	83	167	100	201	134	268	167	335	201	402	2:9753425	214	267	321	428	535	642	0	0	0	0	0	0	0	0	0	0	0	0	0
534	67	134	83	167	100	201	134	268	167	335	201	402	2:9772275	214	268	321	428	535	642	0	0	0	0	0	0	0	0	0	0	0	0	0
535	67	134	84	168	100	201	134	269	168	336	201	403	2:9790400	216	270	324	432	540	648	0	0	0	0	0	0	0	0	0	0	0	0	0
536	67	134	84	168	101	202	134	269	168	337	202	404	2:9808525	216	270	324	432	540	648	0	0	0	0	0	0	0	0	0	0	0	0	0
537	67	135	84	168	101	202	135	270	168	337	202	405	2:9826650	216	270	324	432	540	648	0	0	0	0	0	0	0	0	0	0	0	0	0
538	67	135	84	169	101	202	135	270	169	338	202	405	2:9845500	216	270	324	432	540	648	0	0	0	0	0	0	0	0	0	0	0	0	0
539	67	135	84	169	101	203	135	271	169	338	203	406	2:9863625	216	270	324	432	540	648	50	100	150	200	250	300	10	10	10	10	10	10	0
540	67	135	84	169	101	203	135	271	169	339	203	407	2:9881750	218	272	327	436	545	654	0	0	0	0	0	0	0	0	0	0	0	0	0
541	68	136	85	170	102	204	136	272	170	340	204	408	2:10295870	218	273	327	436	545	654	0	0	0	0	0	0	0	0	0	0	0	0	0
542	68	136	85	170	102	204	136	272	170	340	204	408	2:10315474	218	272	327	436	545	654	0	0	0	0	0	0	0	0	0	0	0	0	0
543	68	136	85	170	102	204	136	273	170	341	204	409	2:10334324	218	273	327	436	545	654	0	0	0	0	0	0	0	0	0	0	0	0	0
544	68	136	85	170	102	205	136	273	170	341	205	410	2:10353174	218	272	327	436	545	654	0	0	0	0	0	0	0	0	0	0	0	0	0
545	68	137	85	171	102	205	137	274	171	342	205	411	2:10372024	220	275	330	440	550	660	0	0	0	0	0	0	0	0	0	0	0	0	0
546	68	137	85	171	102	205	137	274	171	343	205	411	2:10391628	220	275	330	440	550	660	0	0	0	0	0	0	0	0	0	0	0	0	0
547	68	137	85	171	103	206	137	275	171	343	206	412	2:10410478	220	275	330	440	550	660	0	0	0	0	0	0	0	0	0	0	0	0	0
548	68	137	86	172	103	206	137	275	172	344	206	413	2:10429328	220	275	330	440	550	660	0	0	0	0	0	0	0	0	0	0	0	0	0
549	69	138	86	172	103	207	138	276	172	345	207	414	2:10448178	220	275	330	440	550	660	50	100	150	200	250	300	10	10	10	10	10	10	0
550	69	138	86	172	103	207	138	276	172	345	207	414	2:10467028	222	278	333	444	555	666	0	0	0	0	0	0	0	0	0	0	0	0	0
551	69	138	86	173	103	207	138	277	173	346	207	415	2:10486632	222	277	333	444	555	666	0	0	0	0	0	0	0	0	0	0	0	0	0
552	69	138	86	173	104	208	138	277	173	346	208	416	2:10505482	222	278	333	444	555	666	0	0	0	0	0	0	0	0	0	0	0	0	0
553	69	139	86	173	104	208	139	278	173	347	208	417	2:10524332	222	277	333	444	555	666	0	0	0	0	0	0	0	0	0	0	0	0	0
554	69	139	87	174	104	208	139	278	174	348	208	417	2:10543182	222	278	333	444	555	666	0	0	0	0	0	0	0	0	0	0	0	0	0
555	69	139	87	174	104	209	139	279	174	348	209	418	2:10562786	224	280	336	448	560	672	0	0	0	0	0	0	0	0	0	0	0	0	0
556	69	139	87	174	104	209	139	279	174	349	209	419	2:10581636	224	280	336	448	560	672	0	0	0	0	0	0	0	0	0	0	0	0	0
557	70	140	87	175	105	210	140	280	175	350	210	420	2:10600486	224	280	336	448	560	672	0	0	0	0	0	0	0	0	0	0	0	0	0
558	70	140	87	175	105	210	140	280	175	350	210	420	2:10619336	224	280	336	448	560	672	0	0	0	0	0	0	0	0	0	0	0	0	0
559	70	140	87	175	105	210	140	280	175	351	210	421	2:10638940	224	280	336	448	560	672	50	100	150	200	250	300	10	10	10	10	10	10	0
560	70	140	87	175	105	211	140	281	175	351	211	422	2:10657790	226	282	339	452	565	678	0	0	0	0	0	0	0	0	0	0	0	0	0
561	70	140	88	176	105	211	140	281	176	352	211	422	2:11087280	226	283	339	452	565	678	0	0	0	0	0	0	0	0	0	0	0	0	0
562	70	141	88	176	105	211	141	282	176	353	211	423	2:11106855	226	282	339	452	565	678	0	0	0	0	0	0	0	0	0	0	0	0	0
563	70	141	88	176	106	212	141	282	176	353	212	424	2:11127213	226	283	339	452	565	678	0	0	0	0	0	0	0	0	0	0	0	0	0
564	70	141	88	177	106	212	141	283	177	354	212	425	2:11146788	226	282	339	452	565	678	0	0	0	0	0	0	0	0	0	0	0	0	0
565	70	141	88	177	106	212	141	283	177	354	212	425	2:11166363	228	285	342	456	570	684	0	0	0	0	0	0	0	0	0	0	0	0	0
566	71	142	88	177	106	213	142	284	177	355	213	426	2:11185938	228	285	342	456	570	684	0	0	0	0	0	0	0	0	0	0	0	0	0
567	71	142	89	178	106	213	142	284	178	356	213	427	2:11206296	228	285	342	456	570	684	0	0	0	0	0	0	0	0	0	0	0	0	0
568	71	142	89	178	107	214	142	285	178	356	214	428	2:11225871	228	285	342	456	570	684	0	0	0	0	0	0	0	0	0	0	0	0	0
569	71	142	89	178	107	214	142	285	178	357	214	428	2:11245446	228	285	342	456	570	684	50	100	150	200	250	300	10	10	10	10	10	10	0
570	71	143	89	179	107	214	143	286	179	358	214	429	2:11265021	230	288	345	460	575	690	0	0	0	0	0	0	0	0	0	0	0	0	0
571	71	143	89	179	107	215	143	286	179	358	215	430	2:11285379	230	287	345	460	575	690	0	0	0	0	0	0	0	0	0	0	0	0	0
572	71	143	89	179	107	215	143	287	179	359	215	431	2:11304954	230	288	345	460	575	690	0	0	0	0	0	0	0	0	0	0	0	0	0
573	71	143	89	179	107	215	143	287	179	359	215	431	2:11324529	230	287	345	460	575	690	0	0	0	0	0	0	0	0	0	0	0	0	0
574	72	144	90	180	108	216	144	288	180	360	216	432	2:11344104	230	288	345	460	575	690	0	0	0	0	0	0	0	0	0	0	0	0	0
575	72	144	90	180	108	216	144	288	180	361	216	433	2:11363679	232	290	348	464	580	696	0	0	0	0	0	0	0	0	0	0	0	0	0
576	72	144	90	180	108	217	144	289	180	361	217	434	2:11384037	232	290	348	464	580	696	0	0	0	0	0	0	0	0	0	0	0	0	0
577	72	144	90	181	108	217	144	289	181	362	217	434	2:11403612	232	290	348	464	580	696	0	0	0	0	0	0	0	0	0	0	0	0	0
578	72	145	90	181	108	217	145	290	181	362	217	435	2:11423187	232	290	348	464	580	696	0	0	0	0	0	0	0	0	0	0	0	0	0
579	72	145	90	181	109	218	145	290	181	363	218	436	2:11442762	232	290	348	464	580	696	50	100	150	200	250	300	10	10	10	10	10	10	0
580	72	145	91	182	109	218	145	291	182	364	218	437	2:11463120	234	292	351	468	585	702	0	0	0	0	0	0	0	0	0	0	0	0	0
581	72	145	91	182	109	218	145	291	182	364	218	437	2:11907980	234	293	351	468	585	702	0	0	0	0	0	0	0	0	0	0	0	0	0
582	73	146	91	182	109	219	146	292	182	365	219	438	2:11928280	234	292	351	468	585	702	0	0	0	0	0	0	0	0	0	0	0	0	0
583	73	146	91	183	109	219	146	292	183	366	219	439	2:11948580	234	293	351	468	585	702	0	0	0	0	0	0	0	0	0	0	0	0	0
584	73	146	91	183	110	220	146	293	183	366	220	440	2:11969692	234	292	351	468	585	702	0	0	0	0	0	0	0	0	0	0	0	0	0
585	73	146	91	183	110	220	146	293	183	367	220	440	2:11989992	236	295	354	472	590	708	0	0	0	0	0	0	0	0	0	0	0	0	0
586	73	147	91	183	110	220	147	294	183	367	220	441	2:12010292	236	295	354	472	590	708	0	0	0	0	0	0	0	0	0	0	0	0	0
587	73	147	92	184	110	221	147	294	184	368	221	442	2:12030592	236	295	354	472	590	708	0	0	0	0	0	0	0	0	0	0	0	0	0
588	73	147	92	184	110	221	147	295	184	369	221	442	2:12051704	236	295	354	472	590	708	0	0	0	0	0	0	0	0	0	0	0	0	0
589	73	147	92	184	110	221	147	295	184	369	221	443	2:12072004	236	295	354	472	590	708	50	100	150	200	250	300	10	10	10	10	10	10	0
590	74	148	92	185	111	222	148	296	185	370	222	444	2:12092304	238	298	357	476	595	714	0	0	0	0	0	0	0	0	0	0	0	0	0
591	74	148	92	185	111	222	148	296	185	370	222	445	2:12112604	238	297	357	476	595	714	0	0	0	0	0	0	0	0	0	0	0	0	0
592	74	148	92	185	111	222	148	297	185	371	222	445	2:12133716	238	298	357	476	595	714	0	0	0	0	0	0	0	0	0	0	0	0	0
593	74	148	93	186	111	223	148	297	186	372	223	446	2:12154016	238	297	357	476	595	714	0	0	0	0	0	0	0	0	0	0	0	0	0
594	74	149	93	186	111	223	149	298	186	372	223	447	2:12174316	238	298	357	476	595	714	0	0	0	0	0	0	0	0	0	0	0	0	0
595	74	149	93	186	112	224	149	298	186	373	224	448	2:12194616	240	300	360	480	600	720	0	0	0	0	0	0	0	0	0	0	0	0	0
596	74	149	93	187	112	224	149	299	187	374	224	448	2:12215728	240	300	360	480	600	720	0	0	0	0	0	0	0	0	0	0	0	0	0
597	74	149	93	187	112	224	149	299	187	374	224	449	2:12236028	240	300	360	480	600	720	0	0	0	0	0	0	0	0	0	0	0	0	0
598	75	150	93	187	112	225	150	300	187	375	225	450	2:12256328	240	300	360	480	600	720	0	0	0	0	0	0	0	0	0	0	0	0	0
599	75	150	93	187	112	225	150	300	187	375	225	451	2:12276628	240	300	360	480	600	720	50	100	150	200	250	300	10	10	10	10	10	10	0
600	75	150	94	188	112	225	150	301	188	376	225	451	2:12296928	242	302	363	484	605	726	0	0	0	0	0	0	0	0	0	0	0	0	0
601	75	150	94	188	113	226	150	301	188	377	226	452	2:12757970	242	303	363	484	605	726	0	0	0	0	0	0	0	0	0	0	0	0	0
602	75	151	94	188	113	226	151	302	188	377	226	453	2:12778995	242	302	363	484	605	726	0	0	0	0	0	0	0	0	0	0	0	0	0
603	75	151	94	189	113	227	151	302	189	378	227	454	2:12800020	242	303	363	484	605	726	0	0	0	0	0	0	0	0	0	0	0	0	0
604	75	151	94	189	113	227	151	303	189	379	227	454	2:12821045	242	302	363	484	605	726	0	0	0	0	0	0	0	0	0	0	0	0	0
605	75	151	94	189	113	227	151	303	189	379	227	455	2:12842911	244	305	366	488	610	732	0	0	0	0	0	0	0	0	0	0	0	0	0
606	76	152	95	190	114	228	152	304	190	380	228	456	2:12863936	244	305	366	488	610	732	0	0	0	0	0	0	0	0	0	0	0	0	0
607	76	152	95	190	114	228	152	304	190	380	228	457	2:12884961	244	305	366	488	610	732	0	0	0	0	0	0	0	0	0	0	0	0	0
608	76	152	95	190	114	228	152	305	190	381	228	457	2:12905986	244	305	366	488	610	732	0	0	0	0	0	0	0	0	0	0	0	0	0
609	76	152	95	191	114	229	152	305	191	382	229	458	2:12927852	244	305	366	488	610	732	50	100	150	200	250	300	10	10	10	10	10	10	0
610	76	153	95	191	114	229	153	306	191	382	229	459	2:12948877	246	308	369	492	615	738	0	0	0	0	0	0	0	0	0	0	0	0	0
611	76	153	95	191	115	230	153	306	191	383	230	460	2:12969902	246	307	369	492	615	738	0	0	0	0	0	0	0	0	0	0	0	0	0
612	76	153	95	191	115	230	153	307	191	383	230	460	2:12990927	246	308	369	492	615	738	0	0	0	0	0	0	0	0	0	0	0	0	0
613	76	153	96	192	115	230	153	307	192	384	230	461	2:13012793	246	307	369	492	615	738	0	0	0	0	0	0	0	0	0	0	0	0	0
614	77	154	96	192	115	231	154	308	192	385	231	462	2:13033818	246	308	369	492	615	738	0	0	0	0	0	0	0	0	0	0	0	0	0
615	77	154	96	192	115	231	154	308	192	385	231	462	2:13054843	248	310	372	496	620	744	0	0	0	0	0	0	0	0	0	0	0	0	0
616	77	154	96	193	115	231	154	309	193	386	231	463	2:13075868	248	310	372	496	620	744	0	0	0	0	0	0	0	0	0	0	0	0	0
617	77	154	96	193	116	232	154	309	193	387	232	464	2:13097734	248	310	372	496	620	744	0	0	0	0	0	0	0	0	0	0	0	0	0
618	77	155	96	193	116	232	155	310	193	387	232	465	2:13118759	248	310	372	496	620	744	0	0	0	0	0	0	0	0	0	0	0	0	0
619	77	155	97	194	116	232	155	310	194	388	232	465	2:13139784	248	310	372	496	620	744	50	100	150	200	250	300	10	10	10	10	10	10	0
620	77	155	97	194	116	233	155	311	194	388	233	466	2:13160809	250	312	375	500	625	750	0	0	0	0	0	0	0	0	0	0	0	0	0
621	77	155	97	194	116	233	155	311	194	389	233	467	2:13637250	250	313	375	500	625	750	0	0	0	0	0	0	0	0	0	0	0	0	0
622	78	156	97	195	117	234	156	312	195	390	234	468	2:13659000	250	312	375	500	625	750	0	0	0	0	0	0	0	0	0	0	0	0	0
623	78	156	97	195	117	234	156	312	195	390	234	468	2:13680750	250	313	375	500	625	750	0	0	0	0	0	0	0	0	0	0	0	0	0
624	78	156	97	195	117	234	156	313	195	391	234	469	2:13702500	250	312	375	500	625	750	0	0	0	0	0	0	0	0	0	0	0	0	0
625	78	156	97	195	117	235	156	313	195	391	235	470	2:13724250	252	315	378	504	630	756	0	0	0	0	0	0	0	0	0	0	0	0	0
626	78	157	98	196	117	235	157	314	196	392	235	471	2:13746870	252	315	378	504	630	756	0	0	0	0	0	0	0	0	0	0	0	0	0
627	78	157	98	196	117	235	157	314	196	393	235	471	2:13768620	252	315	378	504	630	756	0	0	0	0	0	0	0	0	0	0	0	0	0
628	78	157	98	196	118	236	157	315	196	393	236	472	2:13790370	252	315	378	504	630	756	0	0	0	0	0	0	0	0	0	0	0	0	0
629	78	157	98	197	118	236	157	315	197	394	236	473	2:13812120	252	315	378	504	630	756	50	100	150	200	250	300	10	10	10	10	10	10	0
630	79	158	98	197	118	237	158	316	197	395	237	474	2:13834740	254	318	381	508	635	762	0	0	0	0	0	0	0	0	0	0	0	0	0
631	79	158	98	197	118	237	158	316	197	395	237	474	2:13856490	254	317	381	508	635	762	0	0	0	0	0	0	0	0	0	0	0	0	0
632	79	158	99	198	118	237	158	317	198	396	237	475	2:13878240	254	318	381	508	635	762	0	0	0	0	0	0	0	0	0	0	0	0	0
633	79	158	99	198	119	238	158	317	198	396	238	476	2:13899990	254	317	381	508	635	762	0	0	0	0	0	0	0	0	0	0	0	0	0
634	79	159	99	198	119	238	159	318	198	397	238	477	2:13922610	254	318	381	508	635	762	0	0	0	0	0	0	0	0	0	0	0	0	0
635	79	159	99	199	119	238	159	318	199	398	238	477	2:13944360	256	320	384	512	640	768	0	0	0	0	0	0	0	0	0	0	0	0	0
636	79	159	99	199	119	239	159	319	199	398	239	478	2:13966110	256	320	384	512	640	768	0	0	0	0	0	0	0	0	0	0	0	0	0
637	79	159	99	199	119	239	159	319	199	399	239	479	2:13987860	256	320	384	512	640	768	0	0	0	0	0	0	0	0	0	0	0	0	0
638	80	160	100	200	120	240	160	320	200	400	240	480	2:14010480	256	320	384	512	640	768	0	0	0	0	0	0	0	0	0	0	0	0	0
639	80	160	100	200	120	240	160	320	200	400	240	480	2:14032230	256	320	384	512	640	768	50	100	150	200	250	300	10	10	10	10	10	10	0
640	80	160	100	200	120	240	160	320	200	401	240	481	2:14053980	258	322	387	516	645	774	0	0	0	0	0	0	0	0	0	0	0	0	0
641	80	160	100	200	120	241	160	321	200	401	241	482	2:14544921	258	323	387	516	645	774	0	0	0	0	0	0	0	0	0	0	0	0	0
642	80	160	100	201	120	241	160	321	201	402	241	482	2:14568295	258	322	387	516	645	774	0	0	0	0	0	0	0	0	0	0	0	0	0
643	80	161	100	201	120	241	161	322	201	403	241	483	2:14590770	258	323	387	516	645	774	0	0	0	0	0	0	0	0	0	0	0	0	0
644	80	161	100	201	121	242	161	322	201	403	242	484	2:14613245	258	322	387	516	645	774	0	0	0	0	0	0	0	0	0	0	0	0	0
645	80	161	101	202	121	242	161	323	202	404	242	485	2:14635720	260	325	390	520	650	780	0	0	0	0	0	0	0	0	0	0	0	0	0
646	80	161	101	202	121	242	161	323	202	404	242	485	2:14659094	260	325	390	520	650	780	0	0	0	0	0	0	0	0	0	0	0	0	0
647	81	162	101	202	121	243	162	324	202	405	243	486	2:14681569	260	325	390	520	650	780	0	0	0	0	0	0	0	0	0	0	0	0	0
648	81	162	101	203	121	243	162	324	203	406	243	487	2:14704044	260	325	390	520	650	780	0	0	0	0	0	0	0	0	0	0	0	0	0
649	81	162	101	203	122	244	162	325	203	406	244	488	2:14726519	260	325	390	520	650	780	50	100	150	200	250	300	10	10	10	10	10	10	0
650	81	162	101	203	122	244	162	325	203	407	244	488	2:14748994	262	328	393	524	655	786	0	0	0	0	0	0	0	0	0	0	0	0	0
651	81	163	102	204	122	244	163	326	204	408	244	489	2:14772368	262	327	393	524	655	786	0	0	0	0	0	0	0	0	0	0	0	0	0
652	81	163	102	204	122	245	163	326	204	408	245	490	2:14794843	262	328	393	524	655	786	0	0	0	0	0	0	0	0	0	0	0	0	0
653	81	163	102	204	122	245	163	327	204	409	245	491	2:14817318	262	327	393	524	655	786	0	0	0	0	0	0	0	0	0	0	0	0	0
654	81	163	102	204	122	245	163	327	204	409	245	491	2:14839793	262	328	393	524	655	786	0	0	0	0	0	0	0	0	0	0	0	0	0
655	82	164	102	205	123	246	164	328	205	410	246	492	2:14863167	264	330	396	528	660	792	0	0	0	0	0	0	0	0	0	0	0	0	0
656	82	164	102	205	123	246	164	328	205	411	246	493	2:14885642	264	330	396	528	660	792	0	0	0	0	0	0	0	0	0	0	0	0	0
657	82	164	102	205	123	247	164	329	205	411	247	494	2:14908117	264	330	396	528	660	792	0	0	0	0	0	0	0	0	0	0	0	0	0
658	82	164	103	206	123	247	164	329	206	412	247	494	2:14930592	264	330	396	528	660	792	0	0	0	0	0	0	0	0	0	0	0	0	0
659	82	165	103	206	123	247	165	330	206	412	247	495	2:14953966	264	330	396	528	660	792	50	100	150	200	250	300	10	10	10	10	10	10	0
660	82	165	103	206	124	248	165	330	206	413	248	496	2:14976441	266	332	399	532	665	798	0	0	0	0	0	0	0	0	0	0	0	0	0
661	82	165	103	207	124	248	165	331	207	414	248	497	2:15482752	266	333	399	532	665	798	0	0	0	0	0	0	0	0	0	0	0	0	0
662	82	165	103	207	124	248	165	331	207	414	248	497	2:15505952	266	332	399	532	665	798	0	0	0	0	0	0	0	0	0	0	0	0	0
663	83	166	103	207	124	249	166	332	207	415	249	498	2:15530080	266	333	399	532	665	798	0	0	0	0	0	0	0	0	0	0	0	0	0
664	83	166	104	208	124	249	166	332	208	416	249	499	2:15553280	266	332	399	532	665	798	0	0	0	0	0	0	0	0	0	0	0	0	0
665	83	166	104	208	125	250	166	333	208	416	250	500	2:15576480	268	335	402	536	670	804	0	0	0	0	0	0	0	0	0	0	0	0	0
666	83	166	104	208	125	250	166	333	208	417	250	500	2:15599680	268	335	402	536	670	804	0	0	0	0	0	0	0	0	0	0	0	0	0
667	83	167	104	208	125	250	167	334	208	417	250	501	2:15623808	268	335	402	536	670	804	0	0	0	0	0	0	0	0	0	0	0	0	0
668	83	167	104	209	125	251	167	334	209	418	251	502	2:15647008	268	335	402	536	670	804	0	0	0	0	0	0	0	0	0	0	0	0	0
669	83	167	104	209	125	251	167	335	209	419	251	502	2:15670208	268	335	402	536	670	804	50	100	150	200	250	300	10	10	10	10	10	10	0
670	83	167	104	209	125	251	167	335	209	419	251	503	2:15693408	270	338	405	540	675	810	0	0	0	0	0	0	0	0	0	0	0	0	0
671	84	168	105	210	126	252	168	336	210	420	252	504	2:15717536	270	337	405	540	675	810	0	0	0	0	0	0	0	0	0	0	0	0	0
672	84	168	105	210	126	252	168	336	210	420	252	505	2:15740736	270	338	405	540	675	810	0	0	0	0	0	0	0	0	0	0	0	0	0
673	84	168	105	210	126	252	168	337	210	421	252	505	2:15763936	270	337	405	540	675	810	0	0	0	0	0	0	0	0	0	0	0	0	0
674	84	168	105	211	126	253	168	337	211	422	253	506	2:15787136	270	338	405	540	675	810	0	0	0	0	0	0	0	0	0	0	0	0	0
675	84	169	105	211	126	253	169	338	211	422	253	507	2:15810336	272	340	408	544	680	816	0	0	0	0	0	0	0	0	0	0	0	0	0
676	84	169	105	211	127	254	169	338	211	423	254	508	2:15834464	272	340	408	544	680	816	0	0	0	0	0	0	0	0	0	0	0	0	0
677	84	169	106	212	127	254	169	339	212	424	254	508	2:15857664	272	340	408	544	680	816	0	0	0	0	0	0	0	0	0	0	0	0	0
678	84	169	106	212	127	254	169	339	212	424	254	509	2:15880864	272	340	408	544	680	816	0	0	0	0	0	0	0	0	0	0	0	0	0
679	85	170	106	212	127	255	170	340	212	425	255	510	2:15904064	272	340	408	544	680	816	50	100	150	200	250	300	10	10	10	10	10	10	0
680	85	170	106	212	127	255	170	340	212	425	255	511	2:15928192	274	342	411	548	685	822	0	0	0	0	0	0	0	0	0	0	0	0	0
681	85	170	106	213	127	255	170	341	213	426	255	511	2:15951392	274	343	411	548	685	822	0	0	0	0	0	0	0	0	0	0	0	0	0
682	85	170	106	213	128	256	170	341	213	427	256	512	2:15974592	274	342	411	548	685	822	0	0	0	0	0	0	0	0	0	0	0	0	0
683	85	171	106	213	128	256	171	342	213	427	256	513	2:15997792	274	343	411	548	685	822	0	0	0	0	0	0	0	0	0	0	0	0	0
684	85	171	107	214	128	257	171	342	214	428	257	514	2:16021920	274	342	411	548	685	822	0	0	0	0	0	0	0	0	0	0	0	0	0
685	85	171	107	214	128	257	171	343	214	429	257	514	2:16045120	276	345	414	552	690	828	0	0	0	0	0	0	0	0	0	0	0	0	0
686	85	171	107	214	128	257	171	343	214	429	257	515	2:16068320	276	345	414	552	690	828	0	0	0	0	0	0	0	0	0	0	0	0	0
687	86	172	107	215	129	258	172	344	215	430	258	516	2:16091520	276	345	414	552	690	828	0	0	0	0	0	0	0	0	0	0	0	0	0
688	86	172	107	215	129	258	172	344	215	430	258	517	2:16115648	276	345	414	552	690	828	0	0	0	0	0	0	0	0	0	0	0	0	0
689	86	172	107	215	129	258	172	345	215	431	258	517	2:16138848	276	345	414	552	690	828	50	100	150	200	250	300	10	10	10	10	10	10	0
690	86	172	108	216	129	259	172	345	216	432	259	518	2:16162048	278	348	417	556	695	834	0	0	0	0	0	0	0	0	0	0	0	0	0
691	86	173	108	216	129	259	173	346	216	432	259	519	2:16185248	278	347	417	556	695	834	0	0	0	0	0	0	0	0	0	0	0	0	0
692	86	173	108	216	130	260	173	346	216	433	260	520	2:16209376	278	348	417	556	695	834	0	0	0	0	0	0	0	0	0	0	0	0	0
693	86	173	108	216	130	260	173	347	216	433	260	520	2:16232576	278	347	417	556	695	834	0	0	0	0	0	0	0	0	0	0	0	0	0
694	86	173	108	217	130	260	173	347	217	434	260	521	2:16255776	278	348	417	556	695	834	0	0	0	0	0	0	0	0	0	0	0	0	0
695	87	174	108	217	130	261	174	348	217	435	261	522	2:16278976	280	350	420	560	700	840	0	0	0	0	0	0	0	0	0	0	0	0	0
696	87	174	108	217	130	261	174	348	217	435	261	522	2:16303104	280	350	420	560	700	840	0	0	0	0	0	0	0	0	0	0	0	0	0
697	87	174	109	218	130	261	174	349	218	436	261	523	2:16326304	280	350	420	560	700	840	0	0	0	0	0	0	0	0	0	0	0	0	0
698	87	174	109	218	131	262	174	349	218	437	262	524	2:16349504	280	350	420	560	700	840	0	0	0	0	0	0	0	0	0	0	0	0	0
699	87	175	109	218	131	262	175	350	218	437	262	525	2:16372704	280	350	420	560	700	840	50	100	150	200	250	300	10	10	10	10	10	10	0
700	87	175	109	218	131	262	175	350	218	437	262	525	2:16395904	280	350	420	560	700	840	0	0	0	0	0	0	0	0	0	0	0	0	0
