int	int	int	int	int	int	string	string	int	int	int	string
ID|n|星级*10000+助理类型*1000+等级	星级	助理类型	助理增加属性编号	等级	升级消耗|n|艺人合同数量	助理英文名字	助理中文名字	助理半身像	副属性增加值	主属性增加值	备注
id	star	aide_type	number	lv	cost	en_name	cn_name	avatar	secondary_property	main_property	tips
13011000	1301	1	1	0	1		宣传助理	1003	1	2	
13011001	1301	1	1	1	1		宣传助理	1003	1	2	
13011002	1301	1	1	2	1		宣传助理	1003	1	2	
13011003	1301	1	1	3	1		宣传助理	1003	1	2	
13011004	1301	1	1	4	1		宣传助理	1003	1	2	
13011005	1301	1	1	5	1		宣传助理	1003	1	2	
13011006	1301	1	1	6	1		宣传助理	1003	1	2	
13011007	1301	1	1	7	1		宣传助理	1003	1	2	
13011008	1301	1	1	8	1		宣传助理	1003	1	2	
13011009	1301	1	1	9	1		宣传助理	1003	1	2	
13011010	1301	1	1	10	1		宣传助理	1003	1	2	
13011011	1301	1	1	11	2		宣传助理	1003	2	4	
13011012	1301	1	1	12	2		宣传助理	1003	2	4	
13011013	1301	1	1	13	2		宣传助理	1003	2	4	
13011014	1301	1	1	14	2		宣传助理	1003	2	4	
13011015	1301	1	1	15	2		宣传助理	1003	2	4	
13011016	1301	1	1	16	2		宣传助理	1003	2	4	
13011017	1301	1	1	17	2		宣传助理	1003	2	4	
13011018	1301	1	1	18	2		宣传助理	1003	2	4	
13011019	1301	1	1	19	2		宣传助理	1003	2	4	
13011020	1301	1	1	20	2		宣传助理	1003	2	4	
13011021	1301	1	1	21	3		宣传助理	1003	3	6	
13011022	1301	1	1	22	3		宣传助理	1003	3	6	
13011023	1301	1	1	23	3		宣传助理	1003	3	6	
13011024	1301	1	1	24	3		宣传助理	1003	3	6	
13011025	1301	1	1	25	3		宣传助理	1003	3	6	
13011026	1301	1	1	26	3		宣传助理	1003	3	6	
13011027	1301	1	1	27	3		宣传助理	1003	3	6	
13011028	1301	1	1	28	3		宣传助理	1003	3	6	
13011029	1301	1	1	29	3		宣传助理	1003	3	6	
13011030	1301	1	1	30	3		宣传助理	1003	3	6	
13011031	1301	1	1	31	4		宣传助理	1003	4	8	
13011032	1301	1	1	32	4		宣传助理	1003	4	8	
13011033	1301	1	1	33	4		宣传助理	1003	4	8	
13011034	1301	1	1	34	4		宣传助理	1003	4	8	
13011035	1301	1	1	35	4		宣传助理	1003	4	8	
13011036	1301	1	1	36	4		宣传助理	1003	4	8	
13011037	1301	1	1	37	4		宣传助理	1003	4	8	
13011038	1301	1	1	38	4		宣传助理	1003	4	8	
13011039	1301	1	1	39	4		宣传助理	1003	4	8	
13011040	1301	1	1	40	4		宣传助理	1003	4	8	
13011041	1301	1	1	41	5		宣传助理	1003	5	10	
13011042	1301	1	1	42	5		宣传助理	1003	5	10	
13011043	1301	1	1	43	5		宣传助理	1003	5	10	
13011044	1301	1	1	44	5		宣传助理	1003	5	10	
13011045	1301	1	1	45	5		宣传助理	1003	5	10	
13011046	1301	1	1	46	5		宣传助理	1003	5	10	
13011047	1301	1	1	47	5		宣传助理	1003	5	10	
13011048	1301	1	1	48	5		宣传助理	1003	5	10	
13011049	1301	1	1	49	5		宣传助理	1003	5	10	
13011050	1301	1	1	50	5		宣传助理	1003	5	10	
13011051	1301	1	1	51	6		宣传助理	1003	6	12	
13011052	1301	1	1	52	6		宣传助理	1003	6	12	
13011053	1301	1	1	53	6		宣传助理	1003	6	12	
13011054	1301	1	1	54	6		宣传助理	1003	6	12	
13011055	1301	1	1	55	6		宣传助理	1003	6	12	
13011056	1301	1	1	56	6		宣传助理	1003	6	12	
13011057	1301	1	1	57	6		宣传助理	1003	6	12	
13011058	1301	1	1	58	6		宣传助理	1003	6	12	
13011059	1301	1	1	59	6		宣传助理	1003	6	12	
13011060	1301	1	1	60	6		宣传助理	1003	6	12	
13011061	1301	1	1	61	7		宣传助理	1003	7	14	
13011062	1301	1	1	62	7		宣传助理	1003	7	14	
13011063	1301	1	1	63	7		宣传助理	1003	7	14	
13011064	1301	1	1	64	7		宣传助理	1003	7	14	
13011065	1301	1	1	65	7		宣传助理	1003	7	14	
13011066	1301	1	1	66	7		宣传助理	1003	7	14	
13011067	1301	1	1	67	7		宣传助理	1003	7	14	
13011068	1301	1	1	68	7		宣传助理	1003	7	14	
13011069	1301	1	1	69	7		宣传助理	1003	7	14	
13011070	1301	1	1	70	7		宣传助理	1003	7	14	
13011071	1301	1	1	71	8		宣传助理	1003	8	16	
13011072	1301	1	1	72	8		宣传助理	1003	8	16	
13011073	1301	1	1	73	8		宣传助理	1003	8	16	
13011074	1301	1	1	74	8		宣传助理	1003	8	16	
13011075	1301	1	1	75	8		宣传助理	1003	8	16	
13011076	1301	1	1	76	8		宣传助理	1003	8	16	
13011077	1301	1	1	77	8		宣传助理	1003	8	16	
13011078	1301	1	1	78	8		宣传助理	1003	8	16	
13011079	1301	1	1	79	8		宣传助理	1003	8	16	
13011080	1301	1	1	80	8		宣传助理	1003	8	16	
13011081	1301	1	1	81	9		宣传助理	1003	9	18	
13011082	1301	1	1	82	9		宣传助理	1003	9	18	
13011083	1301	1	1	83	9		宣传助理	1003	9	18	
13011084	1301	1	1	84	9		宣传助理	1003	9	18	
13011085	1301	1	1	85	9		宣传助理	1003	9	18	
13011086	1301	1	1	86	9		宣传助理	1003	9	18	
13011087	1301	1	1	87	9		宣传助理	1003	9	18	
13011088	1301	1	1	88	9		宣传助理	1003	9	18	
13011089	1301	1	1	89	9		宣传助理	1003	9	18	
13011090	1301	1	1	90	9		宣传助理	1003	9	18	
13011091	1301	1	1	91	10		宣传助理	1003	10	20	
13011092	1301	1	1	92	10		宣传助理	1003	10	20	
13011093	1301	1	1	93	10		宣传助理	1003	10	20	
13011094	1301	1	1	94	10		宣传助理	1003	10	20	
13011095	1301	1	1	95	10		宣传助理	1003	10	20	
13011096	1301	1	1	96	10		宣传助理	1003	10	20	
13011097	1301	1	1	97	10		宣传助理	1003	10	20	
13011098	1301	1	1	98	10		宣传助理	1003	10	20	
13011099	1301	1	1	99	10		宣传助理	1003	10	20	
13011100	1301	1	1	100	10		宣传助理	1003	10	20	
13012000	1301	2	2	0	1		形象助理	1003	1	2	
13012001	1301	2	2	1	1		形象助理	1003	1	2	
13012002	1301	2	2	2	1		形象助理	1003	1	2	
13012003	1301	2	2	3	1		形象助理	1003	1	2	
13012004	1301	2	2	4	1		形象助理	1003	1	2	
13012005	1301	2	2	5	1		形象助理	1003	1	2	
13012006	1301	2	2	6	1		形象助理	1003	1	2	
13012007	1301	2	2	7	1		形象助理	1003	1	2	
13012008	1301	2	2	8	1		形象助理	1003	1	2	
13012009	1301	2	2	9	1		形象助理	1003	1	2	
13012010	1301	2	2	10	1		形象助理	1003	1	2	
13012011	1301	2	2	11	2		形象助理	1003	2	4	
13012012	1301	2	2	12	2		形象助理	1003	2	4	
13012013	1301	2	2	13	2		形象助理	1003	2	4	
13012014	1301	2	2	14	2		形象助理	1003	2	4	
13012015	1301	2	2	15	2		形象助理	1003	2	4	
13012016	1301	2	2	16	2		形象助理	1003	2	4	
13012017	1301	2	2	17	2		形象助理	1003	2	4	
13012018	1301	2	2	18	2		形象助理	1003	2	4	
13012019	1301	2	2	19	2		形象助理	1003	2	4	
13012020	1301	2	2	20	2		形象助理	1003	2	4	
13012021	1301	2	2	21	3		形象助理	1003	3	6	
13012022	1301	2	2	22	3		形象助理	1003	3	6	
13012023	1301	2	2	23	3		形象助理	1003	3	6	
13012024	1301	2	2	24	3		形象助理	1003	3	6	
13012025	1301	2	2	25	3		形象助理	1003	3	6	
13012026	1301	2	2	26	3		形象助理	1003	3	6	
13012027	1301	2	2	27	3		形象助理	1003	3	6	
13012028	1301	2	2	28	3		形象助理	1003	3	6	
13012029	1301	2	2	29	3		形象助理	1003	3	6	
13012030	1301	2	2	30	3		形象助理	1003	3	6	
13012031	1301	2	2	31	4		形象助理	1003	4	8	
13012032	1301	2	2	32	4		形象助理	1003	4	8	
13012033	1301	2	2	33	4		形象助理	1003	4	8	
13012034	1301	2	2	34	4		形象助理	1003	4	8	
13012035	1301	2	2	35	4		形象助理	1003	4	8	
13012036	1301	2	2	36	4		形象助理	1003	4	8	
13012037	1301	2	2	37	4		形象助理	1003	4	8	
13012038	1301	2	2	38	4		形象助理	1003	4	8	
13012039	1301	2	2	39	4		形象助理	1003	4	8	
13012040	1301	2	2	40	4		形象助理	1003	4	8	
13012041	1301	2	2	41	5		形象助理	1003	5	10	
13012042	1301	2	2	42	5		形象助理	1003	5	10	
13012043	1301	2	2	43	5		形象助理	1003	5	10	
13012044	1301	2	2	44	5		形象助理	1003	5	10	
13012045	1301	2	2	45	5		形象助理	1003	5	10	
13012046	1301	2	2	46	5		形象助理	1003	5	10	
13012047	1301	2	2	47	5		形象助理	1003	5	10	
13012048	1301	2	2	48	5		形象助理	1003	5	10	
13012049	1301	2	2	49	5		形象助理	1003	5	10	
13012050	1301	2	2	50	5		形象助理	1003	5	10	
13012051	1301	2	2	51	6		形象助理	1003	6	12	
13012052	1301	2	2	52	6		形象助理	1003	6	12	
13012053	1301	2	2	53	6		形象助理	1003	6	12	
13012054	1301	2	2	54	6		形象助理	1003	6	12	
13012055	1301	2	2	55	6		形象助理	1003	6	12	
13012056	1301	2	2	56	6		形象助理	1003	6	12	
13012057	1301	2	2	57	6		形象助理	1003	6	12	
13012058	1301	2	2	58	6		形象助理	1003	6	12	
13012059	1301	2	2	59	6		形象助理	1003	6	12	
13012060	1301	2	2	60	6		形象助理	1003	6	12	
13012061	1301	2	2	61	7		形象助理	1003	7	14	
13012062	1301	2	2	62	7		形象助理	1003	7	14	
13012063	1301	2	2	63	7		形象助理	1003	7	14	
13012064	1301	2	2	64	7		形象助理	1003	7	14	
13012065	1301	2	2	65	7		形象助理	1003	7	14	
13012066	1301	2	2	66	7		形象助理	1003	7	14	
13012067	1301	2	2	67	7		形象助理	1003	7	14	
13012068	1301	2	2	68	7		形象助理	1003	7	14	
13012069	1301	2	2	69	7		形象助理	1003	7	14	
13012070	1301	2	2	70	7		形象助理	1003	7	14	
13012071	1301	2	2	71	8		形象助理	1003	8	16	
13012072	1301	2	2	72	8		形象助理	1003	8	16	
13012073	1301	2	2	73	8		形象助理	1003	8	16	
13012074	1301	2	2	74	8		形象助理	1003	8	16	
13012075	1301	2	2	75	8		形象助理	1003	8	16	
13012076	1301	2	2	76	8		形象助理	1003	8	16	
13012077	1301	2	2	77	8		形象助理	1003	8	16	
13012078	1301	2	2	78	8		形象助理	1003	8	16	
13012079	1301	2	2	79	8		形象助理	1003	8	16	
13012080	1301	2	2	80	8		形象助理	1003	8	16	
13012081	1301	2	2	81	9		形象助理	1003	9	18	
13012082	1301	2	2	82	9		形象助理	1003	9	18	
13012083	1301	2	2	83	9		形象助理	1003	9	18	
13012084	1301	2	2	84	9		形象助理	1003	9	18	
13012085	1301	2	2	85	9		形象助理	1003	9	18	
13012086	1301	2	2	86	9		形象助理	1003	9	18	
13012087	1301	2	2	87	9		形象助理	1003	9	18	
13012088	1301	2	2	88	9		形象助理	1003	9	18	
13012089	1301	2	2	89	9		形象助理	1003	9	18	
13012090	1301	2	2	90	9		形象助理	1003	9	18	
13012091	1301	2	2	91	10		形象助理	1003	10	20	
13012092	1301	2	2	92	10		形象助理	1003	10	20	
13012093	1301	2	2	93	10		形象助理	1003	10	20	
13012094	1301	2	2	94	10		形象助理	1003	10	20	
13012095	1301	2	2	95	10		形象助理	1003	10	20	
13012096	1301	2	2	96	10		形象助理	1003	10	20	
13012097	1301	2	2	97	10		形象助理	1003	10	20	
13012098	1301	2	2	98	10		形象助理	1003	10	20	
13012099	1301	2	2	99	10		形象助理	1003	10	20	
13012100	1301	2	2	100	10		形象助理	1003	10	20	
13013000	1301	3	3	0	1		生活助理	1003	1	2	
13013001	1301	3	3	1	1		生活助理	1003	1	2	
13013002	1301	3	3	2	1		生活助理	1003	1	2	
13013003	1301	3	3	3	1		生活助理	1003	1	2	
13013004	1301	3	3	4	1		生活助理	1003	1	2	
13013005	1301	3	3	5	1		生活助理	1003	1	2	
13013006	1301	3	3	6	1		生活助理	1003	1	2	
13013007	1301	3	3	7	1		生活助理	1003	1	2	
13013008	1301	3	3	8	1		生活助理	1003	1	2	
13013009	1301	3	3	9	1		生活助理	1003	1	2	
13013010	1301	3	3	10	1		生活助理	1003	1	2	
13013011	1301	3	3	11	2		生活助理	1003	2	4	
13013012	1301	3	3	12	2		生活助理	1003	2	4	
13013013	1301	3	3	13	2		生活助理	1003	2	4	
13013014	1301	3	3	14	2		生活助理	1003	2	4	
13013015	1301	3	3	15	2		生活助理	1003	2	4	
13013016	1301	3	3	16	2		生活助理	1003	2	4	
13013017	1301	3	3	17	2		生活助理	1003	2	4	
13013018	1301	3	3	18	2		生活助理	1003	2	4	
13013019	1301	3	3	19	2		生活助理	1003	2	4	
13013020	1301	3	3	20	2		生活助理	1003	2	4	
13013021	1301	3	3	21	3		生活助理	1003	3	6	
13013022	1301	3	3	22	3		生活助理	1003	3	6	
13013023	1301	3	3	23	3		生活助理	1003	3	6	
13013024	1301	3	3	24	3		生活助理	1003	3	6	
13013025	1301	3	3	25	3		生活助理	1003	3	6	
13013026	1301	3	3	26	3		生活助理	1003	3	6	
13013027	1301	3	3	27	3		生活助理	1003	3	6	
13013028	1301	3	3	28	3		生活助理	1003	3	6	
13013029	1301	3	3	29	3		生活助理	1003	3	6	
13013030	1301	3	3	30	3		生活助理	1003	3	6	
13013031	1301	3	3	31	4		生活助理	1003	4	8	
13013032	1301	3	3	32	4		生活助理	1003	4	8	
13013033	1301	3	3	33	4		生活助理	1003	4	8	
13013034	1301	3	3	34	4		生活助理	1003	4	8	
13013035	1301	3	3	35	4		生活助理	1003	4	8	
13013036	1301	3	3	36	4		生活助理	1003	4	8	
13013037	1301	3	3	37	4		生活助理	1003	4	8	
13013038	1301	3	3	38	4		生活助理	1003	4	8	
13013039	1301	3	3	39	4		生活助理	1003	4	8	
13013040	1301	3	3	40	4		生活助理	1003	4	8	
13013041	1301	3	3	41	5		生活助理	1003	5	10	
13013042	1301	3	3	42	5		生活助理	1003	5	10	
13013043	1301	3	3	43	5		生活助理	1003	5	10	
13013044	1301	3	3	44	5		生活助理	1003	5	10	
13013045	1301	3	3	45	5		生活助理	1003	5	10	
13013046	1301	3	3	46	5		生活助理	1003	5	10	
13013047	1301	3	3	47	5		生活助理	1003	5	10	
13013048	1301	3	3	48	5		生活助理	1003	5	10	
13013049	1301	3	3	49	5		生活助理	1003	5	10	
13013050	1301	3	3	50	5		生活助理	1003	5	10	
13013051	1301	3	3	51	6		生活助理	1003	6	12	
13013052	1301	3	3	52	6		生活助理	1003	6	12	
13013053	1301	3	3	53	6		生活助理	1003	6	12	
13013054	1301	3	3	54	6		生活助理	1003	6	12	
13013055	1301	3	3	55	6		生活助理	1003	6	12	
13013056	1301	3	3	56	6		生活助理	1003	6	12	
13013057	1301	3	3	57	6		生活助理	1003	6	12	
13013058	1301	3	3	58	6		生活助理	1003	6	12	
13013059	1301	3	3	59	6		生活助理	1003	6	12	
13013060	1301	3	3	60	6		生活助理	1003	6	12	
13013061	1301	3	3	61	7		生活助理	1003	7	14	
13013062	1301	3	3	62	7		生活助理	1003	7	14	
13013063	1301	3	3	63	7		生活助理	1003	7	14	
13013064	1301	3	3	64	7		生活助理	1003	7	14	
13013065	1301	3	3	65	7		生活助理	1003	7	14	
13013066	1301	3	3	66	7		生活助理	1003	7	14	
13013067	1301	3	3	67	7		生活助理	1003	7	14	
13013068	1301	3	3	68	7		生活助理	1003	7	14	
13013069	1301	3	3	69	7		生活助理	1003	7	14	
13013070	1301	3	3	70	7		生活助理	1003	7	14	
13013071	1301	3	3	71	8		生活助理	1003	8	16	
13013072	1301	3	3	72	8		生活助理	1003	8	16	
13013073	1301	3	3	73	8		生活助理	1003	8	16	
13013074	1301	3	3	74	8		生活助理	1003	8	16	
13013075	1301	3	3	75	8		生活助理	1003	8	16	
13013076	1301	3	3	76	8		生活助理	1003	8	16	
13013077	1301	3	3	77	8		生活助理	1003	8	16	
13013078	1301	3	3	78	8		生活助理	1003	8	16	
13013079	1301	3	3	79	8		生活助理	1003	8	16	
13013080	1301	3	3	80	8		生活助理	1003	8	16	
13013081	1301	3	3	81	9		生活助理	1003	9	18	
13013082	1301	3	3	82	9		生活助理	1003	9	18	
13013083	1301	3	3	83	9		生活助理	1003	9	18	
13013084	1301	3	3	84	9		生活助理	1003	9	18	
13013085	1301	3	3	85	9		生活助理	1003	9	18	
13013086	1301	3	3	86	9		生活助理	1003	9	18	
13013087	1301	3	3	87	9		生活助理	1003	9	18	
13013088	1301	3	3	88	9		生活助理	1003	9	18	
13013089	1301	3	3	89	9		生活助理	1003	9	18	
13013090	1301	3	3	90	9		生活助理	1003	9	18	
13013091	1301	3	3	91	10		生活助理	1003	10	20	
13013092	1301	3	3	92	10		生活助理	1003	10	20	
13013093	1301	3	3	93	10		生活助理	1003	10	20	
13013094	1301	3	3	94	10		生活助理	1003	10	20	
13013095	1301	3	3	95	10		生活助理	1003	10	20	
13013096	1301	3	3	96	10		生活助理	1003	10	20	
13013097	1301	3	3	97	10		生活助理	1003	10	20	
13013098	1301	3	3	98	10		生活助理	1003	10	20	
13013099	1301	3	3	99	10		生活助理	1003	10	20	
13013100	1301	3	3	100	10		生活助理	1003	10	20	
13014000	1301	4	4	0	1		舞蹈助理	1003	1	2	
13014001	1301	4	4	1	1		舞蹈助理	1003	1	2	
13014002	1301	4	4	2	1		舞蹈助理	1003	1	2	
13014003	1301	4	4	3	1		舞蹈助理	1003	1	2	
13014004	1301	4	4	4	1		舞蹈助理	1003	1	2	
13014005	1301	4	4	5	1		舞蹈助理	1003	1	2	
13014006	1301	4	4	6	1		舞蹈助理	1003	1	2	
13014007	1301	4	4	7	1		舞蹈助理	1003	1	2	
13014008	1301	4	4	8	1		舞蹈助理	1003	1	2	
13014009	1301	4	4	9	1		舞蹈助理	1003	1	2	
13014010	1301	4	4	10	1		舞蹈助理	1003	1	2	
13014011	1301	4	4	11	2		舞蹈助理	1003	2	4	
13014012	1301	4	4	12	2		舞蹈助理	1003	2	4	
13014013	1301	4	4	13	2		舞蹈助理	1003	2	4	
13014014	1301	4	4	14	2		舞蹈助理	1003	2	4	
13014015	1301	4	4	15	2		舞蹈助理	1003	2	4	
13014016	1301	4	4	16	2		舞蹈助理	1003	2	4	
13014017	1301	4	4	17	2		舞蹈助理	1003	2	4	
13014018	1301	4	4	18	2		舞蹈助理	1003	2	4	
13014019	1301	4	4	19	2		舞蹈助理	1003	2	4	
13014020	1301	4	4	20	2		舞蹈助理	1003	2	4	
13014021	1301	4	4	21	3		舞蹈助理	1003	3	6	
13014022	1301	4	4	22	3		舞蹈助理	1003	3	6	
13014023	1301	4	4	23	3		舞蹈助理	1003	3	6	
13014024	1301	4	4	24	3		舞蹈助理	1003	3	6	
13014025	1301	4	4	25	3		舞蹈助理	1003	3	6	
13014026	1301	4	4	26	3		舞蹈助理	1003	3	6	
13014027	1301	4	4	27	3		舞蹈助理	1003	3	6	
13014028	1301	4	4	28	3		舞蹈助理	1003	3	6	
13014029	1301	4	4	29	3		舞蹈助理	1003	3	6	
13014030	1301	4	4	30	3		舞蹈助理	1003	3	6	
13014031	1301	4	4	31	4		舞蹈助理	1003	4	8	
13014032	1301	4	4	32	4		舞蹈助理	1003	4	8	
13014033	1301	4	4	33	4		舞蹈助理	1003	4	8	
13014034	1301	4	4	34	4		舞蹈助理	1003	4	8	
13014035	1301	4	4	35	4		舞蹈助理	1003	4	8	
13014036	1301	4	4	36	4		舞蹈助理	1003	4	8	
13014037	1301	4	4	37	4		舞蹈助理	1003	4	8	
13014038	1301	4	4	38	4		舞蹈助理	1003	4	8	
13014039	1301	4	4	39	4		舞蹈助理	1003	4	8	
13014040	1301	4	4	40	4		舞蹈助理	1003	4	8	
13014041	1301	4	4	41	5		舞蹈助理	1003	5	10	
13014042	1301	4	4	42	5		舞蹈助理	1003	5	10	
13014043	1301	4	4	43	5		舞蹈助理	1003	5	10	
13014044	1301	4	4	44	5		舞蹈助理	1003	5	10	
13014045	1301	4	4	45	5		舞蹈助理	1003	5	10	
13014046	1301	4	4	46	5		舞蹈助理	1003	5	10	
13014047	1301	4	4	47	5		舞蹈助理	1003	5	10	
13014048	1301	4	4	48	5		舞蹈助理	1003	5	10	
13014049	1301	4	4	49	5		舞蹈助理	1003	5	10	
13014050	1301	4	4	50	5		舞蹈助理	1003	5	10	
13014051	1301	4	4	51	6		舞蹈助理	1003	6	12	
13014052	1301	4	4	52	6		舞蹈助理	1003	6	12	
13014053	1301	4	4	53	6		舞蹈助理	1003	6	12	
13014054	1301	4	4	54	6		舞蹈助理	1003	6	12	
13014055	1301	4	4	55	6		舞蹈助理	1003	6	12	
13014056	1301	4	4	56	6		舞蹈助理	1003	6	12	
13014057	1301	4	4	57	6		舞蹈助理	1003	6	12	
13014058	1301	4	4	58	6		舞蹈助理	1003	6	12	
13014059	1301	4	4	59	6		舞蹈助理	1003	6	12	
13014060	1301	4	4	60	6		舞蹈助理	1003	6	12	
13014061	1301	4	4	61	7		舞蹈助理	1003	7	14	
13014062	1301	4	4	62	7		舞蹈助理	1003	7	14	
13014063	1301	4	4	63	7		舞蹈助理	1003	7	14	
13014064	1301	4	4	64	7		舞蹈助理	1003	7	14	
13014065	1301	4	4	65	7		舞蹈助理	1003	7	14	
13014066	1301	4	4	66	7		舞蹈助理	1003	7	14	
13014067	1301	4	4	67	7		舞蹈助理	1003	7	14	
13014068	1301	4	4	68	7		舞蹈助理	1003	7	14	
13014069	1301	4	4	69	7		舞蹈助理	1003	7	14	
13014070	1301	4	4	70	7		舞蹈助理	1003	7	14	
13014071	1301	4	4	71	8		舞蹈助理	1003	8	16	
13014072	1301	4	4	72	8		舞蹈助理	1003	8	16	
13014073	1301	4	4	73	8		舞蹈助理	1003	8	16	
13014074	1301	4	4	74	8		舞蹈助理	1003	8	16	
13014075	1301	4	4	75	8		舞蹈助理	1003	8	16	
13014076	1301	4	4	76	8		舞蹈助理	1003	8	16	
13014077	1301	4	4	77	8		舞蹈助理	1003	8	16	
13014078	1301	4	4	78	8		舞蹈助理	1003	8	16	
13014079	1301	4	4	79	8		舞蹈助理	1003	8	16	
13014080	1301	4	4	80	8		舞蹈助理	1003	8	16	
13014081	1301	4	4	81	9		舞蹈助理	1003	9	18	
13014082	1301	4	4	82	9		舞蹈助理	1003	9	18	
13014083	1301	4	4	83	9		舞蹈助理	1003	9	18	
13014084	1301	4	4	84	9		舞蹈助理	1003	9	18	
13014085	1301	4	4	85	9		舞蹈助理	1003	9	18	
13014086	1301	4	4	86	9		舞蹈助理	1003	9	18	
13014087	1301	4	4	87	9		舞蹈助理	1003	9	18	
13014088	1301	4	4	88	9		舞蹈助理	1003	9	18	
13014089	1301	4	4	89	9		舞蹈助理	1003	9	18	
13014090	1301	4	4	90	9		舞蹈助理	1003	9	18	
13014091	1301	4	4	91	10		舞蹈助理	1003	10	20	
13014092	1301	4	4	92	10		舞蹈助理	1003	10	20	
13014093	1301	4	4	93	10		舞蹈助理	1003	10	20	
13014094	1301	4	4	94	10		舞蹈助理	1003	10	20	
13014095	1301	4	4	95	10		舞蹈助理	1003	10	20	
13014096	1301	4	4	96	10		舞蹈助理	1003	10	20	
13014097	1301	4	4	97	10		舞蹈助理	1003	10	20	
13014098	1301	4	4	98	10		舞蹈助理	1003	10	20	
13014099	1301	4	4	99	10		舞蹈助理	1003	10	20	
13014100	1301	4	4	100	10		舞蹈助理	1003	10	20	
13021000	1302	1	1	0	1		宣传助理	1003	2	4	
13021001	1302	1	1	1	1		宣传助理	1003	2	4	
13021002	1302	1	1	2	1		宣传助理	1003	2	4	
13021003	1302	1	1	3	1		宣传助理	1003	2	4	
13021004	1302	1	1	4	1		宣传助理	1003	2	4	
13021005	1302	1	1	5	1		宣传助理	1003	2	4	
13021006	1302	1	1	6	1		宣传助理	1003	2	4	
13021007	1302	1	1	7	1		宣传助理	1003	2	4	
13021008	1302	1	1	8	1		宣传助理	1003	2	4	
13021009	1302	1	1	9	1		宣传助理	1003	2	4	
13021010	1302	1	1	10	1		宣传助理	1003	2	4	
13021011	1302	1	1	11	2		宣传助理	1003	4	8	
13021012	1302	1	1	12	2		宣传助理	1003	4	8	
13021013	1302	1	1	13	2		宣传助理	1003	4	8	
13021014	1302	1	1	14	2		宣传助理	1003	4	8	
13021015	1302	1	1	15	2		宣传助理	1003	4	8	
13021016	1302	1	1	16	2		宣传助理	1003	4	8	
13021017	1302	1	1	17	2		宣传助理	1003	4	8	
13021018	1302	1	1	18	2		宣传助理	1003	4	8	
13021019	1302	1	1	19	2		宣传助理	1003	4	8	
13021020	1302	1	1	20	2		宣传助理	1003	4	8	
13021021	1302	1	1	21	3		宣传助理	1003	6	12	
13021022	1302	1	1	22	3		宣传助理	1003	6	12	
13021023	1302	1	1	23	3		宣传助理	1003	6	12	
13021024	1302	1	1	24	3		宣传助理	1003	6	12	
13021025	1302	1	1	25	3		宣传助理	1003	6	12	
13021026	1302	1	1	26	3		宣传助理	1003	6	12	
13021027	1302	1	1	27	3		宣传助理	1003	6	12	
13021028	1302	1	1	28	3		宣传助理	1003	6	12	
13021029	1302	1	1	29	3		宣传助理	1003	6	12	
13021030	1302	1	1	30	3		宣传助理	1003	6	12	
13021031	1302	1	1	31	4		宣传助理	1003	8	16	
13021032	1302	1	1	32	4		宣传助理	1003	8	16	
13021033	1302	1	1	33	4		宣传助理	1003	8	16	
13021034	1302	1	1	34	4		宣传助理	1003	8	16	
13021035	1302	1	1	35	4		宣传助理	1003	8	16	
13021036	1302	1	1	36	4		宣传助理	1003	8	16	
13021037	1302	1	1	37	4		宣传助理	1003	8	16	
13021038	1302	1	1	38	4		宣传助理	1003	8	16	
13021039	1302	1	1	39	4		宣传助理	1003	8	16	
13021040	1302	1	1	40	4		宣传助理	1003	8	16	
13021041	1302	1	1	41	5		宣传助理	1003	10	20	
13021042	1302	1	1	42	5		宣传助理	1003	10	20	
13021043	1302	1	1	43	5		宣传助理	1003	10	20	
13021044	1302	1	1	44	5		宣传助理	1003	10	20	
13021045	1302	1	1	45	5		宣传助理	1003	10	20	
13021046	1302	1	1	46	5		宣传助理	1003	10	20	
13021047	1302	1	1	47	5		宣传助理	1003	10	20	
13021048	1302	1	1	48	5		宣传助理	1003	10	20	
13021049	1302	1	1	49	5		宣传助理	1003	10	20	
13021050	1302	1	1	50	5		宣传助理	1003	10	20	
13021051	1302	1	1	51	6		宣传助理	1003	12	24	
13021052	1302	1	1	52	6		宣传助理	1003	12	24	
13021053	1302	1	1	53	6		宣传助理	1003	12	24	
13021054	1302	1	1	54	6		宣传助理	1003	12	24	
13021055	1302	1	1	55	6		宣传助理	1003	12	24	
13021056	1302	1	1	56	6		宣传助理	1003	12	24	
13021057	1302	1	1	57	6		宣传助理	1003	12	24	
13021058	1302	1	1	58	6		宣传助理	1003	12	24	
13021059	1302	1	1	59	6		宣传助理	1003	12	24	
13021060	1302	1	1	60	6		宣传助理	1003	12	24	
13021061	1302	1	1	61	7		宣传助理	1003	14	28	
13021062	1302	1	1	62	7		宣传助理	1003	14	28	
13021063	1302	1	1	63	7		宣传助理	1003	14	28	
13021064	1302	1	1	64	7		宣传助理	1003	14	28	
13021065	1302	1	1	65	7		宣传助理	1003	14	28	
13021066	1302	1	1	66	7		宣传助理	1003	14	28	
13021067	1302	1	1	67	7		宣传助理	1003	14	28	
13021068	1302	1	1	68	7		宣传助理	1003	14	28	
13021069	1302	1	1	69	7		宣传助理	1003	14	28	
13021070	1302	1	1	70	7		宣传助理	1003	14	28	
13021071	1302	1	1	71	8		宣传助理	1003	16	32	
13021072	1302	1	1	72	8		宣传助理	1003	16	32	
13021073	1302	1	1	73	8		宣传助理	1003	16	32	
13021074	1302	1	1	74	8		宣传助理	1003	16	32	
13021075	1302	1	1	75	8		宣传助理	1003	16	32	
13021076	1302	1	1	76	8		宣传助理	1003	16	32	
13021077	1302	1	1	77	8		宣传助理	1003	16	32	
13021078	1302	1	1	78	8		宣传助理	1003	16	32	
13021079	1302	1	1	79	8		宣传助理	1003	16	32	
13021080	1302	1	1	80	8		宣传助理	1003	16	32	
13021081	1302	1	1	81	9		宣传助理	1003	18	36	
13021082	1302	1	1	82	9		宣传助理	1003	18	36	
13021083	1302	1	1	83	9		宣传助理	1003	18	36	
13021084	1302	1	1	84	9		宣传助理	1003	18	36	
13021085	1302	1	1	85	9		宣传助理	1003	18	36	
13021086	1302	1	1	86	9		宣传助理	1003	18	36	
13021087	1302	1	1	87	9		宣传助理	1003	18	36	
13021088	1302	1	1	88	9		宣传助理	1003	18	36	
13021089	1302	1	1	89	9		宣传助理	1003	18	36	
13021090	1302	1	1	90	9		宣传助理	1003	18	36	
13021091	1302	1	1	91	10		宣传助理	1003	20	40	
13021092	1302	1	1	92	10		宣传助理	1003	20	40	
13021093	1302	1	1	93	10		宣传助理	1003	20	40	
13021094	1302	1	1	94	10		宣传助理	1003	20	40	
13021095	1302	1	1	95	10		宣传助理	1003	20	40	
13021096	1302	1	1	96	10		宣传助理	1003	20	40	
13021097	1302	1	1	97	10		宣传助理	1003	20	40	
13021098	1302	1	1	98	10		宣传助理	1003	20	40	
13021099	1302	1	1	99	10		宣传助理	1003	20	40	
13021100	1302	1	1	100	10		宣传助理	1003	20	40	
13022000	1302	2	2	0	1		形象助理	1003	2	4	
13022001	1302	2	2	1	1		形象助理	1003	2	4	
13022002	1302	2	2	2	1		形象助理	1003	2	4	
13022003	1302	2	2	3	1		形象助理	1003	2	4	
13022004	1302	2	2	4	1		形象助理	1003	2	4	
13022005	1302	2	2	5	1		形象助理	1003	2	4	
13022006	1302	2	2	6	1		形象助理	1003	2	4	
13022007	1302	2	2	7	1		形象助理	1003	2	4	
13022008	1302	2	2	8	1		形象助理	1003	2	4	
13022009	1302	2	2	9	1		形象助理	1003	2	4	
13022010	1302	2	2	10	1		形象助理	1003	2	4	
13022011	1302	2	2	11	2		形象助理	1003	4	8	
13022012	1302	2	2	12	2		形象助理	1003	4	8	
13022013	1302	2	2	13	2		形象助理	1003	4	8	
13022014	1302	2	2	14	2		形象助理	1003	4	8	
13022015	1302	2	2	15	2		形象助理	1003	4	8	
13022016	1302	2	2	16	2		形象助理	1003	4	8	
13022017	1302	2	2	17	2		形象助理	1003	4	8	
13022018	1302	2	2	18	2		形象助理	1003	4	8	
13022019	1302	2	2	19	2		形象助理	1003	4	8	
13022020	1302	2	2	20	2		形象助理	1003	4	8	
13022021	1302	2	2	21	3		形象助理	1003	6	12	
13022022	1302	2	2	22	3		形象助理	1003	6	12	
13022023	1302	2	2	23	3		形象助理	1003	6	12	
13022024	1302	2	2	24	3		形象助理	1003	6	12	
13022025	1302	2	2	25	3		形象助理	1003	6	12	
13022026	1302	2	2	26	3		形象助理	1003	6	12	
13022027	1302	2	2	27	3		形象助理	1003	6	12	
13022028	1302	2	2	28	3		形象助理	1003	6	12	
13022029	1302	2	2	29	3		形象助理	1003	6	12	
13022030	1302	2	2	30	3		形象助理	1003	6	12	
13022031	1302	2	2	31	4		形象助理	1003	8	16	
13022032	1302	2	2	32	4		形象助理	1003	8	16	
13022033	1302	2	2	33	4		形象助理	1003	8	16	
13022034	1302	2	2	34	4		形象助理	1003	8	16	
13022035	1302	2	2	35	4		形象助理	1003	8	16	
13022036	1302	2	2	36	4		形象助理	1003	8	16	
13022037	1302	2	2	37	4		形象助理	1003	8	16	
13022038	1302	2	2	38	4		形象助理	1003	8	16	
13022039	1302	2	2	39	4		形象助理	1003	8	16	
13022040	1302	2	2	40	4		形象助理	1003	8	16	
13022041	1302	2	2	41	5		形象助理	1003	10	20	
13022042	1302	2	2	42	5		形象助理	1003	10	20	
13022043	1302	2	2	43	5		形象助理	1003	10	20	
13022044	1302	2	2	44	5		形象助理	1003	10	20	
13022045	1302	2	2	45	5		形象助理	1003	10	20	
13022046	1302	2	2	46	5		形象助理	1003	10	20	
13022047	1302	2	2	47	5		形象助理	1003	10	20	
13022048	1302	2	2	48	5		形象助理	1003	10	20	
13022049	1302	2	2	49	5		形象助理	1003	10	20	
13022050	1302	2	2	50	5		形象助理	1003	10	20	
13022051	1302	2	2	51	6		形象助理	1003	12	24	
13022052	1302	2	2	52	6		形象助理	1003	12	24	
13022053	1302	2	2	53	6		形象助理	1003	12	24	
13022054	1302	2	2	54	6		形象助理	1003	12	24	
13022055	1302	2	2	55	6		形象助理	1003	12	24	
13022056	1302	2	2	56	6		形象助理	1003	12	24	
13022057	1302	2	2	57	6		形象助理	1003	12	24	
13022058	1302	2	2	58	6		形象助理	1003	12	24	
13022059	1302	2	2	59	6		形象助理	1003	12	24	
13022060	1302	2	2	60	6		形象助理	1003	12	24	
13022061	1302	2	2	61	7		形象助理	1003	14	28	
13022062	1302	2	2	62	7		形象助理	1003	14	28	
13022063	1302	2	2	63	7		形象助理	1003	14	28	
13022064	1302	2	2	64	7		形象助理	1003	14	28	
13022065	1302	2	2	65	7		形象助理	1003	14	28	
13022066	1302	2	2	66	7		形象助理	1003	14	28	
13022067	1302	2	2	67	7		形象助理	1003	14	28	
13022068	1302	2	2	68	7		形象助理	1003	14	28	
13022069	1302	2	2	69	7		形象助理	1003	14	28	
13022070	1302	2	2	70	7		形象助理	1003	14	28	
13022071	1302	2	2	71	8		形象助理	1003	16	32	
13022072	1302	2	2	72	8		形象助理	1003	16	32	
13022073	1302	2	2	73	8		形象助理	1003	16	32	
13022074	1302	2	2	74	8		形象助理	1003	16	32	
13022075	1302	2	2	75	8		形象助理	1003	16	32	
13022076	1302	2	2	76	8		形象助理	1003	16	32	
13022077	1302	2	2	77	8		形象助理	1003	16	32	
13022078	1302	2	2	78	8		形象助理	1003	16	32	
13022079	1302	2	2	79	8		形象助理	1003	16	32	
13022080	1302	2	2	80	8		形象助理	1003	16	32	
13022081	1302	2	2	81	9		形象助理	1003	18	36	
13022082	1302	2	2	82	9		形象助理	1003	18	36	
13022083	1302	2	2	83	9		形象助理	1003	18	36	
13022084	1302	2	2	84	9		形象助理	1003	18	36	
13022085	1302	2	2	85	9		形象助理	1003	18	36	
13022086	1302	2	2	86	9		形象助理	1003	18	36	
13022087	1302	2	2	87	9		形象助理	1003	18	36	
13022088	1302	2	2	88	9		形象助理	1003	18	36	
13022089	1302	2	2	89	9		形象助理	1003	18	36	
13022090	1302	2	2	90	9		形象助理	1003	18	36	
13022091	1302	2	2	91	10		形象助理	1003	20	40	
13022092	1302	2	2	92	10		形象助理	1003	20	40	
13022093	1302	2	2	93	10		形象助理	1003	20	40	
13022094	1302	2	2	94	10		形象助理	1003	20	40	
13022095	1302	2	2	95	10		形象助理	1003	20	40	
13022096	1302	2	2	96	10		形象助理	1003	20	40	
13022097	1302	2	2	97	10		形象助理	1003	20	40	
13022098	1302	2	2	98	10		形象助理	1003	20	40	
13022099	1302	2	2	99	10		形象助理	1003	20	40	
13022100	1302	2	2	100	10		形象助理	1003	20	40	
13023000	1302	3	3	0	1		生活助理	1003	2	4	
13023001	1302	3	3	1	1		生活助理	1003	2	4	
13023002	1302	3	3	2	1		生活助理	1003	2	4	
13023003	1302	3	3	3	1		生活助理	1003	2	4	
13023004	1302	3	3	4	1		生活助理	1003	2	4	
13023005	1302	3	3	5	1		生活助理	1003	2	4	
13023006	1302	3	3	6	1		生活助理	1003	2	4	
13023007	1302	3	3	7	1		生活助理	1003	2	4	
13023008	1302	3	3	8	1		生活助理	1003	2	4	
13023009	1302	3	3	9	1		生活助理	1003	2	4	
13023010	1302	3	3	10	1		生活助理	1003	2	4	
13023011	1302	3	3	11	2		生活助理	1003	4	8	
13023012	1302	3	3	12	2		生活助理	1003	4	8	
13023013	1302	3	3	13	2		生活助理	1003	4	8	
13023014	1302	3	3	14	2		生活助理	1003	4	8	
13023015	1302	3	3	15	2		生活助理	1003	4	8	
13023016	1302	3	3	16	2		生活助理	1003	4	8	
13023017	1302	3	3	17	2		生活助理	1003	4	8	
13023018	1302	3	3	18	2		生活助理	1003	4	8	
13023019	1302	3	3	19	2		生活助理	1003	4	8	
13023020	1302	3	3	20	2		生活助理	1003	4	8	
13023021	1302	3	3	21	3		生活助理	1003	6	12	
13023022	1302	3	3	22	3		生活助理	1003	6	12	
13023023	1302	3	3	23	3		生活助理	1003	6	12	
13023024	1302	3	3	24	3		生活助理	1003	6	12	
13023025	1302	3	3	25	3		生活助理	1003	6	12	
13023026	1302	3	3	26	3		生活助理	1003	6	12	
13023027	1302	3	3	27	3		生活助理	1003	6	12	
13023028	1302	3	3	28	3		生活助理	1003	6	12	
13023029	1302	3	3	29	3		生活助理	1003	6	12	
13023030	1302	3	3	30	3		生活助理	1003	6	12	
13023031	1302	3	3	31	4		生活助理	1003	8	16	
13023032	1302	3	3	32	4		生活助理	1003	8	16	
13023033	1302	3	3	33	4		生活助理	1003	8	16	
13023034	1302	3	3	34	4		生活助理	1003	8	16	
13023035	1302	3	3	35	4		生活助理	1003	8	16	
13023036	1302	3	3	36	4		生活助理	1003	8	16	
13023037	1302	3	3	37	4		生活助理	1003	8	16	
13023038	1302	3	3	38	4		生活助理	1003	8	16	
13023039	1302	3	3	39	4		生活助理	1003	8	16	
13023040	1302	3	3	40	4		生活助理	1003	8	16	
13023041	1302	3	3	41	5		生活助理	1003	10	20	
13023042	1302	3	3	42	5		生活助理	1003	10	20	
13023043	1302	3	3	43	5		生活助理	1003	10	20	
13023044	1302	3	3	44	5		生活助理	1003	10	20	
13023045	1302	3	3	45	5		生活助理	1003	10	20	
13023046	1302	3	3	46	5		生活助理	1003	10	20	
13023047	1302	3	3	47	5		生活助理	1003	10	20	
13023048	1302	3	3	48	5		生活助理	1003	10	20	
13023049	1302	3	3	49	5		生活助理	1003	10	20	
13023050	1302	3	3	50	5		生活助理	1003	10	20	
13023051	1302	3	3	51	6		生活助理	1003	12	24	
13023052	1302	3	3	52	6		生活助理	1003	12	24	
13023053	1302	3	3	53	6		生活助理	1003	12	24	
13023054	1302	3	3	54	6		生活助理	1003	12	24	
13023055	1302	3	3	55	6		生活助理	1003	12	24	
13023056	1302	3	3	56	6		生活助理	1003	12	24	
13023057	1302	3	3	57	6		生活助理	1003	12	24	
13023058	1302	3	3	58	6		生活助理	1003	12	24	
13023059	1302	3	3	59	6		生活助理	1003	12	24	
13023060	1302	3	3	60	6		生活助理	1003	12	24	
13023061	1302	3	3	61	7		生活助理	1003	14	28	
13023062	1302	3	3	62	7		生活助理	1003	14	28	
13023063	1302	3	3	63	7		生活助理	1003	14	28	
13023064	1302	3	3	64	7		生活助理	1003	14	28	
13023065	1302	3	3	65	7		生活助理	1003	14	28	
13023066	1302	3	3	66	7		生活助理	1003	14	28	
13023067	1302	3	3	67	7		生活助理	1003	14	28	
13023068	1302	3	3	68	7		生活助理	1003	14	28	
13023069	1302	3	3	69	7		生活助理	1003	14	28	
13023070	1302	3	3	70	7		生活助理	1003	14	28	
13023071	1302	3	3	71	8		生活助理	1003	16	32	
13023072	1302	3	3	72	8		生活助理	1003	16	32	
13023073	1302	3	3	73	8		生活助理	1003	16	32	
13023074	1302	3	3	74	8		生活助理	1003	16	32	
13023075	1302	3	3	75	8		生活助理	1003	16	32	
13023076	1302	3	3	76	8		生活助理	1003	16	32	
13023077	1302	3	3	77	8		生活助理	1003	16	32	
13023078	1302	3	3	78	8		生活助理	1003	16	32	
13023079	1302	3	3	79	8		生活助理	1003	16	32	
13023080	1302	3	3	80	8		生活助理	1003	16	32	
13023081	1302	3	3	81	9		生活助理	1003	18	36	
13023082	1302	3	3	82	9		生活助理	1003	18	36	
13023083	1302	3	3	83	9		生活助理	1003	18	36	
13023084	1302	3	3	84	9		生活助理	1003	18	36	
13023085	1302	3	3	85	9		生活助理	1003	18	36	
13023086	1302	3	3	86	9		生活助理	1003	18	36	
13023087	1302	3	3	87	9		生活助理	1003	18	36	
13023088	1302	3	3	88	9		生活助理	1003	18	36	
13023089	1302	3	3	89	9		生活助理	1003	18	36	
13023090	1302	3	3	90	9		生活助理	1003	18	36	
13023091	1302	3	3	91	10		生活助理	1003	20	40	
13023092	1302	3	3	92	10		生活助理	1003	20	40	
13023093	1302	3	3	93	10		生活助理	1003	20	40	
13023094	1302	3	3	94	10		生活助理	1003	20	40	
13023095	1302	3	3	95	10		生活助理	1003	20	40	
13023096	1302	3	3	96	10		生活助理	1003	20	40	
13023097	1302	3	3	97	10		生活助理	1003	20	40	
13023098	1302	3	3	98	10		生活助理	1003	20	40	
13023099	1302	3	3	99	10		生活助理	1003	20	40	
13023100	1302	3	3	100	10		生活助理	1003	20	40	
13024000	1302	4	4	0	1		舞蹈助理	1003	2	4	
13024001	1302	4	4	1	1		舞蹈助理	1003	2	4	
13024002	1302	4	4	2	1		舞蹈助理	1003	2	4	
13024003	1302	4	4	3	1		舞蹈助理	1003	2	4	
13024004	1302	4	4	4	1		舞蹈助理	1003	2	4	
13024005	1302	4	4	5	1		舞蹈助理	1003	2	4	
13024006	1302	4	4	6	1		舞蹈助理	1003	2	4	
13024007	1302	4	4	7	1		舞蹈助理	1003	2	4	
13024008	1302	4	4	8	1		舞蹈助理	1003	2	4	
13024009	1302	4	4	9	1		舞蹈助理	1003	2	4	
13024010	1302	4	4	10	1		舞蹈助理	1003	2	4	
13024011	1302	4	4	11	2		舞蹈助理	1003	4	8	
13024012	1302	4	4	12	2		舞蹈助理	1003	4	8	
13024013	1302	4	4	13	2		舞蹈助理	1003	4	8	
13024014	1302	4	4	14	2		舞蹈助理	1003	4	8	
13024015	1302	4	4	15	2		舞蹈助理	1003	4	8	
13024016	1302	4	4	16	2		舞蹈助理	1003	4	8	
13024017	1302	4	4	17	2		舞蹈助理	1003	4	8	
13024018	1302	4	4	18	2		舞蹈助理	1003	4	8	
13024019	1302	4	4	19	2		舞蹈助理	1003	4	8	
13024020	1302	4	4	20	2		舞蹈助理	1003	4	8	
13024021	1302	4	4	21	3		舞蹈助理	1003	6	12	
13024022	1302	4	4	22	3		舞蹈助理	1003	6	12	
13024023	1302	4	4	23	3		舞蹈助理	1003	6	12	
13024024	1302	4	4	24	3		舞蹈助理	1003	6	12	
13024025	1302	4	4	25	3		舞蹈助理	1003	6	12	
13024026	1302	4	4	26	3		舞蹈助理	1003	6	12	
13024027	1302	4	4	27	3		舞蹈助理	1003	6	12	
13024028	1302	4	4	28	3		舞蹈助理	1003	6	12	
13024029	1302	4	4	29	3		舞蹈助理	1003	6	12	
13024030	1302	4	4	30	3		舞蹈助理	1003	6	12	
13024031	1302	4	4	31	4		舞蹈助理	1003	8	16	
13024032	1302	4	4	32	4		舞蹈助理	1003	8	16	
13024033	1302	4	4	33	4		舞蹈助理	1003	8	16	
13024034	1302	4	4	34	4		舞蹈助理	1003	8	16	
13024035	1302	4	4	35	4		舞蹈助理	1003	8	16	
13024036	1302	4	4	36	4		舞蹈助理	1003	8	16	
13024037	1302	4	4	37	4		舞蹈助理	1003	8	16	
13024038	1302	4	4	38	4		舞蹈助理	1003	8	16	
13024039	1302	4	4	39	4		舞蹈助理	1003	8	16	
13024040	1302	4	4	40	4		舞蹈助理	1003	8	16	
13024041	1302	4	4	41	5		舞蹈助理	1003	10	20	
13024042	1302	4	4	42	5		舞蹈助理	1003	10	20	
13024043	1302	4	4	43	5		舞蹈助理	1003	10	20	
13024044	1302	4	4	44	5		舞蹈助理	1003	10	20	
13024045	1302	4	4	45	5		舞蹈助理	1003	10	20	
13024046	1302	4	4	46	5		舞蹈助理	1003	10	20	
13024047	1302	4	4	47	5		舞蹈助理	1003	10	20	
13024048	1302	4	4	48	5		舞蹈助理	1003	10	20	
13024049	1302	4	4	49	5		舞蹈助理	1003	10	20	
13024050	1302	4	4	50	5		舞蹈助理	1003	10	20	
13024051	1302	4	4	51	6		舞蹈助理	1003	12	24	
13024052	1302	4	4	52	6		舞蹈助理	1003	12	24	
13024053	1302	4	4	53	6		舞蹈助理	1003	12	24	
13024054	1302	4	4	54	6		舞蹈助理	1003	12	24	
13024055	1302	4	4	55	6		舞蹈助理	1003	12	24	
13024056	1302	4	4	56	6		舞蹈助理	1003	12	24	
13024057	1302	4	4	57	6		舞蹈助理	1003	12	24	
13024058	1302	4	4	58	6		舞蹈助理	1003	12	24	
13024059	1302	4	4	59	6		舞蹈助理	1003	12	24	
13024060	1302	4	4	60	6		舞蹈助理	1003	12	24	
13024061	1302	4	4	61	7		舞蹈助理	1003	14	28	
13024062	1302	4	4	62	7		舞蹈助理	1003	14	28	
13024063	1302	4	4	63	7		舞蹈助理	1003	14	28	
13024064	1302	4	4	64	7		舞蹈助理	1003	14	28	
13024065	1302	4	4	65	7		舞蹈助理	1003	14	28	
13024066	1302	4	4	66	7		舞蹈助理	1003	14	28	
13024067	1302	4	4	67	7		舞蹈助理	1003	14	28	
13024068	1302	4	4	68	7		舞蹈助理	1003	14	28	
13024069	1302	4	4	69	7		舞蹈助理	1003	14	28	
13024070	1302	4	4	70	7		舞蹈助理	1003	14	28	
13024071	1302	4	4	71	8		舞蹈助理	1003	16	32	
13024072	1302	4	4	72	8		舞蹈助理	1003	16	32	
13024073	1302	4	4	73	8		舞蹈助理	1003	16	32	
13024074	1302	4	4	74	8		舞蹈助理	1003	16	32	
13024075	1302	4	4	75	8		舞蹈助理	1003	16	32	
13024076	1302	4	4	76	8		舞蹈助理	1003	16	32	
13024077	1302	4	4	77	8		舞蹈助理	1003	16	32	
13024078	1302	4	4	78	8		舞蹈助理	1003	16	32	
13024079	1302	4	4	79	8		舞蹈助理	1003	16	32	
13024080	1302	4	4	80	8		舞蹈助理	1003	16	32	
13024081	1302	4	4	81	9		舞蹈助理	1003	18	36	
13024082	1302	4	4	82	9		舞蹈助理	1003	18	36	
13024083	1302	4	4	83	9		舞蹈助理	1003	18	36	
13024084	1302	4	4	84	9		舞蹈助理	1003	18	36	
13024085	1302	4	4	85	9		舞蹈助理	1003	18	36	
13024086	1302	4	4	86	9		舞蹈助理	1003	18	36	
13024087	1302	4	4	87	9		舞蹈助理	1003	18	36	
13024088	1302	4	4	88	9		舞蹈助理	1003	18	36	
13024089	1302	4	4	89	9		舞蹈助理	1003	18	36	
13024090	1302	4	4	90	9		舞蹈助理	1003	18	36	
13024091	1302	4	4	91	10		舞蹈助理	1003	20	40	
13024092	1302	4	4	92	10		舞蹈助理	1003	20	40	
13024093	1302	4	4	93	10		舞蹈助理	1003	20	40	
13024094	1302	4	4	94	10		舞蹈助理	1003	20	40	
13024095	1302	4	4	95	10		舞蹈助理	1003	20	40	
13024096	1302	4	4	96	10		舞蹈助理	1003	20	40	
13024097	1302	4	4	97	10		舞蹈助理	1003	20	40	
13024098	1302	4	4	98	10		舞蹈助理	1003	20	40	
13024099	1302	4	4	99	10		舞蹈助理	1003	20	40	
13024100	1302	4	4	100	10		舞蹈助理	1003	20	40	
13031000	1303	1	1	0	1		宣传助理	1003	3	6	
13031001	1303	1	1	1	1		宣传助理	1003	3	6	
13031002	1303	1	1	2	1		宣传助理	1003	3	6	
13031003	1303	1	1	3	1		宣传助理	1003	3	6	
13031004	1303	1	1	4	1		宣传助理	1003	3	6	
13031005	1303	1	1	5	1		宣传助理	1003	3	6	
13031006	1303	1	1	6	1		宣传助理	1003	3	6	
13031007	1303	1	1	7	1		宣传助理	1003	3	6	
13031008	1303	1	1	8	1		宣传助理	1003	3	6	
13031009	1303	1	1	9	1		宣传助理	1003	3	6	
13031010	1303	1	1	10	1		宣传助理	1003	3	6	
13031011	1303	1	1	11	2		宣传助理	1003	6	12	
13031012	1303	1	1	12	2		宣传助理	1003	6	12	
13031013	1303	1	1	13	2		宣传助理	1003	6	12	
13031014	1303	1	1	14	2		宣传助理	1003	6	12	
13031015	1303	1	1	15	2		宣传助理	1003	6	12	
13031016	1303	1	1	16	2		宣传助理	1003	6	12	
13031017	1303	1	1	17	2		宣传助理	1003	6	12	
13031018	1303	1	1	18	2		宣传助理	1003	6	12	
13031019	1303	1	1	19	2		宣传助理	1003	6	12	
13031020	1303	1	1	20	2		宣传助理	1003	6	12	
13031021	1303	1	1	21	3		宣传助理	1003	9	18	
13031022	1303	1	1	22	3		宣传助理	1003	9	18	
13031023	1303	1	1	23	3		宣传助理	1003	9	18	
13031024	1303	1	1	24	3		宣传助理	1003	9	18	
13031025	1303	1	1	25	3		宣传助理	1003	9	18	
13031026	1303	1	1	26	3		宣传助理	1003	9	18	
13031027	1303	1	1	27	3		宣传助理	1003	9	18	
13031028	1303	1	1	28	3		宣传助理	1003	9	18	
13031029	1303	1	1	29	3		宣传助理	1003	9	18	
13031030	1303	1	1	30	3		宣传助理	1003	9	18	
13031031	1303	1	1	31	4		宣传助理	1003	12	24	
13031032	1303	1	1	32	4		宣传助理	1003	12	24	
13031033	1303	1	1	33	4		宣传助理	1003	12	24	
13031034	1303	1	1	34	4		宣传助理	1003	12	24	
13031035	1303	1	1	35	4		宣传助理	1003	12	24	
13031036	1303	1	1	36	4		宣传助理	1003	12	24	
13031037	1303	1	1	37	4		宣传助理	1003	12	24	
13031038	1303	1	1	38	4		宣传助理	1003	12	24	
13031039	1303	1	1	39	4		宣传助理	1003	12	24	
13031040	1303	1	1	40	4		宣传助理	1003	12	24	
13031041	1303	1	1	41	5		宣传助理	1003	15	30	
13031042	1303	1	1	42	5		宣传助理	1003	15	30	
13031043	1303	1	1	43	5		宣传助理	1003	15	30	
13031044	1303	1	1	44	5		宣传助理	1003	15	30	
13031045	1303	1	1	45	5		宣传助理	1003	15	30	
13031046	1303	1	1	46	5		宣传助理	1003	15	30	
13031047	1303	1	1	47	5		宣传助理	1003	15	30	
13031048	1303	1	1	48	5		宣传助理	1003	15	30	
13031049	1303	1	1	49	5		宣传助理	1003	15	30	
13031050	1303	1	1	50	5		宣传助理	1003	15	30	
13031051	1303	1	1	51	6		宣传助理	1003	18	36	
13031052	1303	1	1	52	6		宣传助理	1003	18	36	
13031053	1303	1	1	53	6		宣传助理	1003	18	36	
13031054	1303	1	1	54	6		宣传助理	1003	18	36	
13031055	1303	1	1	55	6		宣传助理	1003	18	36	
13031056	1303	1	1	56	6		宣传助理	1003	18	36	
13031057	1303	1	1	57	6		宣传助理	1003	18	36	
13031058	1303	1	1	58	6		宣传助理	1003	18	36	
13031059	1303	1	1	59	6		宣传助理	1003	18	36	
13031060	1303	1	1	60	6		宣传助理	1003	18	36	
13031061	1303	1	1	61	7		宣传助理	1003	21	42	
13031062	1303	1	1	62	7		宣传助理	1003	21	42	
13031063	1303	1	1	63	7		宣传助理	1003	21	42	
13031064	1303	1	1	64	7		宣传助理	1003	21	42	
13031065	1303	1	1	65	7		宣传助理	1003	21	42	
13031066	1303	1	1	66	7		宣传助理	1003	21	42	
13031067	1303	1	1	67	7		宣传助理	1003	21	42	
13031068	1303	1	1	68	7		宣传助理	1003	21	42	
13031069	1303	1	1	69	7		宣传助理	1003	21	42	
13031070	1303	1	1	70	7		宣传助理	1003	21	42	
13031071	1303	1	1	71	8		宣传助理	1003	24	48	
13031072	1303	1	1	72	8		宣传助理	1003	24	48	
13031073	1303	1	1	73	8		宣传助理	1003	24	48	
13031074	1303	1	1	74	8		宣传助理	1003	24	48	
13031075	1303	1	1	75	8		宣传助理	1003	24	48	
13031076	1303	1	1	76	8		宣传助理	1003	24	48	
13031077	1303	1	1	77	8		宣传助理	1003	24	48	
13031078	1303	1	1	78	8		宣传助理	1003	24	48	
13031079	1303	1	1	79	8		宣传助理	1003	24	48	
13031080	1303	1	1	80	8		宣传助理	1003	24	48	
13031081	1303	1	1	81	9		宣传助理	1003	27	54	
13031082	1303	1	1	82	9		宣传助理	1003	27	54	
13031083	1303	1	1	83	9		宣传助理	1003	27	54	
13031084	1303	1	1	84	9		宣传助理	1003	27	54	
13031085	1303	1	1	85	9		宣传助理	1003	27	54	
13031086	1303	1	1	86	9		宣传助理	1003	27	54	
13031087	1303	1	1	87	9		宣传助理	1003	27	54	
13031088	1303	1	1	88	9		宣传助理	1003	27	54	
13031089	1303	1	1	89	9		宣传助理	1003	27	54	
13031090	1303	1	1	90	9		宣传助理	1003	27	54	
13031091	1303	1	1	91	10		宣传助理	1003	30	60	
13031092	1303	1	1	92	10		宣传助理	1003	30	60	
13031093	1303	1	1	93	10		宣传助理	1003	30	60	
13031094	1303	1	1	94	10		宣传助理	1003	30	60	
13031095	1303	1	1	95	10		宣传助理	1003	30	60	
13031096	1303	1	1	96	10		宣传助理	1003	30	60	
13031097	1303	1	1	97	10		宣传助理	1003	30	60	
13031098	1303	1	1	98	10		宣传助理	1003	30	60	
13031099	1303	1	1	99	10		宣传助理	1003	30	60	
13031100	1303	1	1	100	10		宣传助理	1003	30	60	
13032000	1303	2	2	0	1		形象助理	1003	3	6	
13032001	1303	2	2	1	1		形象助理	1003	3	6	
13032002	1303	2	2	2	1		形象助理	1003	3	6	
13032003	1303	2	2	3	1		形象助理	1003	3	6	
13032004	1303	2	2	4	1		形象助理	1003	3	6	
13032005	1303	2	2	5	1		形象助理	1003	3	6	
13032006	1303	2	2	6	1		形象助理	1003	3	6	
13032007	1303	2	2	7	1		形象助理	1003	3	6	
13032008	1303	2	2	8	1		形象助理	1003	3	6	
13032009	1303	2	2	9	1		形象助理	1003	3	6	
13032010	1303	2	2	10	1		形象助理	1003	3	6	
13032011	1303	2	2	11	2		形象助理	1003	6	12	
13032012	1303	2	2	12	2		形象助理	1003	6	12	
13032013	1303	2	2	13	2		形象助理	1003	6	12	
13032014	1303	2	2	14	2		形象助理	1003	6	12	
13032015	1303	2	2	15	2		形象助理	1003	6	12	
13032016	1303	2	2	16	2		形象助理	1003	6	12	
13032017	1303	2	2	17	2		形象助理	1003	6	12	
13032018	1303	2	2	18	2		形象助理	1003	6	12	
13032019	1303	2	2	19	2		形象助理	1003	6	12	
13032020	1303	2	2	20	2		形象助理	1003	6	12	
13032021	1303	2	2	21	3		形象助理	1003	9	18	
13032022	1303	2	2	22	3		形象助理	1003	9	18	
13032023	1303	2	2	23	3		形象助理	1003	9	18	
13032024	1303	2	2	24	3		形象助理	1003	9	18	
13032025	1303	2	2	25	3		形象助理	1003	9	18	
13032026	1303	2	2	26	3		形象助理	1003	9	18	
13032027	1303	2	2	27	3		形象助理	1003	9	18	
13032028	1303	2	2	28	3		形象助理	1003	9	18	
13032029	1303	2	2	29	3		形象助理	1003	9	18	
13032030	1303	2	2	30	3		形象助理	1003	9	18	
13032031	1303	2	2	31	4		形象助理	1003	12	24	
13032032	1303	2	2	32	4		形象助理	1003	12	24	
13032033	1303	2	2	33	4		形象助理	1003	12	24	
13032034	1303	2	2	34	4		形象助理	1003	12	24	
13032035	1303	2	2	35	4		形象助理	1003	12	24	
13032036	1303	2	2	36	4		形象助理	1003	12	24	
13032037	1303	2	2	37	4		形象助理	1003	12	24	
13032038	1303	2	2	38	4		形象助理	1003	12	24	
13032039	1303	2	2	39	4		形象助理	1003	12	24	
13032040	1303	2	2	40	4		形象助理	1003	12	24	
13032041	1303	2	2	41	5		形象助理	1003	15	30	
13032042	1303	2	2	42	5		形象助理	1003	15	30	
13032043	1303	2	2	43	5		形象助理	1003	15	30	
13032044	1303	2	2	44	5		形象助理	1003	15	30	
13032045	1303	2	2	45	5		形象助理	1003	15	30	
13032046	1303	2	2	46	5		形象助理	1003	15	30	
13032047	1303	2	2	47	5		形象助理	1003	15	30	
13032048	1303	2	2	48	5		形象助理	1003	15	30	
13032049	1303	2	2	49	5		形象助理	1003	15	30	
13032050	1303	2	2	50	5		形象助理	1003	15	30	
13032051	1303	2	2	51	6		形象助理	1003	18	36	
13032052	1303	2	2	52	6		形象助理	1003	18	36	
13032053	1303	2	2	53	6		形象助理	1003	18	36	
13032054	1303	2	2	54	6		形象助理	1003	18	36	
13032055	1303	2	2	55	6		形象助理	1003	18	36	
13032056	1303	2	2	56	6		形象助理	1003	18	36	
13032057	1303	2	2	57	6		形象助理	1003	18	36	
13032058	1303	2	2	58	6		形象助理	1003	18	36	
13032059	1303	2	2	59	6		形象助理	1003	18	36	
13032060	1303	2	2	60	6		形象助理	1003	18	36	
13032061	1303	2	2	61	7		形象助理	1003	21	42	
13032062	1303	2	2	62	7		形象助理	1003	21	42	
13032063	1303	2	2	63	7		形象助理	1003	21	42	
13032064	1303	2	2	64	7		形象助理	1003	21	42	
13032065	1303	2	2	65	7		形象助理	1003	21	42	
13032066	1303	2	2	66	7		形象助理	1003	21	42	
13032067	1303	2	2	67	7		形象助理	1003	21	42	
13032068	1303	2	2	68	7		形象助理	1003	21	42	
13032069	1303	2	2	69	7		形象助理	1003	21	42	
13032070	1303	2	2	70	7		形象助理	1003	21	42	
13032071	1303	2	2	71	8		形象助理	1003	24	48	
13032072	1303	2	2	72	8		形象助理	1003	24	48	
13032073	1303	2	2	73	8		形象助理	1003	24	48	
13032074	1303	2	2	74	8		形象助理	1003	24	48	
13032075	1303	2	2	75	8		形象助理	1003	24	48	
13032076	1303	2	2	76	8		形象助理	1003	24	48	
13032077	1303	2	2	77	8		形象助理	1003	24	48	
13032078	1303	2	2	78	8		形象助理	1003	24	48	
13032079	1303	2	2	79	8		形象助理	1003	24	48	
13032080	1303	2	2	80	8		形象助理	1003	24	48	
13032081	1303	2	2	81	9		形象助理	1003	27	54	
13032082	1303	2	2	82	9		形象助理	1003	27	54	
13032083	1303	2	2	83	9		形象助理	1003	27	54	
13032084	1303	2	2	84	9		形象助理	1003	27	54	
13032085	1303	2	2	85	9		形象助理	1003	27	54	
13032086	1303	2	2	86	9		形象助理	1003	27	54	
13032087	1303	2	2	87	9		形象助理	1003	27	54	
13032088	1303	2	2	88	9		形象助理	1003	27	54	
13032089	1303	2	2	89	9		形象助理	1003	27	54	
13032090	1303	2	2	90	9		形象助理	1003	27	54	
13032091	1303	2	2	91	10		形象助理	1003	30	60	
13032092	1303	2	2	92	10		形象助理	1003	30	60	
13032093	1303	2	2	93	10		形象助理	1003	30	60	
13032094	1303	2	2	94	10		形象助理	1003	30	60	
13032095	1303	2	2	95	10		形象助理	1003	30	60	
13032096	1303	2	2	96	10		形象助理	1003	30	60	
13032097	1303	2	2	97	10		形象助理	1003	30	60	
13032098	1303	2	2	98	10		形象助理	1003	30	60	
13032099	1303	2	2	99	10		形象助理	1003	30	60	
13032100	1303	2	2	100	10		形象助理	1003	30	60	
13033000	1303	3	3	0	1		生活助理	1003	3	6	
13033001	1303	3	3	1	1		生活助理	1003	3	6	
13033002	1303	3	3	2	1		生活助理	1003	3	6	
13033003	1303	3	3	3	1		生活助理	1003	3	6	
13033004	1303	3	3	4	1		生活助理	1003	3	6	
13033005	1303	3	3	5	1		生活助理	1003	3	6	
13033006	1303	3	3	6	1		生活助理	1003	3	6	
13033007	1303	3	3	7	1		生活助理	1003	3	6	
13033008	1303	3	3	8	1		生活助理	1003	3	6	
13033009	1303	3	3	9	1		生活助理	1003	3	6	
13033010	1303	3	3	10	1		生活助理	1003	3	6	
13033011	1303	3	3	11	2		生活助理	1003	6	12	
13033012	1303	3	3	12	2		生活助理	1003	6	12	
13033013	1303	3	3	13	2		生活助理	1003	6	12	
13033014	1303	3	3	14	2		生活助理	1003	6	12	
13033015	1303	3	3	15	2		生活助理	1003	6	12	
13033016	1303	3	3	16	2		生活助理	1003	6	12	
13033017	1303	3	3	17	2		生活助理	1003	6	12	
13033018	1303	3	3	18	2		生活助理	1003	6	12	
13033019	1303	3	3	19	2		生活助理	1003	6	12	
13033020	1303	3	3	20	2		生活助理	1003	6	12	
13033021	1303	3	3	21	3		生活助理	1003	9	18	
13033022	1303	3	3	22	3		生活助理	1003	9	18	
13033023	1303	3	3	23	3		生活助理	1003	9	18	
13033024	1303	3	3	24	3		生活助理	1003	9	18	
13033025	1303	3	3	25	3		生活助理	1003	9	18	
13033026	1303	3	3	26	3		生活助理	1003	9	18	
13033027	1303	3	3	27	3		生活助理	1003	9	18	
13033028	1303	3	3	28	3		生活助理	1003	9	18	
13033029	1303	3	3	29	3		生活助理	1003	9	18	
13033030	1303	3	3	30	3		生活助理	1003	9	18	
13033031	1303	3	3	31	4		生活助理	1003	12	24	
13033032	1303	3	3	32	4		生活助理	1003	12	24	
13033033	1303	3	3	33	4		生活助理	1003	12	24	
13033034	1303	3	3	34	4		生活助理	1003	12	24	
13033035	1303	3	3	35	4		生活助理	1003	12	24	
13033036	1303	3	3	36	4		生活助理	1003	12	24	
13033037	1303	3	3	37	4		生活助理	1003	12	24	
13033038	1303	3	3	38	4		生活助理	1003	12	24	
13033039	1303	3	3	39	4		生活助理	1003	12	24	
13033040	1303	3	3	40	4		生活助理	1003	12	24	
13033041	1303	3	3	41	5		生活助理	1003	15	30	
13033042	1303	3	3	42	5		生活助理	1003	15	30	
13033043	1303	3	3	43	5		生活助理	1003	15	30	
13033044	1303	3	3	44	5		生活助理	1003	15	30	
13033045	1303	3	3	45	5		生活助理	1003	15	30	
13033046	1303	3	3	46	5		生活助理	1003	15	30	
13033047	1303	3	3	47	5		生活助理	1003	15	30	
13033048	1303	3	3	48	5		生活助理	1003	15	30	
13033049	1303	3	3	49	5		生活助理	1003	15	30	
13033050	1303	3	3	50	5		生活助理	1003	15	30	
13033051	1303	3	3	51	6		生活助理	1003	18	36	
13033052	1303	3	3	52	6		生活助理	1003	18	36	
13033053	1303	3	3	53	6		生活助理	1003	18	36	
13033054	1303	3	3	54	6		生活助理	1003	18	36	
13033055	1303	3	3	55	6		生活助理	1003	18	36	
13033056	1303	3	3	56	6		生活助理	1003	18	36	
13033057	1303	3	3	57	6		生活助理	1003	18	36	
13033058	1303	3	3	58	6		生活助理	1003	18	36	
13033059	1303	3	3	59	6		生活助理	1003	18	36	
13033060	1303	3	3	60	6		生活助理	1003	18	36	
13033061	1303	3	3	61	7		生活助理	1003	21	42	
13033062	1303	3	3	62	7		生活助理	1003	21	42	
13033063	1303	3	3	63	7		生活助理	1003	21	42	
13033064	1303	3	3	64	7		生活助理	1003	21	42	
13033065	1303	3	3	65	7		生活助理	1003	21	42	
13033066	1303	3	3	66	7		生活助理	1003	21	42	
13033067	1303	3	3	67	7		生活助理	1003	21	42	
13033068	1303	3	3	68	7		生活助理	1003	21	42	
13033069	1303	3	3	69	7		生活助理	1003	21	42	
13033070	1303	3	3	70	7		生活助理	1003	21	42	
13033071	1303	3	3	71	8		生活助理	1003	24	48	
13033072	1303	3	3	72	8		生活助理	1003	24	48	
13033073	1303	3	3	73	8		生活助理	1003	24	48	
13033074	1303	3	3	74	8		生活助理	1003	24	48	
13033075	1303	3	3	75	8		生活助理	1003	24	48	
13033076	1303	3	3	76	8		生活助理	1003	24	48	
13033077	1303	3	3	77	8		生活助理	1003	24	48	
13033078	1303	3	3	78	8		生活助理	1003	24	48	
13033079	1303	3	3	79	8		生活助理	1003	24	48	
13033080	1303	3	3	80	8		生活助理	1003	24	48	
13033081	1303	3	3	81	9		生活助理	1003	27	54	
13033082	1303	3	3	82	9		生活助理	1003	27	54	
13033083	1303	3	3	83	9		生活助理	1003	27	54	
13033084	1303	3	3	84	9		生活助理	1003	27	54	
13033085	1303	3	3	85	9		生活助理	1003	27	54	
13033086	1303	3	3	86	9		生活助理	1003	27	54	
13033087	1303	3	3	87	9		生活助理	1003	27	54	
13033088	1303	3	3	88	9		生活助理	1003	27	54	
13033089	1303	3	3	89	9		生活助理	1003	27	54	
13033090	1303	3	3	90	9		生活助理	1003	27	54	
13033091	1303	3	3	91	10		生活助理	1003	30	60	
13033092	1303	3	3	92	10		生活助理	1003	30	60	
13033093	1303	3	3	93	10		生活助理	1003	30	60	
13033094	1303	3	3	94	10		生活助理	1003	30	60	
13033095	1303	3	3	95	10		生活助理	1003	30	60	
13033096	1303	3	3	96	10		生活助理	1003	30	60	
13033097	1303	3	3	97	10		生活助理	1003	30	60	
13033098	1303	3	3	98	10		生活助理	1003	30	60	
13033099	1303	3	3	99	10		生活助理	1003	30	60	
13033100	1303	3	3	100	10		生活助理	1003	30	60	
13034000	1303	4	4	0	1		舞蹈助理	1003	3	6	
13034001	1303	4	4	1	1		舞蹈助理	1003	3	6	
13034002	1303	4	4	2	1		舞蹈助理	1003	3	6	
13034003	1303	4	4	3	1		舞蹈助理	1003	3	6	
13034004	1303	4	4	4	1		舞蹈助理	1003	3	6	
13034005	1303	4	4	5	1		舞蹈助理	1003	3	6	
13034006	1303	4	4	6	1		舞蹈助理	1003	3	6	
13034007	1303	4	4	7	1		舞蹈助理	1003	3	6	
13034008	1303	4	4	8	1		舞蹈助理	1003	3	6	
13034009	1303	4	4	9	1		舞蹈助理	1003	3	6	
13034010	1303	4	4	10	1		舞蹈助理	1003	3	6	
13034011	1303	4	4	11	2		舞蹈助理	1003	6	12	
13034012	1303	4	4	12	2		舞蹈助理	1003	6	12	
13034013	1303	4	4	13	2		舞蹈助理	1003	6	12	
13034014	1303	4	4	14	2		舞蹈助理	1003	6	12	
13034015	1303	4	4	15	2		舞蹈助理	1003	6	12	
13034016	1303	4	4	16	2		舞蹈助理	1003	6	12	
13034017	1303	4	4	17	2		舞蹈助理	1003	6	12	
13034018	1303	4	4	18	2		舞蹈助理	1003	6	12	
13034019	1303	4	4	19	2		舞蹈助理	1003	6	12	
13034020	1303	4	4	20	2		舞蹈助理	1003	6	12	
13034021	1303	4	4	21	3		舞蹈助理	1003	9	18	
13034022	1303	4	4	22	3		舞蹈助理	1003	9	18	
13034023	1303	4	4	23	3		舞蹈助理	1003	9	18	
13034024	1303	4	4	24	3		舞蹈助理	1003	9	18	
13034025	1303	4	4	25	3		舞蹈助理	1003	9	18	
13034026	1303	4	4	26	3		舞蹈助理	1003	9	18	
13034027	1303	4	4	27	3		舞蹈助理	1003	9	18	
13034028	1303	4	4	28	3		舞蹈助理	1003	9	18	
13034029	1303	4	4	29	3		舞蹈助理	1003	9	18	
13034030	1303	4	4	30	3		舞蹈助理	1003	9	18	
13034031	1303	4	4	31	4		舞蹈助理	1003	12	24	
13034032	1303	4	4	32	4		舞蹈助理	1003	12	24	
13034033	1303	4	4	33	4		舞蹈助理	1003	12	24	
13034034	1303	4	4	34	4		舞蹈助理	1003	12	24	
13034035	1303	4	4	35	4		舞蹈助理	1003	12	24	
13034036	1303	4	4	36	4		舞蹈助理	1003	12	24	
13034037	1303	4	4	37	4		舞蹈助理	1003	12	24	
13034038	1303	4	4	38	4		舞蹈助理	1003	12	24	
13034039	1303	4	4	39	4		舞蹈助理	1003	12	24	
13034040	1303	4	4	40	4		舞蹈助理	1003	12	24	
13034041	1303	4	4	41	5		舞蹈助理	1003	15	30	
13034042	1303	4	4	42	5		舞蹈助理	1003	15	30	
13034043	1303	4	4	43	5		舞蹈助理	1003	15	30	
13034044	1303	4	4	44	5		舞蹈助理	1003	15	30	
13034045	1303	4	4	45	5		舞蹈助理	1003	15	30	
13034046	1303	4	4	46	5		舞蹈助理	1003	15	30	
13034047	1303	4	4	47	5		舞蹈助理	1003	15	30	
13034048	1303	4	4	48	5		舞蹈助理	1003	15	30	
13034049	1303	4	4	49	5		舞蹈助理	1003	15	30	
13034050	1303	4	4	50	5		舞蹈助理	1003	15	30	
13034051	1303	4	4	51	6		舞蹈助理	1003	18	36	
13034052	1303	4	4	52	6		舞蹈助理	1003	18	36	
13034053	1303	4	4	53	6		舞蹈助理	1003	18	36	
13034054	1303	4	4	54	6		舞蹈助理	1003	18	36	
13034055	1303	4	4	55	6		舞蹈助理	1003	18	36	
13034056	1303	4	4	56	6		舞蹈助理	1003	18	36	
13034057	1303	4	4	57	6		舞蹈助理	1003	18	36	
13034058	1303	4	4	58	6		舞蹈助理	1003	18	36	
13034059	1303	4	4	59	6		舞蹈助理	1003	18	36	
13034060	1303	4	4	60	6		舞蹈助理	1003	18	36	
13034061	1303	4	4	61	7		舞蹈助理	1003	21	42	
13034062	1303	4	4	62	7		舞蹈助理	1003	21	42	
13034063	1303	4	4	63	7		舞蹈助理	1003	21	42	
13034064	1303	4	4	64	7		舞蹈助理	1003	21	42	
13034065	1303	4	4	65	7		舞蹈助理	1003	21	42	
13034066	1303	4	4	66	7		舞蹈助理	1003	21	42	
13034067	1303	4	4	67	7		舞蹈助理	1003	21	42	
13034068	1303	4	4	68	7		舞蹈助理	1003	21	42	
13034069	1303	4	4	69	7		舞蹈助理	1003	21	42	
13034070	1303	4	4	70	7		舞蹈助理	1003	21	42	
13034071	1303	4	4	71	8		舞蹈助理	1003	24	48	
13034072	1303	4	4	72	8		舞蹈助理	1003	24	48	
13034073	1303	4	4	73	8		舞蹈助理	1003	24	48	
13034074	1303	4	4	74	8		舞蹈助理	1003	24	48	
13034075	1303	4	4	75	8		舞蹈助理	1003	24	48	
13034076	1303	4	4	76	8		舞蹈助理	1003	24	48	
13034077	1303	4	4	77	8		舞蹈助理	1003	24	48	
13034078	1303	4	4	78	8		舞蹈助理	1003	24	48	
13034079	1303	4	4	79	8		舞蹈助理	1003	24	48	
13034080	1303	4	4	80	8		舞蹈助理	1003	24	48	
13034081	1303	4	4	81	9		舞蹈助理	1003	27	54	
13034082	1303	4	4	82	9		舞蹈助理	1003	27	54	
13034083	1303	4	4	83	9		舞蹈助理	1003	27	54	
13034084	1303	4	4	84	9		舞蹈助理	1003	27	54	
13034085	1303	4	4	85	9		舞蹈助理	1003	27	54	
13034086	1303	4	4	86	9		舞蹈助理	1003	27	54	
13034087	1303	4	4	87	9		舞蹈助理	1003	27	54	
13034088	1303	4	4	88	9		舞蹈助理	1003	27	54	
13034089	1303	4	4	89	9		舞蹈助理	1003	27	54	
13034090	1303	4	4	90	9		舞蹈助理	1003	27	54	
13034091	1303	4	4	91	10		舞蹈助理	1003	30	60	
13034092	1303	4	4	92	10		舞蹈助理	1003	30	60	
13034093	1303	4	4	93	10		舞蹈助理	1003	30	60	
13034094	1303	4	4	94	10		舞蹈助理	1003	30	60	
13034095	1303	4	4	95	10		舞蹈助理	1003	30	60	
13034096	1303	4	4	96	10		舞蹈助理	1003	30	60	
13034097	1303	4	4	97	10		舞蹈助理	1003	30	60	
13034098	1303	4	4	98	10		舞蹈助理	1003	30	60	
13034099	1303	4	4	99	10		舞蹈助理	1003	30	60	
13034100	1303	4	4	100	10		舞蹈助理	1003	30	60	
13041000	1304	1	1	0	1		宣传助理	1003	4	8	
13041001	1304	1	1	1	1		宣传助理	1003	4	8	
13041002	1304	1	1	2	1		宣传助理	1003	4	8	
13041003	1304	1	1	3	1		宣传助理	1003	4	8	
13041004	1304	1	1	4	1		宣传助理	1003	4	8	
13041005	1304	1	1	5	1		宣传助理	1003	4	8	
13041006	1304	1	1	6	1		宣传助理	1003	4	8	
13041007	1304	1	1	7	1		宣传助理	1003	4	8	
13041008	1304	1	1	8	1		宣传助理	1003	4	8	
13041009	1304	1	1	9	1		宣传助理	1003	4	8	
13041010	1304	1	1	10	1		宣传助理	1003	4	8	
13041011	1304	1	1	11	2		宣传助理	1003	8	16	
13041012	1304	1	1	12	2		宣传助理	1003	8	16	
13041013	1304	1	1	13	2		宣传助理	1003	8	16	
13041014	1304	1	1	14	2		宣传助理	1003	8	16	
13041015	1304	1	1	15	2		宣传助理	1003	8	16	
13041016	1304	1	1	16	2		宣传助理	1003	8	16	
13041017	1304	1	1	17	2		宣传助理	1003	8	16	
13041018	1304	1	1	18	2		宣传助理	1003	8	16	
13041019	1304	1	1	19	2		宣传助理	1003	8	16	
13041020	1304	1	1	20	2		宣传助理	1003	8	16	
13041021	1304	1	1	21	3		宣传助理	1003	12	24	
13041022	1304	1	1	22	3		宣传助理	1003	12	24	
13041023	1304	1	1	23	3		宣传助理	1003	12	24	
13041024	1304	1	1	24	3		宣传助理	1003	12	24	
13041025	1304	1	1	25	3		宣传助理	1003	12	24	
13041026	1304	1	1	26	3		宣传助理	1003	12	24	
13041027	1304	1	1	27	3		宣传助理	1003	12	24	
13041028	1304	1	1	28	3		宣传助理	1003	12	24	
13041029	1304	1	1	29	3		宣传助理	1003	12	24	
13041030	1304	1	1	30	3		宣传助理	1003	12	24	
13041031	1304	1	1	31	4		宣传助理	1003	16	32	
13041032	1304	1	1	32	4		宣传助理	1003	16	32	
13041033	1304	1	1	33	4		宣传助理	1003	16	32	
13041034	1304	1	1	34	4		宣传助理	1003	16	32	
13041035	1304	1	1	35	4		宣传助理	1003	16	32	
13041036	1304	1	1	36	4		宣传助理	1003	16	32	
13041037	1304	1	1	37	4		宣传助理	1003	16	32	
13041038	1304	1	1	38	4		宣传助理	1003	16	32	
13041039	1304	1	1	39	4		宣传助理	1003	16	32	
13041040	1304	1	1	40	4		宣传助理	1003	16	32	
13041041	1304	1	1	41	5		宣传助理	1003	20	40	
13041042	1304	1	1	42	5		宣传助理	1003	20	40	
13041043	1304	1	1	43	5		宣传助理	1003	20	40	
13041044	1304	1	1	44	5		宣传助理	1003	20	40	
13041045	1304	1	1	45	5		宣传助理	1003	20	40	
13041046	1304	1	1	46	5		宣传助理	1003	20	40	
13041047	1304	1	1	47	5		宣传助理	1003	20	40	
13041048	1304	1	1	48	5		宣传助理	1003	20	40	
13041049	1304	1	1	49	5		宣传助理	1003	20	40	
13041050	1304	1	1	50	5		宣传助理	1003	20	40	
13041051	1304	1	1	51	6		宣传助理	1003	24	48	
13041052	1304	1	1	52	6		宣传助理	1003	24	48	
13041053	1304	1	1	53	6		宣传助理	1003	24	48	
13041054	1304	1	1	54	6		宣传助理	1003	24	48	
13041055	1304	1	1	55	6		宣传助理	1003	24	48	
13041056	1304	1	1	56	6		宣传助理	1003	24	48	
13041057	1304	1	1	57	6		宣传助理	1003	24	48	
13041058	1304	1	1	58	6		宣传助理	1003	24	48	
13041059	1304	1	1	59	6		宣传助理	1003	24	48	
13041060	1304	1	1	60	6		宣传助理	1003	24	48	
13041061	1304	1	1	61	7		宣传助理	1003	28	56	
13041062	1304	1	1	62	7		宣传助理	1003	28	56	
13041063	1304	1	1	63	7		宣传助理	1003	28	56	
13041064	1304	1	1	64	7		宣传助理	1003	28	56	
13041065	1304	1	1	65	7		宣传助理	1003	28	56	
13041066	1304	1	1	66	7		宣传助理	1003	28	56	
13041067	1304	1	1	67	7		宣传助理	1003	28	56	
13041068	1304	1	1	68	7		宣传助理	1003	28	56	
13041069	1304	1	1	69	7		宣传助理	1003	28	56	
13041070	1304	1	1	70	7		宣传助理	1003	28	56	
13041071	1304	1	1	71	8		宣传助理	1003	32	64	
13041072	1304	1	1	72	8		宣传助理	1003	32	64	
13041073	1304	1	1	73	8		宣传助理	1003	32	64	
13041074	1304	1	1	74	8		宣传助理	1003	32	64	
13041075	1304	1	1	75	8		宣传助理	1003	32	64	
13041076	1304	1	1	76	8		宣传助理	1003	32	64	
13041077	1304	1	1	77	8		宣传助理	1003	32	64	
13041078	1304	1	1	78	8		宣传助理	1003	32	64	
13041079	1304	1	1	79	8		宣传助理	1003	32	64	
13041080	1304	1	1	80	8		宣传助理	1003	32	64	
13041081	1304	1	1	81	9		宣传助理	1003	36	72	
13041082	1304	1	1	82	9		宣传助理	1003	36	72	
13041083	1304	1	1	83	9		宣传助理	1003	36	72	
13041084	1304	1	1	84	9		宣传助理	1003	36	72	
13041085	1304	1	1	85	9		宣传助理	1003	36	72	
13041086	1304	1	1	86	9		宣传助理	1003	36	72	
13041087	1304	1	1	87	9		宣传助理	1003	36	72	
13041088	1304	1	1	88	9		宣传助理	1003	36	72	
13041089	1304	1	1	89	9		宣传助理	1003	36	72	
13041090	1304	1	1	90	9		宣传助理	1003	36	72	
13041091	1304	1	1	91	10		宣传助理	1003	40	80	
13041092	1304	1	1	92	10		宣传助理	1003	40	80	
13041093	1304	1	1	93	10		宣传助理	1003	40	80	
13041094	1304	1	1	94	10		宣传助理	1003	40	80	
13041095	1304	1	1	95	10		宣传助理	1003	40	80	
13041096	1304	1	1	96	10		宣传助理	1003	40	80	
13041097	1304	1	1	97	10		宣传助理	1003	40	80	
13041098	1304	1	1	98	10		宣传助理	1003	40	80	
13041099	1304	1	1	99	10		宣传助理	1003	40	80	
13041100	1304	1	1	100	10		宣传助理	1003	40	80	
13042000	1304	2	2	0	1		形象助理	1003	4	8	
13042001	1304	2	2	1	1		形象助理	1003	4	8	
13042002	1304	2	2	2	1		形象助理	1003	4	8	
13042003	1304	2	2	3	1		形象助理	1003	4	8	
13042004	1304	2	2	4	1		形象助理	1003	4	8	
13042005	1304	2	2	5	1		形象助理	1003	4	8	
13042006	1304	2	2	6	1		形象助理	1003	4	8	
13042007	1304	2	2	7	1		形象助理	1003	4	8	
13042008	1304	2	2	8	1		形象助理	1003	4	8	
13042009	1304	2	2	9	1		形象助理	1003	4	8	
13042010	1304	2	2	10	1		形象助理	1003	4	8	
13042011	1304	2	2	11	2		形象助理	1003	8	16	
13042012	1304	2	2	12	2		形象助理	1003	8	16	
13042013	1304	2	2	13	2		形象助理	1003	8	16	
13042014	1304	2	2	14	2		形象助理	1003	8	16	
13042015	1304	2	2	15	2		形象助理	1003	8	16	
13042016	1304	2	2	16	2		形象助理	1003	8	16	
13042017	1304	2	2	17	2		形象助理	1003	8	16	
13042018	1304	2	2	18	2		形象助理	1003	8	16	
13042019	1304	2	2	19	2		形象助理	1003	8	16	
13042020	1304	2	2	20	2		形象助理	1003	8	16	
13042021	1304	2	2	21	3		形象助理	1003	12	24	
13042022	1304	2	2	22	3		形象助理	1003	12	24	
13042023	1304	2	2	23	3		形象助理	1003	12	24	
13042024	1304	2	2	24	3		形象助理	1003	12	24	
13042025	1304	2	2	25	3		形象助理	1003	12	24	
13042026	1304	2	2	26	3		形象助理	1003	12	24	
13042027	1304	2	2	27	3		形象助理	1003	12	24	
13042028	1304	2	2	28	3		形象助理	1003	12	24	
13042029	1304	2	2	29	3		形象助理	1003	12	24	
13042030	1304	2	2	30	3		形象助理	1003	12	24	
13042031	1304	2	2	31	4		形象助理	1003	16	32	
13042032	1304	2	2	32	4		形象助理	1003	16	32	
13042033	1304	2	2	33	4		形象助理	1003	16	32	
13042034	1304	2	2	34	4		形象助理	1003	16	32	
13042035	1304	2	2	35	4		形象助理	1003	16	32	
13042036	1304	2	2	36	4		形象助理	1003	16	32	
13042037	1304	2	2	37	4		形象助理	1003	16	32	
13042038	1304	2	2	38	4		形象助理	1003	16	32	
13042039	1304	2	2	39	4		形象助理	1003	16	32	
13042040	1304	2	2	40	4		形象助理	1003	16	32	
13042041	1304	2	2	41	5		形象助理	1003	20	40	
13042042	1304	2	2	42	5		形象助理	1003	20	40	
13042043	1304	2	2	43	5		形象助理	1003	20	40	
13042044	1304	2	2	44	5		形象助理	1003	20	40	
13042045	1304	2	2	45	5		形象助理	1003	20	40	
13042046	1304	2	2	46	5		形象助理	1003	20	40	
13042047	1304	2	2	47	5		形象助理	1003	20	40	
13042048	1304	2	2	48	5		形象助理	1003	20	40	
13042049	1304	2	2	49	5		形象助理	1003	20	40	
13042050	1304	2	2	50	5		形象助理	1003	20	40	
13042051	1304	2	2	51	6		形象助理	1003	24	48	
13042052	1304	2	2	52	6		形象助理	1003	24	48	
13042053	1304	2	2	53	6		形象助理	1003	24	48	
13042054	1304	2	2	54	6		形象助理	1003	24	48	
13042055	1304	2	2	55	6		形象助理	1003	24	48	
13042056	1304	2	2	56	6		形象助理	1003	24	48	
13042057	1304	2	2	57	6		形象助理	1003	24	48	
13042058	1304	2	2	58	6		形象助理	1003	24	48	
13042059	1304	2	2	59	6		形象助理	1003	24	48	
13042060	1304	2	2	60	6		形象助理	1003	24	48	
13042061	1304	2	2	61	7		形象助理	1003	28	56	
13042062	1304	2	2	62	7		形象助理	1003	28	56	
13042063	1304	2	2	63	7		形象助理	1003	28	56	
13042064	1304	2	2	64	7		形象助理	1003	28	56	
13042065	1304	2	2	65	7		形象助理	1003	28	56	
13042066	1304	2	2	66	7		形象助理	1003	28	56	
13042067	1304	2	2	67	7		形象助理	1003	28	56	
13042068	1304	2	2	68	7		形象助理	1003	28	56	
13042069	1304	2	2	69	7		形象助理	1003	28	56	
13042070	1304	2	2	70	7		形象助理	1003	28	56	
13042071	1304	2	2	71	8		形象助理	1003	32	64	
13042072	1304	2	2	72	8		形象助理	1003	32	64	
13042073	1304	2	2	73	8		形象助理	1003	32	64	
13042074	1304	2	2	74	8		形象助理	1003	32	64	
13042075	1304	2	2	75	8		形象助理	1003	32	64	
13042076	1304	2	2	76	8		形象助理	1003	32	64	
13042077	1304	2	2	77	8		形象助理	1003	32	64	
13042078	1304	2	2	78	8		形象助理	1003	32	64	
13042079	1304	2	2	79	8		形象助理	1003	32	64	
13042080	1304	2	2	80	8		形象助理	1003	32	64	
13042081	1304	2	2	81	9		形象助理	1003	36	72	
13042082	1304	2	2	82	9		形象助理	1003	36	72	
13042083	1304	2	2	83	9		形象助理	1003	36	72	
13042084	1304	2	2	84	9		形象助理	1003	36	72	
13042085	1304	2	2	85	9		形象助理	1003	36	72	
13042086	1304	2	2	86	9		形象助理	1003	36	72	
13042087	1304	2	2	87	9		形象助理	1003	36	72	
13042088	1304	2	2	88	9		形象助理	1003	36	72	
13042089	1304	2	2	89	9		形象助理	1003	36	72	
13042090	1304	2	2	90	9		形象助理	1003	36	72	
13042091	1304	2	2	91	10		形象助理	1003	40	80	
13042092	1304	2	2	92	10		形象助理	1003	40	80	
13042093	1304	2	2	93	10		形象助理	1003	40	80	
13042094	1304	2	2	94	10		形象助理	1003	40	80	
13042095	1304	2	2	95	10		形象助理	1003	40	80	
13042096	1304	2	2	96	10		形象助理	1003	40	80	
13042097	1304	2	2	97	10		形象助理	1003	40	80	
13042098	1304	2	2	98	10		形象助理	1003	40	80	
13042099	1304	2	2	99	10		形象助理	1003	40	80	
13042100	1304	2	2	100	10		形象助理	1003	40	80	
13043000	1304	3	3	0	1		生活助理	1003	4	8	
13043001	1304	3	3	1	1		生活助理	1003	4	8	
13043002	1304	3	3	2	1		生活助理	1003	4	8	
13043003	1304	3	3	3	1		生活助理	1003	4	8	
13043004	1304	3	3	4	1		生活助理	1003	4	8	
13043005	1304	3	3	5	1		生活助理	1003	4	8	
13043006	1304	3	3	6	1		生活助理	1003	4	8	
13043007	1304	3	3	7	1		生活助理	1003	4	8	
13043008	1304	3	3	8	1		生活助理	1003	4	8	
13043009	1304	3	3	9	1		生活助理	1003	4	8	
13043010	1304	3	3	10	1		生活助理	1003	4	8	
13043011	1304	3	3	11	2		生活助理	1003	8	16	
13043012	1304	3	3	12	2		生活助理	1003	8	16	
13043013	1304	3	3	13	2		生活助理	1003	8	16	
13043014	1304	3	3	14	2		生活助理	1003	8	16	
13043015	1304	3	3	15	2		生活助理	1003	8	16	
13043016	1304	3	3	16	2		生活助理	1003	8	16	
13043017	1304	3	3	17	2		生活助理	1003	8	16	
13043018	1304	3	3	18	2		生活助理	1003	8	16	
13043019	1304	3	3	19	2		生活助理	1003	8	16	
13043020	1304	3	3	20	2		生活助理	1003	8	16	
13043021	1304	3	3	21	3		生活助理	1003	12	24	
13043022	1304	3	3	22	3		生活助理	1003	12	24	
13043023	1304	3	3	23	3		生活助理	1003	12	24	
13043024	1304	3	3	24	3		生活助理	1003	12	24	
13043025	1304	3	3	25	3		生活助理	1003	12	24	
13043026	1304	3	3	26	3		生活助理	1003	12	24	
13043027	1304	3	3	27	3		生活助理	1003	12	24	
13043028	1304	3	3	28	3		生活助理	1003	12	24	
13043029	1304	3	3	29	3		生活助理	1003	12	24	
13043030	1304	3	3	30	3		生活助理	1003	12	24	
13043031	1304	3	3	31	4		生活助理	1003	16	32	
13043032	1304	3	3	32	4		生活助理	1003	16	32	
13043033	1304	3	3	33	4		生活助理	1003	16	32	
13043034	1304	3	3	34	4		生活助理	1003	16	32	
13043035	1304	3	3	35	4		生活助理	1003	16	32	
13043036	1304	3	3	36	4		生活助理	1003	16	32	
13043037	1304	3	3	37	4		生活助理	1003	16	32	
13043038	1304	3	3	38	4		生活助理	1003	16	32	
13043039	1304	3	3	39	4		生活助理	1003	16	32	
13043040	1304	3	3	40	4		生活助理	1003	16	32	
13043041	1304	3	3	41	5		生活助理	1003	20	40	
13043042	1304	3	3	42	5		生活助理	1003	20	40	
13043043	1304	3	3	43	5		生活助理	1003	20	40	
13043044	1304	3	3	44	5		生活助理	1003	20	40	
13043045	1304	3	3	45	5		生活助理	1003	20	40	
13043046	1304	3	3	46	5		生活助理	1003	20	40	
13043047	1304	3	3	47	5		生活助理	1003	20	40	
13043048	1304	3	3	48	5		生活助理	1003	20	40	
13043049	1304	3	3	49	5		生活助理	1003	20	40	
13043050	1304	3	3	50	5		生活助理	1003	20	40	
13043051	1304	3	3	51	6		生活助理	1003	24	48	
13043052	1304	3	3	52	6		生活助理	1003	24	48	
13043053	1304	3	3	53	6		生活助理	1003	24	48	
13043054	1304	3	3	54	6		生活助理	1003	24	48	
13043055	1304	3	3	55	6		生活助理	1003	24	48	
13043056	1304	3	3	56	6		生活助理	1003	24	48	
13043057	1304	3	3	57	6		生活助理	1003	24	48	
13043058	1304	3	3	58	6		生活助理	1003	24	48	
13043059	1304	3	3	59	6		生活助理	1003	24	48	
13043060	1304	3	3	60	6		生活助理	1003	24	48	
13043061	1304	3	3	61	7		生活助理	1003	28	56	
13043062	1304	3	3	62	7		生活助理	1003	28	56	
13043063	1304	3	3	63	7		生活助理	1003	28	56	
13043064	1304	3	3	64	7		生活助理	1003	28	56	
13043065	1304	3	3	65	7		生活助理	1003	28	56	
13043066	1304	3	3	66	7		生活助理	1003	28	56	
13043067	1304	3	3	67	7		生活助理	1003	28	56	
13043068	1304	3	3	68	7		生活助理	1003	28	56	
13043069	1304	3	3	69	7		生活助理	1003	28	56	
13043070	1304	3	3	70	7		生活助理	1003	28	56	
13043071	1304	3	3	71	8		生活助理	1003	32	64	
13043072	1304	3	3	72	8		生活助理	1003	32	64	
13043073	1304	3	3	73	8		生活助理	1003	32	64	
13043074	1304	3	3	74	8		生活助理	1003	32	64	
13043075	1304	3	3	75	8		生活助理	1003	32	64	
13043076	1304	3	3	76	8		生活助理	1003	32	64	
13043077	1304	3	3	77	8		生活助理	1003	32	64	
13043078	1304	3	3	78	8		生活助理	1003	32	64	
13043079	1304	3	3	79	8		生活助理	1003	32	64	
13043080	1304	3	3	80	8		生活助理	1003	32	64	
13043081	1304	3	3	81	9		生活助理	1003	36	72	
13043082	1304	3	3	82	9		生活助理	1003	36	72	
13043083	1304	3	3	83	9		生活助理	1003	36	72	
13043084	1304	3	3	84	9		生活助理	1003	36	72	
13043085	1304	3	3	85	9		生活助理	1003	36	72	
13043086	1304	3	3	86	9		生活助理	1003	36	72	
13043087	1304	3	3	87	9		生活助理	1003	36	72	
13043088	1304	3	3	88	9		生活助理	1003	36	72	
13043089	1304	3	3	89	9		生活助理	1003	36	72	
13043090	1304	3	3	90	9		生活助理	1003	36	72	
13043091	1304	3	3	91	10		生活助理	1003	40	80	
13043092	1304	3	3	92	10		生活助理	1003	40	80	
13043093	1304	3	3	93	10		生活助理	1003	40	80	
13043094	1304	3	3	94	10		生活助理	1003	40	80	
13043095	1304	3	3	95	10		生活助理	1003	40	80	
13043096	1304	3	3	96	10		生活助理	1003	40	80	
13043097	1304	3	3	97	10		生活助理	1003	40	80	
13043098	1304	3	3	98	10		生活助理	1003	40	80	
13043099	1304	3	3	99	10		生活助理	1003	40	80	
13043100	1304	3	3	100	10		生活助理	1003	40	80	
13044000	1304	4	4	0	1		舞蹈助理	1003	4	8	
13044001	1304	4	4	1	1		舞蹈助理	1003	4	8	
13044002	1304	4	4	2	1		舞蹈助理	1003	4	8	
13044003	1304	4	4	3	1		舞蹈助理	1003	4	8	
13044004	1304	4	4	4	1		舞蹈助理	1003	4	8	
13044005	1304	4	4	5	1		舞蹈助理	1003	4	8	
13044006	1304	4	4	6	1		舞蹈助理	1003	4	8	
13044007	1304	4	4	7	1		舞蹈助理	1003	4	8	
13044008	1304	4	4	8	1		舞蹈助理	1003	4	8	
13044009	1304	4	4	9	1		舞蹈助理	1003	4	8	
13044010	1304	4	4	10	1		舞蹈助理	1003	4	8	
13044011	1304	4	4	11	2		舞蹈助理	1003	8	16	
13044012	1304	4	4	12	2		舞蹈助理	1003	8	16	
13044013	1304	4	4	13	2		舞蹈助理	1003	8	16	
13044014	1304	4	4	14	2		舞蹈助理	1003	8	16	
13044015	1304	4	4	15	2		舞蹈助理	1003	8	16	
13044016	1304	4	4	16	2		舞蹈助理	1003	8	16	
13044017	1304	4	4	17	2		舞蹈助理	1003	8	16	
13044018	1304	4	4	18	2		舞蹈助理	1003	8	16	
13044019	1304	4	4	19	2		舞蹈助理	1003	8	16	
13044020	1304	4	4	20	2		舞蹈助理	1003	8	16	
13044021	1304	4	4	21	3		舞蹈助理	1003	12	24	
13044022	1304	4	4	22	3		舞蹈助理	1003	12	24	
13044023	1304	4	4	23	3		舞蹈助理	1003	12	24	
13044024	1304	4	4	24	3		舞蹈助理	1003	12	24	
13044025	1304	4	4	25	3		舞蹈助理	1003	12	24	
13044026	1304	4	4	26	3		舞蹈助理	1003	12	24	
13044027	1304	4	4	27	3		舞蹈助理	1003	12	24	
13044028	1304	4	4	28	3		舞蹈助理	1003	12	24	
13044029	1304	4	4	29	3		舞蹈助理	1003	12	24	
13044030	1304	4	4	30	3		舞蹈助理	1003	12	24	
13044031	1304	4	4	31	4		舞蹈助理	1003	16	32	
13044032	1304	4	4	32	4		舞蹈助理	1003	16	32	
13044033	1304	4	4	33	4		舞蹈助理	1003	16	32	
13044034	1304	4	4	34	4		舞蹈助理	1003	16	32	
13044035	1304	4	4	35	4		舞蹈助理	1003	16	32	
13044036	1304	4	4	36	4		舞蹈助理	1003	16	32	
13044037	1304	4	4	37	4		舞蹈助理	1003	16	32	
13044038	1304	4	4	38	4		舞蹈助理	1003	16	32	
13044039	1304	4	4	39	4		舞蹈助理	1003	16	32	
13044040	1304	4	4	40	4		舞蹈助理	1003	16	32	
13044041	1304	4	4	41	5		舞蹈助理	1003	20	40	
13044042	1304	4	4	42	5		舞蹈助理	1003	20	40	
13044043	1304	4	4	43	5		舞蹈助理	1003	20	40	
13044044	1304	4	4	44	5		舞蹈助理	1003	20	40	
13044045	1304	4	4	45	5		舞蹈助理	1003	20	40	
13044046	1304	4	4	46	5		舞蹈助理	1003	20	40	
13044047	1304	4	4	47	5		舞蹈助理	1003	20	40	
13044048	1304	4	4	48	5		舞蹈助理	1003	20	40	
13044049	1304	4	4	49	5		舞蹈助理	1003	20	40	
13044050	1304	4	4	50	5		舞蹈助理	1003	20	40	
13044051	1304	4	4	51	6		舞蹈助理	1003	24	48	
13044052	1304	4	4	52	6		舞蹈助理	1003	24	48	
13044053	1304	4	4	53	6		舞蹈助理	1003	24	48	
13044054	1304	4	4	54	6		舞蹈助理	1003	24	48	
13044055	1304	4	4	55	6		舞蹈助理	1003	24	48	
13044056	1304	4	4	56	6		舞蹈助理	1003	24	48	
13044057	1304	4	4	57	6		舞蹈助理	1003	24	48	
13044058	1304	4	4	58	6		舞蹈助理	1003	24	48	
13044059	1304	4	4	59	6		舞蹈助理	1003	24	48	
13044060	1304	4	4	60	6		舞蹈助理	1003	24	48	
13044061	1304	4	4	61	7		舞蹈助理	1003	28	56	
13044062	1304	4	4	62	7		舞蹈助理	1003	28	56	
13044063	1304	4	4	63	7		舞蹈助理	1003	28	56	
13044064	1304	4	4	64	7		舞蹈助理	1003	28	56	
13044065	1304	4	4	65	7		舞蹈助理	1003	28	56	
13044066	1304	4	4	66	7		舞蹈助理	1003	28	56	
13044067	1304	4	4	67	7		舞蹈助理	1003	28	56	
13044068	1304	4	4	68	7		舞蹈助理	1003	28	56	
13044069	1304	4	4	69	7		舞蹈助理	1003	28	56	
13044070	1304	4	4	70	7		舞蹈助理	1003	28	56	
13044071	1304	4	4	71	8		舞蹈助理	1003	32	64	
13044072	1304	4	4	72	8		舞蹈助理	1003	32	64	
13044073	1304	4	4	73	8		舞蹈助理	1003	32	64	
13044074	1304	4	4	74	8		舞蹈助理	1003	32	64	
13044075	1304	4	4	75	8		舞蹈助理	1003	32	64	
13044076	1304	4	4	76	8		舞蹈助理	1003	32	64	
13044077	1304	4	4	77	8		舞蹈助理	1003	32	64	
13044078	1304	4	4	78	8		舞蹈助理	1003	32	64	
13044079	1304	4	4	79	8		舞蹈助理	1003	32	64	
13044080	1304	4	4	80	8		舞蹈助理	1003	32	64	
13044081	1304	4	4	81	9		舞蹈助理	1003	36	72	
13044082	1304	4	4	82	9		舞蹈助理	1003	36	72	
13044083	1304	4	4	83	9		舞蹈助理	1003	36	72	
13044084	1304	4	4	84	9		舞蹈助理	1003	36	72	
13044085	1304	4	4	85	9		舞蹈助理	1003	36	72	
13044086	1304	4	4	86	9		舞蹈助理	1003	36	72	
13044087	1304	4	4	87	9		舞蹈助理	1003	36	72	
13044088	1304	4	4	88	9		舞蹈助理	1003	36	72	
13044089	1304	4	4	89	9		舞蹈助理	1003	36	72	
13044090	1304	4	4	90	9		舞蹈助理	1003	36	72	
13044091	1304	4	4	91	10		舞蹈助理	1003	40	80	
13044092	1304	4	4	92	10		舞蹈助理	1003	40	80	
13044093	1304	4	4	93	10		舞蹈助理	1003	40	80	
13044094	1304	4	4	94	10		舞蹈助理	1003	40	80	
13044095	1304	4	4	95	10		舞蹈助理	1003	40	80	
13044096	1304	4	4	96	10		舞蹈助理	1003	40	80	
13044097	1304	4	4	97	10		舞蹈助理	1003	40	80	
13044098	1304	4	4	98	10		舞蹈助理	1003	40	80	
13044099	1304	4	4	99	10		舞蹈助理	1003	40	80	
13044100	1304	4	4	100	10		舞蹈助理	1003	40	80	
13051000	1305	1	1	0	1		宣传助理	1003	5	10	
13051001	1305	1	1	1	1		宣传助理	1003	5	10	
13051002	1305	1	1	2	1		宣传助理	1003	5	10	
13051003	1305	1	1	3	1		宣传助理	1003	5	10	
13051004	1305	1	1	4	1		宣传助理	1003	5	10	
13051005	1305	1	1	5	1		宣传助理	1003	5	10	
13051006	1305	1	1	6	1		宣传助理	1003	5	10	
13051007	1305	1	1	7	1		宣传助理	1003	5	10	
13051008	1305	1	1	8	1		宣传助理	1003	5	10	
13051009	1305	1	1	9	1		宣传助理	1003	5	10	
13051010	1305	1	1	10	1		宣传助理	1003	5	10	
13051011	1305	1	1	11	2		宣传助理	1003	10	20	
13051012	1305	1	1	12	2		宣传助理	1003	10	20	
13051013	1305	1	1	13	2		宣传助理	1003	10	20	
13051014	1305	1	1	14	2		宣传助理	1003	10	20	
13051015	1305	1	1	15	2		宣传助理	1003	10	20	
13051016	1305	1	1	16	2		宣传助理	1003	10	20	
13051017	1305	1	1	17	2		宣传助理	1003	10	20	
13051018	1305	1	1	18	2		宣传助理	1003	10	20	
13051019	1305	1	1	19	2		宣传助理	1003	10	20	
13051020	1305	1	1	20	2		宣传助理	1003	10	20	
13051021	1305	1	1	21	3		宣传助理	1003	15	30	
13051022	1305	1	1	22	3		宣传助理	1003	15	30	
13051023	1305	1	1	23	3		宣传助理	1003	15	30	
13051024	1305	1	1	24	3		宣传助理	1003	15	30	
13051025	1305	1	1	25	3		宣传助理	1003	15	30	
13051026	1305	1	1	26	3		宣传助理	1003	15	30	
13051027	1305	1	1	27	3		宣传助理	1003	15	30	
13051028	1305	1	1	28	3		宣传助理	1003	15	30	
13051029	1305	1	1	29	3		宣传助理	1003	15	30	
13051030	1305	1	1	30	3		宣传助理	1003	15	30	
13051031	1305	1	1	31	4		宣传助理	1003	20	40	
13051032	1305	1	1	32	4		宣传助理	1003	20	40	
13051033	1305	1	1	33	4		宣传助理	1003	20	40	
13051034	1305	1	1	34	4		宣传助理	1003	20	40	
13051035	1305	1	1	35	4		宣传助理	1003	20	40	
13051036	1305	1	1	36	4		宣传助理	1003	20	40	
13051037	1305	1	1	37	4		宣传助理	1003	20	40	
13051038	1305	1	1	38	4		宣传助理	1003	20	40	
13051039	1305	1	1	39	4		宣传助理	1003	20	40	
13051040	1305	1	1	40	4		宣传助理	1003	20	40	
13051041	1305	1	1	41	5		宣传助理	1003	25	50	
13051042	1305	1	1	42	5		宣传助理	1003	25	50	
13051043	1305	1	1	43	5		宣传助理	1003	25	50	
13051044	1305	1	1	44	5		宣传助理	1003	25	50	
13051045	1305	1	1	45	5		宣传助理	1003	25	50	
13051046	1305	1	1	46	5		宣传助理	1003	25	50	
13051047	1305	1	1	47	5		宣传助理	1003	25	50	
13051048	1305	1	1	48	5		宣传助理	1003	25	50	
13051049	1305	1	1	49	5		宣传助理	1003	25	50	
13051050	1305	1	1	50	5		宣传助理	1003	25	50	
13051051	1305	1	1	51	6		宣传助理	1003	30	60	
13051052	1305	1	1	52	6		宣传助理	1003	30	60	
13051053	1305	1	1	53	6		宣传助理	1003	30	60	
13051054	1305	1	1	54	6		宣传助理	1003	30	60	
13051055	1305	1	1	55	6		宣传助理	1003	30	60	
13051056	1305	1	1	56	6		宣传助理	1003	30	60	
13051057	1305	1	1	57	6		宣传助理	1003	30	60	
13051058	1305	1	1	58	6		宣传助理	1003	30	60	
13051059	1305	1	1	59	6		宣传助理	1003	30	60	
13051060	1305	1	1	60	6		宣传助理	1003	30	60	
13051061	1305	1	1	61	7		宣传助理	1003	35	70	
13051062	1305	1	1	62	7		宣传助理	1003	35	70	
13051063	1305	1	1	63	7		宣传助理	1003	35	70	
13051064	1305	1	1	64	7		宣传助理	1003	35	70	
13051065	1305	1	1	65	7		宣传助理	1003	35	70	
13051066	1305	1	1	66	7		宣传助理	1003	35	70	
13051067	1305	1	1	67	7		宣传助理	1003	35	70	
13051068	1305	1	1	68	7		宣传助理	1003	35	70	
13051069	1305	1	1	69	7		宣传助理	1003	35	70	
13051070	1305	1	1	70	7		宣传助理	1003	35	70	
13051071	1305	1	1	71	8		宣传助理	1003	40	80	
13051072	1305	1	1	72	8		宣传助理	1003	40	80	
13051073	1305	1	1	73	8		宣传助理	1003	40	80	
13051074	1305	1	1	74	8		宣传助理	1003	40	80	
13051075	1305	1	1	75	8		宣传助理	1003	40	80	
13051076	1305	1	1	76	8		宣传助理	1003	40	80	
13051077	1305	1	1	77	8		宣传助理	1003	40	80	
13051078	1305	1	1	78	8		宣传助理	1003	40	80	
13051079	1305	1	1	79	8		宣传助理	1003	40	80	
13051080	1305	1	1	80	8		宣传助理	1003	40	80	
13051081	1305	1	1	81	9		宣传助理	1003	45	90	
13051082	1305	1	1	82	9		宣传助理	1003	45	90	
13051083	1305	1	1	83	9		宣传助理	1003	45	90	
13051084	1305	1	1	84	9		宣传助理	1003	45	90	
13051085	1305	1	1	85	9		宣传助理	1003	45	90	
13051086	1305	1	1	86	9		宣传助理	1003	45	90	
13051087	1305	1	1	87	9		宣传助理	1003	45	90	
13051088	1305	1	1	88	9		宣传助理	1003	45	90	
13051089	1305	1	1	89	9		宣传助理	1003	45	90	
13051090	1305	1	1	90	9		宣传助理	1003	45	90	
13051091	1305	1	1	91	10		宣传助理	1003	50	100	
13051092	1305	1	1	92	10		宣传助理	1003	50	100	
13051093	1305	1	1	93	10		宣传助理	1003	50	100	
13051094	1305	1	1	94	10		宣传助理	1003	50	100	
13051095	1305	1	1	95	10		宣传助理	1003	50	100	
13051096	1305	1	1	96	10		宣传助理	1003	50	100	
13051097	1305	1	1	97	10		宣传助理	1003	50	100	
13051098	1305	1	1	98	10		宣传助理	1003	50	100	
13051099	1305	1	1	99	10		宣传助理	1003	50	100	
13051100	1305	1	1	100	10		宣传助理	1003	50	100	
13052000	1305	2	2	0	1		形象助理	1003	5	10	
13052001	1305	2	2	1	1		形象助理	1003	5	10	
13052002	1305	2	2	2	1		形象助理	1003	5	10	
13052003	1305	2	2	3	1		形象助理	1003	5	10	
13052004	1305	2	2	4	1		形象助理	1003	5	10	
13052005	1305	2	2	5	1		形象助理	1003	5	10	
13052006	1305	2	2	6	1		形象助理	1003	5	10	
13052007	1305	2	2	7	1		形象助理	1003	5	10	
13052008	1305	2	2	8	1		形象助理	1003	5	10	
13052009	1305	2	2	9	1		形象助理	1003	5	10	
13052010	1305	2	2	10	1		形象助理	1003	5	10	
13052011	1305	2	2	11	2		形象助理	1003	10	20	
13052012	1305	2	2	12	2		形象助理	1003	10	20	
13052013	1305	2	2	13	2		形象助理	1003	10	20	
13052014	1305	2	2	14	2		形象助理	1003	10	20	
13052015	1305	2	2	15	2		形象助理	1003	10	20	
13052016	1305	2	2	16	2		形象助理	1003	10	20	
13052017	1305	2	2	17	2		形象助理	1003	10	20	
13052018	1305	2	2	18	2		形象助理	1003	10	20	
13052019	1305	2	2	19	2		形象助理	1003	10	20	
13052020	1305	2	2	20	2		形象助理	1003	10	20	
13052021	1305	2	2	21	3		形象助理	1003	15	30	
13052022	1305	2	2	22	3		形象助理	1003	15	30	
13052023	1305	2	2	23	3		形象助理	1003	15	30	
13052024	1305	2	2	24	3		形象助理	1003	15	30	
13052025	1305	2	2	25	3		形象助理	1003	15	30	
13052026	1305	2	2	26	3		形象助理	1003	15	30	
13052027	1305	2	2	27	3		形象助理	1003	15	30	
13052028	1305	2	2	28	3		形象助理	1003	15	30	
13052029	1305	2	2	29	3		形象助理	1003	15	30	
13052030	1305	2	2	30	3		形象助理	1003	15	30	
13052031	1305	2	2	31	4		形象助理	1003	20	40	
13052032	1305	2	2	32	4		形象助理	1003	20	40	
13052033	1305	2	2	33	4		形象助理	1003	20	40	
13052034	1305	2	2	34	4		形象助理	1003	20	40	
13052035	1305	2	2	35	4		形象助理	1003	20	40	
13052036	1305	2	2	36	4		形象助理	1003	20	40	
13052037	1305	2	2	37	4		形象助理	1003	20	40	
13052038	1305	2	2	38	4		形象助理	1003	20	40	
13052039	1305	2	2	39	4		形象助理	1003	20	40	
13052040	1305	2	2	40	4		形象助理	1003	20	40	
13052041	1305	2	2	41	5		形象助理	1003	25	50	
13052042	1305	2	2	42	5		形象助理	1003	25	50	
13052043	1305	2	2	43	5		形象助理	1003	25	50	
13052044	1305	2	2	44	5		形象助理	1003	25	50	
13052045	1305	2	2	45	5		形象助理	1003	25	50	
13052046	1305	2	2	46	5		形象助理	1003	25	50	
13052047	1305	2	2	47	5		形象助理	1003	25	50	
13052048	1305	2	2	48	5		形象助理	1003	25	50	
13052049	1305	2	2	49	5		形象助理	1003	25	50	
13052050	1305	2	2	50	5		形象助理	1003	25	50	
13052051	1305	2	2	51	6		形象助理	1003	30	60	
13052052	1305	2	2	52	6		形象助理	1003	30	60	
13052053	1305	2	2	53	6		形象助理	1003	30	60	
13052054	1305	2	2	54	6		形象助理	1003	30	60	
13052055	1305	2	2	55	6		形象助理	1003	30	60	
13052056	1305	2	2	56	6		形象助理	1003	30	60	
13052057	1305	2	2	57	6		形象助理	1003	30	60	
13052058	1305	2	2	58	6		形象助理	1003	30	60	
13052059	1305	2	2	59	6		形象助理	1003	30	60	
13052060	1305	2	2	60	6		形象助理	1003	30	60	
13052061	1305	2	2	61	7		形象助理	1003	35	70	
13052062	1305	2	2	62	7		形象助理	1003	35	70	
13052063	1305	2	2	63	7		形象助理	1003	35	70	
13052064	1305	2	2	64	7		形象助理	1003	35	70	
13052065	1305	2	2	65	7		形象助理	1003	35	70	
13052066	1305	2	2	66	7		形象助理	1003	35	70	
13052067	1305	2	2	67	7		形象助理	1003	35	70	
13052068	1305	2	2	68	7		形象助理	1003	35	70	
13052069	1305	2	2	69	7		形象助理	1003	35	70	
13052070	1305	2	2	70	7		形象助理	1003	35	70	
13052071	1305	2	2	71	8		形象助理	1003	40	80	
13052072	1305	2	2	72	8		形象助理	1003	40	80	
13052073	1305	2	2	73	8		形象助理	1003	40	80	
13052074	1305	2	2	74	8		形象助理	1003	40	80	
13052075	1305	2	2	75	8		形象助理	1003	40	80	
13052076	1305	2	2	76	8		形象助理	1003	40	80	
13052077	1305	2	2	77	8		形象助理	1003	40	80	
13052078	1305	2	2	78	8		形象助理	1003	40	80	
13052079	1305	2	2	79	8		形象助理	1003	40	80	
13052080	1305	2	2	80	8		形象助理	1003	40	80	
13052081	1305	2	2	81	9		形象助理	1003	45	90	
13052082	1305	2	2	82	9		形象助理	1003	45	90	
13052083	1305	2	2	83	9		形象助理	1003	45	90	
13052084	1305	2	2	84	9		形象助理	1003	45	90	
13052085	1305	2	2	85	9		形象助理	1003	45	90	
13052086	1305	2	2	86	9		形象助理	1003	45	90	
13052087	1305	2	2	87	9		形象助理	1003	45	90	
13052088	1305	2	2	88	9		形象助理	1003	45	90	
13052089	1305	2	2	89	9		形象助理	1003	45	90	
13052090	1305	2	2	90	9		形象助理	1003	45	90	
13052091	1305	2	2	91	10		形象助理	1003	50	100	
13052092	1305	2	2	92	10		形象助理	1003	50	100	
13052093	1305	2	2	93	10		形象助理	1003	50	100	
13052094	1305	2	2	94	10		形象助理	1003	50	100	
13052095	1305	2	2	95	10		形象助理	1003	50	100	
13052096	1305	2	2	96	10		形象助理	1003	50	100	
13052097	1305	2	2	97	10		形象助理	1003	50	100	
13052098	1305	2	2	98	10		形象助理	1003	50	100	
13052099	1305	2	2	99	10		形象助理	1003	50	100	
13052100	1305	2	2	100	10		形象助理	1003	50	100	
13053000	1305	3	3	0	1		生活助理	1003	5	10	
13053001	1305	3	3	1	1		生活助理	1003	5	10	
13053002	1305	3	3	2	1		生活助理	1003	5	10	
13053003	1305	3	3	3	1		生活助理	1003	5	10	
13053004	1305	3	3	4	1		生活助理	1003	5	10	
13053005	1305	3	3	5	1		生活助理	1003	5	10	
13053006	1305	3	3	6	1		生活助理	1003	5	10	
13053007	1305	3	3	7	1		生活助理	1003	5	10	
13053008	1305	3	3	8	1		生活助理	1003	5	10	
13053009	1305	3	3	9	1		生活助理	1003	5	10	
13053010	1305	3	3	10	1		生活助理	1003	5	10	
13053011	1305	3	3	11	2		生活助理	1003	10	20	
13053012	1305	3	3	12	2		生活助理	1003	10	20	
13053013	1305	3	3	13	2		生活助理	1003	10	20	
13053014	1305	3	3	14	2		生活助理	1003	10	20	
13053015	1305	3	3	15	2		生活助理	1003	10	20	
13053016	1305	3	3	16	2		生活助理	1003	10	20	
13053017	1305	3	3	17	2		生活助理	1003	10	20	
13053018	1305	3	3	18	2		生活助理	1003	10	20	
13053019	1305	3	3	19	2		生活助理	1003	10	20	
13053020	1305	3	3	20	2		生活助理	1003	10	20	
13053021	1305	3	3	21	3		生活助理	1003	15	30	
13053022	1305	3	3	22	3		生活助理	1003	15	30	
13053023	1305	3	3	23	3		生活助理	1003	15	30	
13053024	1305	3	3	24	3		生活助理	1003	15	30	
13053025	1305	3	3	25	3		生活助理	1003	15	30	
13053026	1305	3	3	26	3		生活助理	1003	15	30	
13053027	1305	3	3	27	3		生活助理	1003	15	30	
13053028	1305	3	3	28	3		生活助理	1003	15	30	
13053029	1305	3	3	29	3		生活助理	1003	15	30	
13053030	1305	3	3	30	3		生活助理	1003	15	30	
13053031	1305	3	3	31	4		生活助理	1003	20	40	
13053032	1305	3	3	32	4		生活助理	1003	20	40	
13053033	1305	3	3	33	4		生活助理	1003	20	40	
13053034	1305	3	3	34	4		生活助理	1003	20	40	
13053035	1305	3	3	35	4		生活助理	1003	20	40	
13053036	1305	3	3	36	4		生活助理	1003	20	40	
13053037	1305	3	3	37	4		生活助理	1003	20	40	
13053038	1305	3	3	38	4		生活助理	1003	20	40	
13053039	1305	3	3	39	4		生活助理	1003	20	40	
13053040	1305	3	3	40	4		生活助理	1003	20	40	
13053041	1305	3	3	41	5		生活助理	1003	25	50	
13053042	1305	3	3	42	5		生活助理	1003	25	50	
13053043	1305	3	3	43	5		生活助理	1003	25	50	
13053044	1305	3	3	44	5		生活助理	1003	25	50	
13053045	1305	3	3	45	5		生活助理	1003	25	50	
13053046	1305	3	3	46	5		生活助理	1003	25	50	
13053047	1305	3	3	47	5		生活助理	1003	25	50	
13053048	1305	3	3	48	5		生活助理	1003	25	50	
13053049	1305	3	3	49	5		生活助理	1003	25	50	
13053050	1305	3	3	50	5		生活助理	1003	25	50	
13053051	1305	3	3	51	6		生活助理	1003	30	60	
13053052	1305	3	3	52	6		生活助理	1003	30	60	
13053053	1305	3	3	53	6		生活助理	1003	30	60	
13053054	1305	3	3	54	6		生活助理	1003	30	60	
13053055	1305	3	3	55	6		生活助理	1003	30	60	
13053056	1305	3	3	56	6		生活助理	1003	30	60	
13053057	1305	3	3	57	6		生活助理	1003	30	60	
13053058	1305	3	3	58	6		生活助理	1003	30	60	
13053059	1305	3	3	59	6		生活助理	1003	30	60	
13053060	1305	3	3	60	6		生活助理	1003	30	60	
13053061	1305	3	3	61	7		生活助理	1003	35	70	
13053062	1305	3	3	62	7		生活助理	1003	35	70	
13053063	1305	3	3	63	7		生活助理	1003	35	70	
13053064	1305	3	3	64	7		生活助理	1003	35	70	
13053065	1305	3	3	65	7		生活助理	1003	35	70	
13053066	1305	3	3	66	7		生活助理	1003	35	70	
13053067	1305	3	3	67	7		生活助理	1003	35	70	
13053068	1305	3	3	68	7		生活助理	1003	35	70	
13053069	1305	3	3	69	7		生活助理	1003	35	70	
13053070	1305	3	3	70	7		生活助理	1003	35	70	
13053071	1305	3	3	71	8		生活助理	1003	40	80	
13053072	1305	3	3	72	8		生活助理	1003	40	80	
13053073	1305	3	3	73	8		生活助理	1003	40	80	
13053074	1305	3	3	74	8		生活助理	1003	40	80	
13053075	1305	3	3	75	8		生活助理	1003	40	80	
13053076	1305	3	3	76	8		生活助理	1003	40	80	
13053077	1305	3	3	77	8		生活助理	1003	40	80	
13053078	1305	3	3	78	8		生活助理	1003	40	80	
13053079	1305	3	3	79	8		生活助理	1003	40	80	
13053080	1305	3	3	80	8		生活助理	1003	40	80	
13053081	1305	3	3	81	9		生活助理	1003	45	90	
13053082	1305	3	3	82	9		生活助理	1003	45	90	
13053083	1305	3	3	83	9		生活助理	1003	45	90	
13053084	1305	3	3	84	9		生活助理	1003	45	90	
13053085	1305	3	3	85	9		生活助理	1003	45	90	
13053086	1305	3	3	86	9		生活助理	1003	45	90	
13053087	1305	3	3	87	9		生活助理	1003	45	90	
13053088	1305	3	3	88	9		生活助理	1003	45	90	
13053089	1305	3	3	89	9		生活助理	1003	45	90	
13053090	1305	3	3	90	9		生活助理	1003	45	90	
13053091	1305	3	3	91	10		生活助理	1003	50	100	
13053092	1305	3	3	92	10		生活助理	1003	50	100	
13053093	1305	3	3	93	10		生活助理	1003	50	100	
13053094	1305	3	3	94	10		生活助理	1003	50	100	
13053095	1305	3	3	95	10		生活助理	1003	50	100	
13053096	1305	3	3	96	10		生活助理	1003	50	100	
13053097	1305	3	3	97	10		生活助理	1003	50	100	
13053098	1305	3	3	98	10		生活助理	1003	50	100	
13053099	1305	3	3	99	10		生活助理	1003	50	100	
13053100	1305	3	3	100	10		生活助理	1003	50	100	
13054000	1305	4	4	0	1		舞蹈助理	1003	5	10	
13054001	1305	4	4	1	1		舞蹈助理	1003	5	10	
13054002	1305	4	4	2	1		舞蹈助理	1003	5	10	
13054003	1305	4	4	3	1		舞蹈助理	1003	5	10	
13054004	1305	4	4	4	1		舞蹈助理	1003	5	10	
13054005	1305	4	4	5	1		舞蹈助理	1003	5	10	
13054006	1305	4	4	6	1		舞蹈助理	1003	5	10	
13054007	1305	4	4	7	1		舞蹈助理	1003	5	10	
13054008	1305	4	4	8	1		舞蹈助理	1003	5	10	
13054009	1305	4	4	9	1		舞蹈助理	1003	5	10	
13054010	1305	4	4	10	1		舞蹈助理	1003	5	10	
13054011	1305	4	4	11	2		舞蹈助理	1003	10	20	
13054012	1305	4	4	12	2		舞蹈助理	1003	10	20	
13054013	1305	4	4	13	2		舞蹈助理	1003	10	20	
13054014	1305	4	4	14	2		舞蹈助理	1003	10	20	
13054015	1305	4	4	15	2		舞蹈助理	1003	10	20	
13054016	1305	4	4	16	2		舞蹈助理	1003	10	20	
13054017	1305	4	4	17	2		舞蹈助理	1003	10	20	
13054018	1305	4	4	18	2		舞蹈助理	1003	10	20	
13054019	1305	4	4	19	2		舞蹈助理	1003	10	20	
13054020	1305	4	4	20	2		舞蹈助理	1003	10	20	
13054021	1305	4	4	21	3		舞蹈助理	1003	15	30	
13054022	1305	4	4	22	3		舞蹈助理	1003	15	30	
13054023	1305	4	4	23	3		舞蹈助理	1003	15	30	
13054024	1305	4	4	24	3		舞蹈助理	1003	15	30	
13054025	1305	4	4	25	3		舞蹈助理	1003	15	30	
13054026	1305	4	4	26	3		舞蹈助理	1003	15	30	
13054027	1305	4	4	27	3		舞蹈助理	1003	15	30	
13054028	1305	4	4	28	3		舞蹈助理	1003	15	30	
13054029	1305	4	4	29	3		舞蹈助理	1003	15	30	
13054030	1305	4	4	30	3		舞蹈助理	1003	15	30	
13054031	1305	4	4	31	4		舞蹈助理	1003	20	40	
13054032	1305	4	4	32	4		舞蹈助理	1003	20	40	
13054033	1305	4	4	33	4		舞蹈助理	1003	20	40	
13054034	1305	4	4	34	4		舞蹈助理	1003	20	40	
13054035	1305	4	4	35	4		舞蹈助理	1003	20	40	
13054036	1305	4	4	36	4		舞蹈助理	1003	20	40	
13054037	1305	4	4	37	4		舞蹈助理	1003	20	40	
13054038	1305	4	4	38	4		舞蹈助理	1003	20	40	
13054039	1305	4	4	39	4		舞蹈助理	1003	20	40	
13054040	1305	4	4	40	4		舞蹈助理	1003	20	40	
13054041	1305	4	4	41	5		舞蹈助理	1003	25	50	
13054042	1305	4	4	42	5		舞蹈助理	1003	25	50	
13054043	1305	4	4	43	5		舞蹈助理	1003	25	50	
13054044	1305	4	4	44	5		舞蹈助理	1003	25	50	
13054045	1305	4	4	45	5		舞蹈助理	1003	25	50	
13054046	1305	4	4	46	5		舞蹈助理	1003	25	50	
13054047	1305	4	4	47	5		舞蹈助理	1003	25	50	
13054048	1305	4	4	48	5		舞蹈助理	1003	25	50	
13054049	1305	4	4	49	5		舞蹈助理	1003	25	50	
13054050	1305	4	4	50	5		舞蹈助理	1003	25	50	
13054051	1305	4	4	51	6		舞蹈助理	1003	30	60	
13054052	1305	4	4	52	6		舞蹈助理	1003	30	60	
13054053	1305	4	4	53	6		舞蹈助理	1003	30	60	
13054054	1305	4	4	54	6		舞蹈助理	1003	30	60	
13054055	1305	4	4	55	6		舞蹈助理	1003	30	60	
13054056	1305	4	4	56	6		舞蹈助理	1003	30	60	
13054057	1305	4	4	57	6		舞蹈助理	1003	30	60	
13054058	1305	4	4	58	6		舞蹈助理	1003	30	60	
13054059	1305	4	4	59	6		舞蹈助理	1003	30	60	
13054060	1305	4	4	60	6		舞蹈助理	1003	30	60	
13054061	1305	4	4	61	7		舞蹈助理	1003	35	70	
13054062	1305	4	4	62	7		舞蹈助理	1003	35	70	
13054063	1305	4	4	63	7		舞蹈助理	1003	35	70	
13054064	1305	4	4	64	7		舞蹈助理	1003	35	70	
13054065	1305	4	4	65	7		舞蹈助理	1003	35	70	
13054066	1305	4	4	66	7		舞蹈助理	1003	35	70	
13054067	1305	4	4	67	7		舞蹈助理	1003	35	70	
13054068	1305	4	4	68	7		舞蹈助理	1003	35	70	
13054069	1305	4	4	69	7		舞蹈助理	1003	35	70	
13054070	1305	4	4	70	7		舞蹈助理	1003	35	70	
13054071	1305	4	4	71	8		舞蹈助理	1003	40	80	
13054072	1305	4	4	72	8		舞蹈助理	1003	40	80	
13054073	1305	4	4	73	8		舞蹈助理	1003	40	80	
13054074	1305	4	4	74	8		舞蹈助理	1003	40	80	
13054075	1305	4	4	75	8		舞蹈助理	1003	40	80	
13054076	1305	4	4	76	8		舞蹈助理	1003	40	80	
13054077	1305	4	4	77	8		舞蹈助理	1003	40	80	
13054078	1305	4	4	78	8		舞蹈助理	1003	40	80	
13054079	1305	4	4	79	8		舞蹈助理	1003	40	80	
13054080	1305	4	4	80	8		舞蹈助理	1003	40	80	
13054081	1305	4	4	81	9		舞蹈助理	1003	45	90	
13054082	1305	4	4	82	9		舞蹈助理	1003	45	90	
13054083	1305	4	4	83	9		舞蹈助理	1003	45	90	
13054084	1305	4	4	84	9		舞蹈助理	1003	45	90	
13054085	1305	4	4	85	9		舞蹈助理	1003	45	90	
13054086	1305	4	4	86	9		舞蹈助理	1003	45	90	
13054087	1305	4	4	87	9		舞蹈助理	1003	45	90	
13054088	1305	4	4	88	9		舞蹈助理	1003	45	90	
13054089	1305	4	4	89	9		舞蹈助理	1003	45	90	
13054090	1305	4	4	90	9		舞蹈助理	1003	45	90	
13054091	1305	4	4	91	10		舞蹈助理	1003	50	100	
13054092	1305	4	4	92	10		舞蹈助理	1003	50	100	
13054093	1305	4	4	93	10		舞蹈助理	1003	50	100	
13054094	1305	4	4	94	10		舞蹈助理	1003	50	100	
13054095	1305	4	4	95	10		舞蹈助理	1003	50	100	
13054096	1305	4	4	96	10		舞蹈助理	1003	50	100	
13054097	1305	4	4	97	10		舞蹈助理	1003	50	100	
13054098	1305	4	4	98	10		舞蹈助理	1003	50	100	
13054099	1305	4	4	99	10		舞蹈助理	1003	50	100	
13054100	1305	4	4	100	10		舞蹈助理	1003	50	100	
13061000	1306	1	1	0	1		宣传助理	1003	6	12	
13061001	1306	1	1	1	1		宣传助理	1003	6	12	
13061002	1306	1	1	2	1		宣传助理	1003	6	12	
13061003	1306	1	1	3	1		宣传助理	1003	6	12	
13061004	1306	1	1	4	1		宣传助理	1003	6	12	
13061005	1306	1	1	5	1		宣传助理	1003	6	12	
13061006	1306	1	1	6	1		宣传助理	1003	6	12	
13061007	1306	1	1	7	1		宣传助理	1003	6	12	
13061008	1306	1	1	8	1		宣传助理	1003	6	12	
13061009	1306	1	1	9	1		宣传助理	1003	6	12	
13061010	1306	1	1	10	1		宣传助理	1003	6	12	
13061011	1306	1	1	11	2		宣传助理	1003	12	24	
13061012	1306	1	1	12	2		宣传助理	1003	12	24	
13061013	1306	1	1	13	2		宣传助理	1003	12	24	
13061014	1306	1	1	14	2		宣传助理	1003	12	24	
13061015	1306	1	1	15	2		宣传助理	1003	12	24	
13061016	1306	1	1	16	2		宣传助理	1003	12	24	
13061017	1306	1	1	17	2		宣传助理	1003	12	24	
13061018	1306	1	1	18	2		宣传助理	1003	12	24	
13061019	1306	1	1	19	2		宣传助理	1003	12	24	
13061020	1306	1	1	20	2		宣传助理	1003	12	24	
13061021	1306	1	1	21	3		宣传助理	1003	18	36	
13061022	1306	1	1	22	3		宣传助理	1003	18	36	
13061023	1306	1	1	23	3		宣传助理	1003	18	36	
13061024	1306	1	1	24	3		宣传助理	1003	18	36	
13061025	1306	1	1	25	3		宣传助理	1003	18	36	
13061026	1306	1	1	26	3		宣传助理	1003	18	36	
13061027	1306	1	1	27	3		宣传助理	1003	18	36	
13061028	1306	1	1	28	3		宣传助理	1003	18	36	
13061029	1306	1	1	29	3		宣传助理	1003	18	36	
13061030	1306	1	1	30	3		宣传助理	1003	18	36	
13061031	1306	1	1	31	4		宣传助理	1003	24	48	
13061032	1306	1	1	32	4		宣传助理	1003	24	48	
13061033	1306	1	1	33	4		宣传助理	1003	24	48	
13061034	1306	1	1	34	4		宣传助理	1003	24	48	
13061035	1306	1	1	35	4		宣传助理	1003	24	48	
13061036	1306	1	1	36	4		宣传助理	1003	24	48	
13061037	1306	1	1	37	4		宣传助理	1003	24	48	
13061038	1306	1	1	38	4		宣传助理	1003	24	48	
13061039	1306	1	1	39	4		宣传助理	1003	24	48	
13061040	1306	1	1	40	4		宣传助理	1003	24	48	
13061041	1306	1	1	41	5		宣传助理	1003	30	60	
13061042	1306	1	1	42	5		宣传助理	1003	30	60	
13061043	1306	1	1	43	5		宣传助理	1003	30	60	
13061044	1306	1	1	44	5		宣传助理	1003	30	60	
13061045	1306	1	1	45	5		宣传助理	1003	30	60	
13061046	1306	1	1	46	5		宣传助理	1003	30	60	
13061047	1306	1	1	47	5		宣传助理	1003	30	60	
13061048	1306	1	1	48	5		宣传助理	1003	30	60	
13061049	1306	1	1	49	5		宣传助理	1003	30	60	
13061050	1306	1	1	50	5		宣传助理	1003	30	60	
13061051	1306	1	1	51	6		宣传助理	1003	36	72	
13061052	1306	1	1	52	6		宣传助理	1003	36	72	
13061053	1306	1	1	53	6		宣传助理	1003	36	72	
13061054	1306	1	1	54	6		宣传助理	1003	36	72	
13061055	1306	1	1	55	6		宣传助理	1003	36	72	
13061056	1306	1	1	56	6		宣传助理	1003	36	72	
13061057	1306	1	1	57	6		宣传助理	1003	36	72	
13061058	1306	1	1	58	6		宣传助理	1003	36	72	
13061059	1306	1	1	59	6		宣传助理	1003	36	72	
13061060	1306	1	1	60	6		宣传助理	1003	36	72	
13061061	1306	1	1	61	7		宣传助理	1003	42	84	
13061062	1306	1	1	62	7		宣传助理	1003	42	84	
13061063	1306	1	1	63	7		宣传助理	1003	42	84	
13061064	1306	1	1	64	7		宣传助理	1003	42	84	
13061065	1306	1	1	65	7		宣传助理	1003	42	84	
13061066	1306	1	1	66	7		宣传助理	1003	42	84	
13061067	1306	1	1	67	7		宣传助理	1003	42	84	
13061068	1306	1	1	68	7		宣传助理	1003	42	84	
13061069	1306	1	1	69	7		宣传助理	1003	42	84	
13061070	1306	1	1	70	7		宣传助理	1003	42	84	
13061071	1306	1	1	71	8		宣传助理	1003	48	96	
13061072	1306	1	1	72	8		宣传助理	1003	48	96	
13061073	1306	1	1	73	8		宣传助理	1003	48	96	
13061074	1306	1	1	74	8		宣传助理	1003	48	96	
13061075	1306	1	1	75	8		宣传助理	1003	48	96	
13061076	1306	1	1	76	8		宣传助理	1003	48	96	
13061077	1306	1	1	77	8		宣传助理	1003	48	96	
13061078	1306	1	1	78	8		宣传助理	1003	48	96	
13061079	1306	1	1	79	8		宣传助理	1003	48	96	
13061080	1306	1	1	80	8		宣传助理	1003	48	96	
13061081	1306	1	1	81	9		宣传助理	1003	54	108	
13061082	1306	1	1	82	9		宣传助理	1003	54	108	
13061083	1306	1	1	83	9		宣传助理	1003	54	108	
13061084	1306	1	1	84	9		宣传助理	1003	54	108	
13061085	1306	1	1	85	9		宣传助理	1003	54	108	
13061086	1306	1	1	86	9		宣传助理	1003	54	108	
13061087	1306	1	1	87	9		宣传助理	1003	54	108	
13061088	1306	1	1	88	9		宣传助理	1003	54	108	
13061089	1306	1	1	89	9		宣传助理	1003	54	108	
13061090	1306	1	1	90	9		宣传助理	1003	54	108	
13061091	1306	1	1	91	10		宣传助理	1003	60	120	
13061092	1306	1	1	92	10		宣传助理	1003	60	120	
13061093	1306	1	1	93	10		宣传助理	1003	60	120	
13061094	1306	1	1	94	10		宣传助理	1003	60	120	
13061095	1306	1	1	95	10		宣传助理	1003	60	120	
13061096	1306	1	1	96	10		宣传助理	1003	60	120	
13061097	1306	1	1	97	10		宣传助理	1003	60	120	
13061098	1306	1	1	98	10		宣传助理	1003	60	120	
13061099	1306	1	1	99	10		宣传助理	1003	60	120	
13061100	1306	1	1	100	10		宣传助理	1003	60	120	
13062000	1306	2	2	0	1		形象助理	1003	6	12	
13062001	1306	2	2	1	1		形象助理	1003	6	12	
13062002	1306	2	2	2	1		形象助理	1003	6	12	
13062003	1306	2	2	3	1		形象助理	1003	6	12	
13062004	1306	2	2	4	1		形象助理	1003	6	12	
13062005	1306	2	2	5	1		形象助理	1003	6	12	
13062006	1306	2	2	6	1		形象助理	1003	6	12	
13062007	1306	2	2	7	1		形象助理	1003	6	12	
13062008	1306	2	2	8	1		形象助理	1003	6	12	
13062009	1306	2	2	9	1		形象助理	1003	6	12	
13062010	1306	2	2	10	1		形象助理	1003	6	12	
13062011	1306	2	2	11	2		形象助理	1003	12	24	
13062012	1306	2	2	12	2		形象助理	1003	12	24	
13062013	1306	2	2	13	2		形象助理	1003	12	24	
13062014	1306	2	2	14	2		形象助理	1003	12	24	
13062015	1306	2	2	15	2		形象助理	1003	12	24	
13062016	1306	2	2	16	2		形象助理	1003	12	24	
13062017	1306	2	2	17	2		形象助理	1003	12	24	
13062018	1306	2	2	18	2		形象助理	1003	12	24	
13062019	1306	2	2	19	2		形象助理	1003	12	24	
13062020	1306	2	2	20	2		形象助理	1003	12	24	
13062021	1306	2	2	21	3		形象助理	1003	18	36	
13062022	1306	2	2	22	3		形象助理	1003	18	36	
13062023	1306	2	2	23	3		形象助理	1003	18	36	
13062024	1306	2	2	24	3		形象助理	1003	18	36	
13062025	1306	2	2	25	3		形象助理	1003	18	36	
13062026	1306	2	2	26	3		形象助理	1003	18	36	
13062027	1306	2	2	27	3		形象助理	1003	18	36	
13062028	1306	2	2	28	3		形象助理	1003	18	36	
13062029	1306	2	2	29	3		形象助理	1003	18	36	
13062030	1306	2	2	30	3		形象助理	1003	18	36	
13062031	1306	2	2	31	4		形象助理	1003	24	48	
13062032	1306	2	2	32	4		形象助理	1003	24	48	
13062033	1306	2	2	33	4		形象助理	1003	24	48	
13062034	1306	2	2	34	4		形象助理	1003	24	48	
13062035	1306	2	2	35	4		形象助理	1003	24	48	
13062036	1306	2	2	36	4		形象助理	1003	24	48	
13062037	1306	2	2	37	4		形象助理	1003	24	48	
13062038	1306	2	2	38	4		形象助理	1003	24	48	
13062039	1306	2	2	39	4		形象助理	1003	24	48	
13062040	1306	2	2	40	4		形象助理	1003	24	48	
13062041	1306	2	2	41	5		形象助理	1003	30	60	
13062042	1306	2	2	42	5		形象助理	1003	30	60	
13062043	1306	2	2	43	5		形象助理	1003	30	60	
13062044	1306	2	2	44	5		形象助理	1003	30	60	
13062045	1306	2	2	45	5		形象助理	1003	30	60	
13062046	1306	2	2	46	5		形象助理	1003	30	60	
13062047	1306	2	2	47	5		形象助理	1003	30	60	
13062048	1306	2	2	48	5		形象助理	1003	30	60	
13062049	1306	2	2	49	5		形象助理	1003	30	60	
13062050	1306	2	2	50	5		形象助理	1003	30	60	
13062051	1306	2	2	51	6		形象助理	1003	36	72	
13062052	1306	2	2	52	6		形象助理	1003	36	72	
13062053	1306	2	2	53	6		形象助理	1003	36	72	
13062054	1306	2	2	54	6		形象助理	1003	36	72	
13062055	1306	2	2	55	6		形象助理	1003	36	72	
13062056	1306	2	2	56	6		形象助理	1003	36	72	
13062057	1306	2	2	57	6		形象助理	1003	36	72	
13062058	1306	2	2	58	6		形象助理	1003	36	72	
13062059	1306	2	2	59	6		形象助理	1003	36	72	
13062060	1306	2	2	60	6		形象助理	1003	36	72	
13062061	1306	2	2	61	7		形象助理	1003	42	84	
13062062	1306	2	2	62	7		形象助理	1003	42	84	
13062063	1306	2	2	63	7		形象助理	1003	42	84	
13062064	1306	2	2	64	7		形象助理	1003	42	84	
13062065	1306	2	2	65	7		形象助理	1003	42	84	
13062066	1306	2	2	66	7		形象助理	1003	42	84	
13062067	1306	2	2	67	7		形象助理	1003	42	84	
13062068	1306	2	2	68	7		形象助理	1003	42	84	
13062069	1306	2	2	69	7		形象助理	1003	42	84	
13062070	1306	2	2	70	7		形象助理	1003	42	84	
13062071	1306	2	2	71	8		形象助理	1003	48	96	
13062072	1306	2	2	72	8		形象助理	1003	48	96	
13062073	1306	2	2	73	8		形象助理	1003	48	96	
13062074	1306	2	2	74	8		形象助理	1003	48	96	
13062075	1306	2	2	75	8		形象助理	1003	48	96	
13062076	1306	2	2	76	8		形象助理	1003	48	96	
13062077	1306	2	2	77	8		形象助理	1003	48	96	
13062078	1306	2	2	78	8		形象助理	1003	48	96	
13062079	1306	2	2	79	8		形象助理	1003	48	96	
13062080	1306	2	2	80	8		形象助理	1003	48	96	
13062081	1306	2	2	81	9		形象助理	1003	54	108	
13062082	1306	2	2	82	9		形象助理	1003	54	108	
13062083	1306	2	2	83	9		形象助理	1003	54	108	
13062084	1306	2	2	84	9		形象助理	1003	54	108	
13062085	1306	2	2	85	9		形象助理	1003	54	108	
13062086	1306	2	2	86	9		形象助理	1003	54	108	
13062087	1306	2	2	87	9		形象助理	1003	54	108	
13062088	1306	2	2	88	9		形象助理	1003	54	108	
13062089	1306	2	2	89	9		形象助理	1003	54	108	
13062090	1306	2	2	90	9		形象助理	1003	54	108	
13062091	1306	2	2	91	10		形象助理	1003	60	120	
13062092	1306	2	2	92	10		形象助理	1003	60	120	
13062093	1306	2	2	93	10		形象助理	1003	60	120	
13062094	1306	2	2	94	10		形象助理	1003	60	120	
13062095	1306	2	2	95	10		形象助理	1003	60	120	
13062096	1306	2	2	96	10		形象助理	1003	60	120	
13062097	1306	2	2	97	10		形象助理	1003	60	120	
13062098	1306	2	2	98	10		形象助理	1003	60	120	
13062099	1306	2	2	99	10		形象助理	1003	60	120	
13062100	1306	2	2	100	10		形象助理	1003	60	120	
13063000	1306	3	3	0	1		生活助理	1003	6	12	
13063001	1306	3	3	1	1		生活助理	1003	6	12	
13063002	1306	3	3	2	1		生活助理	1003	6	12	
13063003	1306	3	3	3	1		生活助理	1003	6	12	
13063004	1306	3	3	4	1		生活助理	1003	6	12	
13063005	1306	3	3	5	1		生活助理	1003	6	12	
13063006	1306	3	3	6	1		生活助理	1003	6	12	
13063007	1306	3	3	7	1		生活助理	1003	6	12	
13063008	1306	3	3	8	1		生活助理	1003	6	12	
13063009	1306	3	3	9	1		生活助理	1003	6	12	
13063010	1306	3	3	10	1		生活助理	1003	6	12	
13063011	1306	3	3	11	2		生活助理	1003	12	24	
13063012	1306	3	3	12	2		生活助理	1003	12	24	
13063013	1306	3	3	13	2		生活助理	1003	12	24	
13063014	1306	3	3	14	2		生活助理	1003	12	24	
13063015	1306	3	3	15	2		生活助理	1003	12	24	
13063016	1306	3	3	16	2		生活助理	1003	12	24	
13063017	1306	3	3	17	2		生活助理	1003	12	24	
13063018	1306	3	3	18	2		生活助理	1003	12	24	
13063019	1306	3	3	19	2		生活助理	1003	12	24	
13063020	1306	3	3	20	2		生活助理	1003	12	24	
13063021	1306	3	3	21	3		生活助理	1003	18	36	
13063022	1306	3	3	22	3		生活助理	1003	18	36	
13063023	1306	3	3	23	3		生活助理	1003	18	36	
13063024	1306	3	3	24	3		生活助理	1003	18	36	
13063025	1306	3	3	25	3		生活助理	1003	18	36	
13063026	1306	3	3	26	3		生活助理	1003	18	36	
13063027	1306	3	3	27	3		生活助理	1003	18	36	
13063028	1306	3	3	28	3		生活助理	1003	18	36	
13063029	1306	3	3	29	3		生活助理	1003	18	36	
13063030	1306	3	3	30	3		生活助理	1003	18	36	
13063031	1306	3	3	31	4		生活助理	1003	24	48	
13063032	1306	3	3	32	4		生活助理	1003	24	48	
13063033	1306	3	3	33	4		生活助理	1003	24	48	
13063034	1306	3	3	34	4		生活助理	1003	24	48	
13063035	1306	3	3	35	4		生活助理	1003	24	48	
13063036	1306	3	3	36	4		生活助理	1003	24	48	
13063037	1306	3	3	37	4		生活助理	1003	24	48	
13063038	1306	3	3	38	4		生活助理	1003	24	48	
13063039	1306	3	3	39	4		生活助理	1003	24	48	
13063040	1306	3	3	40	4		生活助理	1003	24	48	
13063041	1306	3	3	41	5		生活助理	1003	30	60	
13063042	1306	3	3	42	5		生活助理	1003	30	60	
13063043	1306	3	3	43	5		生活助理	1003	30	60	
13063044	1306	3	3	44	5		生活助理	1003	30	60	
13063045	1306	3	3	45	5		生活助理	1003	30	60	
13063046	1306	3	3	46	5		生活助理	1003	30	60	
13063047	1306	3	3	47	5		生活助理	1003	30	60	
13063048	1306	3	3	48	5		生活助理	1003	30	60	
13063049	1306	3	3	49	5		生活助理	1003	30	60	
13063050	1306	3	3	50	5		生活助理	1003	30	60	
13063051	1306	3	3	51	6		生活助理	1003	36	72	
13063052	1306	3	3	52	6		生活助理	1003	36	72	
13063053	1306	3	3	53	6		生活助理	1003	36	72	
13063054	1306	3	3	54	6		生活助理	1003	36	72	
13063055	1306	3	3	55	6		生活助理	1003	36	72	
13063056	1306	3	3	56	6		生活助理	1003	36	72	
13063057	1306	3	3	57	6		生活助理	1003	36	72	
13063058	1306	3	3	58	6		生活助理	1003	36	72	
13063059	1306	3	3	59	6		生活助理	1003	36	72	
13063060	1306	3	3	60	6		生活助理	1003	36	72	
13063061	1306	3	3	61	7		生活助理	1003	42	84	
13063062	1306	3	3	62	7		生活助理	1003	42	84	
13063063	1306	3	3	63	7		生活助理	1003	42	84	
13063064	1306	3	3	64	7		生活助理	1003	42	84	
13063065	1306	3	3	65	7		生活助理	1003	42	84	
13063066	1306	3	3	66	7		生活助理	1003	42	84	
13063067	1306	3	3	67	7		生活助理	1003	42	84	
13063068	1306	3	3	68	7		生活助理	1003	42	84	
13063069	1306	3	3	69	7		生活助理	1003	42	84	
13063070	1306	3	3	70	7		生活助理	1003	42	84	
13063071	1306	3	3	71	8		生活助理	1003	48	96	
13063072	1306	3	3	72	8		生活助理	1003	48	96	
13063073	1306	3	3	73	8		生活助理	1003	48	96	
13063074	1306	3	3	74	8		生活助理	1003	48	96	
13063075	1306	3	3	75	8		生活助理	1003	48	96	
13063076	1306	3	3	76	8		生活助理	1003	48	96	
13063077	1306	3	3	77	8		生活助理	1003	48	96	
13063078	1306	3	3	78	8		生活助理	1003	48	96	
13063079	1306	3	3	79	8		生活助理	1003	48	96	
13063080	1306	3	3	80	8		生活助理	1003	48	96	
13063081	1306	3	3	81	9		生活助理	1003	54	108	
13063082	1306	3	3	82	9		生活助理	1003	54	108	
13063083	1306	3	3	83	9		生活助理	1003	54	108	
13063084	1306	3	3	84	9		生活助理	1003	54	108	
13063085	1306	3	3	85	9		生活助理	1003	54	108	
13063086	1306	3	3	86	9		生活助理	1003	54	108	
13063087	1306	3	3	87	9		生活助理	1003	54	108	
13063088	1306	3	3	88	9		生活助理	1003	54	108	
13063089	1306	3	3	89	9		生活助理	1003	54	108	
13063090	1306	3	3	90	9		生活助理	1003	54	108	
13063091	1306	3	3	91	10		生活助理	1003	60	120	
13063092	1306	3	3	92	10		生活助理	1003	60	120	
13063093	1306	3	3	93	10		生活助理	1003	60	120	
13063094	1306	3	3	94	10		生活助理	1003	60	120	
13063095	1306	3	3	95	10		生活助理	1003	60	120	
13063096	1306	3	3	96	10		生活助理	1003	60	120	
13063097	1306	3	3	97	10		生活助理	1003	60	120	
13063098	1306	3	3	98	10		生活助理	1003	60	120	
13063099	1306	3	3	99	10		生活助理	1003	60	120	
13063100	1306	3	3	100	10		生活助理	1003	60	120	
13064000	1306	4	4	0	1		舞蹈助理	1003	6	12	
13064001	1306	4	4	1	1		舞蹈助理	1003	6	12	
13064002	1306	4	4	2	1		舞蹈助理	1003	6	12	
13064003	1306	4	4	3	1		舞蹈助理	1003	6	12	
13064004	1306	4	4	4	1		舞蹈助理	1003	6	12	
13064005	1306	4	4	5	1		舞蹈助理	1003	6	12	
13064006	1306	4	4	6	1		舞蹈助理	1003	6	12	
13064007	1306	4	4	7	1		舞蹈助理	1003	6	12	
13064008	1306	4	4	8	1		舞蹈助理	1003	6	12	
13064009	1306	4	4	9	1		舞蹈助理	1003	6	12	
13064010	1306	4	4	10	1		舞蹈助理	1003	6	12	
13064011	1306	4	4	11	2		舞蹈助理	1003	12	24	
13064012	1306	4	4	12	2		舞蹈助理	1003	12	24	
13064013	1306	4	4	13	2		舞蹈助理	1003	12	24	
13064014	1306	4	4	14	2		舞蹈助理	1003	12	24	
13064015	1306	4	4	15	2		舞蹈助理	1003	12	24	
13064016	1306	4	4	16	2		舞蹈助理	1003	12	24	
13064017	1306	4	4	17	2		舞蹈助理	1003	12	24	
13064018	1306	4	4	18	2		舞蹈助理	1003	12	24	
13064019	1306	4	4	19	2		舞蹈助理	1003	12	24	
13064020	1306	4	4	20	2		舞蹈助理	1003	12	24	
13064021	1306	4	4	21	3		舞蹈助理	1003	18	36	
13064022	1306	4	4	22	3		舞蹈助理	1003	18	36	
13064023	1306	4	4	23	3		舞蹈助理	1003	18	36	
13064024	1306	4	4	24	3		舞蹈助理	1003	18	36	
13064025	1306	4	4	25	3		舞蹈助理	1003	18	36	
13064026	1306	4	4	26	3		舞蹈助理	1003	18	36	
13064027	1306	4	4	27	3		舞蹈助理	1003	18	36	
13064028	1306	4	4	28	3		舞蹈助理	1003	18	36	
13064029	1306	4	4	29	3		舞蹈助理	1003	18	36	
13064030	1306	4	4	30	3		舞蹈助理	1003	18	36	
13064031	1306	4	4	31	4		舞蹈助理	1003	24	48	
13064032	1306	4	4	32	4		舞蹈助理	1003	24	48	
13064033	1306	4	4	33	4		舞蹈助理	1003	24	48	
13064034	1306	4	4	34	4		舞蹈助理	1003	24	48	
13064035	1306	4	4	35	4		舞蹈助理	1003	24	48	
13064036	1306	4	4	36	4		舞蹈助理	1003	24	48	
13064037	1306	4	4	37	4		舞蹈助理	1003	24	48	
13064038	1306	4	4	38	4		舞蹈助理	1003	24	48	
13064039	1306	4	4	39	4		舞蹈助理	1003	24	48	
13064040	1306	4	4	40	4		舞蹈助理	1003	24	48	
13064041	1306	4	4	41	5		舞蹈助理	1003	30	60	
13064042	1306	4	4	42	5		舞蹈助理	1003	30	60	
13064043	1306	4	4	43	5		舞蹈助理	1003	30	60	
13064044	1306	4	4	44	5		舞蹈助理	1003	30	60	
13064045	1306	4	4	45	5		舞蹈助理	1003	30	60	
13064046	1306	4	4	46	5		舞蹈助理	1003	30	60	
13064047	1306	4	4	47	5		舞蹈助理	1003	30	60	
13064048	1306	4	4	48	5		舞蹈助理	1003	30	60	
13064049	1306	4	4	49	5		舞蹈助理	1003	30	60	
13064050	1306	4	4	50	5		舞蹈助理	1003	30	60	
13064051	1306	4	4	51	6		舞蹈助理	1003	36	72	
13064052	1306	4	4	52	6		舞蹈助理	1003	36	72	
13064053	1306	4	4	53	6		舞蹈助理	1003	36	72	
13064054	1306	4	4	54	6		舞蹈助理	1003	36	72	
13064055	1306	4	4	55	6		舞蹈助理	1003	36	72	
13064056	1306	4	4	56	6		舞蹈助理	1003	36	72	
13064057	1306	4	4	57	6		舞蹈助理	1003	36	72	
13064058	1306	4	4	58	6		舞蹈助理	1003	36	72	
13064059	1306	4	4	59	6		舞蹈助理	1003	36	72	
13064060	1306	4	4	60	6		舞蹈助理	1003	36	72	
13064061	1306	4	4	61	7		舞蹈助理	1003	42	84	
13064062	1306	4	4	62	7		舞蹈助理	1003	42	84	
13064063	1306	4	4	63	7		舞蹈助理	1003	42	84	
13064064	1306	4	4	64	7		舞蹈助理	1003	42	84	
13064065	1306	4	4	65	7		舞蹈助理	1003	42	84	
13064066	1306	4	4	66	7		舞蹈助理	1003	42	84	
13064067	1306	4	4	67	7		舞蹈助理	1003	42	84	
13064068	1306	4	4	68	7		舞蹈助理	1003	42	84	
13064069	1306	4	4	69	7		舞蹈助理	1003	42	84	
13064070	1306	4	4	70	7		舞蹈助理	1003	42	84	
13064071	1306	4	4	71	8		舞蹈助理	1003	48	96	
13064072	1306	4	4	72	8		舞蹈助理	1003	48	96	
13064073	1306	4	4	73	8		舞蹈助理	1003	48	96	
13064074	1306	4	4	74	8		舞蹈助理	1003	48	96	
13064075	1306	4	4	75	8		舞蹈助理	1003	48	96	
13064076	1306	4	4	76	8		舞蹈助理	1003	48	96	
13064077	1306	4	4	77	8		舞蹈助理	1003	48	96	
13064078	1306	4	4	78	8		舞蹈助理	1003	48	96	
13064079	1306	4	4	79	8		舞蹈助理	1003	48	96	
13064080	1306	4	4	80	8		舞蹈助理	1003	48	96	
13064081	1306	4	4	81	9		舞蹈助理	1003	54	108	
13064082	1306	4	4	82	9		舞蹈助理	1003	54	108	
13064083	1306	4	4	83	9		舞蹈助理	1003	54	108	
13064084	1306	4	4	84	9		舞蹈助理	1003	54	108	
13064085	1306	4	4	85	9		舞蹈助理	1003	54	108	
13064086	1306	4	4	86	9		舞蹈助理	1003	54	108	
13064087	1306	4	4	87	9		舞蹈助理	1003	54	108	
13064088	1306	4	4	88	9		舞蹈助理	1003	54	108	
13064089	1306	4	4	89	9		舞蹈助理	1003	54	108	
13064090	1306	4	4	90	9		舞蹈助理	1003	54	108	
13064091	1306	4	4	91	10		舞蹈助理	1003	60	120	
13064092	1306	4	4	92	10		舞蹈助理	1003	60	120	
13064093	1306	4	4	93	10		舞蹈助理	1003	60	120	
13064094	1306	4	4	94	10		舞蹈助理	1003	60	120	
13064095	1306	4	4	95	10		舞蹈助理	1003	60	120	
13064096	1306	4	4	96	10		舞蹈助理	1003	60	120	
13064097	1306	4	4	97	10		舞蹈助理	1003	60	120	
13064098	1306	4	4	98	10		舞蹈助理	1003	60	120	
13064099	1306	4	4	99	10		舞蹈助理	1003	60	120	
13064100	1306	4	4	100	10		舞蹈助理	1003	60	120	
