int	int	string	string	int	int[]	int	int	DTItemNum[]	int	int	int	int	int	int	int	int	int	int	int	int	int	int	int	int	int	int	int	int	int	int	int	int	int	int	int	int	int	int	int	int	int	int	int	int	int	int	int	int	int	int	int	int	int	int[]	int[]	int[]	int	int	int	int	int	int	int	int
城市id	城市编号	城市名称	城市名称-英文	街道数量	街道ID	路演费用	路演目标	城市占领奖励	大使1性别0=不做要求1101=女1102=男	大使1大洲0=不做要求1201=美国1202=欧洲1203=亚洲	大使1类型0=不做要求1401=演技派1402=偶像派	大使1年龄0=不做要求1501=青春型1502=成熟型	大使1场面0=不做要求	大使1表演0=不做要求	大使1剧情0=不做要求	大使1艺术0=不做要求	大使1娱乐0=不做要求	大使2性别0=不做要求1101=女1102=男	大使2大洲0=不做要求1201=美国1202=欧洲1203=亚洲	大使2类型0=不做要求1=演技派2=偶像派	大使2年龄0=不做要求1=成熟型2=清纯型	大使2场面0=不做要求	大使2表演0=不做要求	大使2剧情0=不做要求	大使2艺术0=不做要求	大使2娱乐0=不做要求	大使3性别0=不做要求1101=女1102=男	大使3大洲0=不做要求1201=美国1202=欧洲1203=亚洲	大使3类型0=不做要求1=演技派2=偶像派	大使3年龄0=不做要求1=成熟型2=清纯型	大使3场面0=不做要求	大使3表演0=不做要求	大使3剧情0=不做要求	大使3艺术0=不做要求	大使3娱乐0=不做要求	大使4性别0=不做要求1101=女1102=男	大使4大洲0=不做要求1201=美国1202=欧洲1203=亚洲	大使4类型0=不做要求1=演技派2=偶像派	大使4年龄0=不做要求1=成熟型2=清纯型	大使4场面0=不做要求	大使4表演0=不做要求	大使4剧情0=不做要求	大使4艺术0=不做要求	大使4娱乐0=不做要求	大使5性别0=不做要求1101=女1102=男	大使5大洲0=不做要求1201=美国1202=欧洲1203=亚洲	大使5类型0=不做要求1=演技派2=偶像派	大使5年龄0=不做要求1=成熟型2=清纯型	大使5场面0=不做要求	大使5表演0=不做要求	大使5剧情0=不做要求	大使5艺术0=不做要求	大使5娱乐0=不做要求	城市占领固定收益	城市占领随机收益	订单品质权重=白；蓝；橙；紫	订单数量	期待值	前置城市0表示没有前置城市	下一个城市	剧情动画	新手引导	国家ID	电影推广收益
id	city_num	zh_cn_name	en_name	street_num	street_id	show_cost	show_need	hold_reward	envoy1_sex	envoy1_Continents	envoy1_type	envoy1_age	envoy1_scene	envoy1_performance	envoy1_plot	envoy1_art	envoy1_entertainment	envoy2_sex	envoy2_Continents	envoy2_type	envoy2_age	envoy2_scene	envoy2_performance	envoy2_plot	envoy2_art	envoy2_entertainment	envoy3_sex	envoy3_Continents	envoy3_type	envoy3_age	envoy3_scene	envoy3_performance	envoy3_plot	envoy3_art	envoy3_entertainment	envoy4_sex	envoy4_Continents	envoy4_type	envoy4_age	envoy4_scene	envoy4_performance	envoy4_plot	envoy4_art	envoy4_entertainment	envoy5_sex	envoy5_Continents	envoy5_type	envoy5_age	envoy5_scene	envoy5_performance	envoy5_plot	envoy5_art	envoy5_entertainment	drop_out	random_out	order_qua	order_num	expect	pre_id	next_city	cut_scene	new_user_guide	country	popularize_id
1101	1	洛杉矶	Los Angeles	3	11001;11002;11003	5000	36	2:5000;9004:5	0	0	0	0	0	1	0	0	0	0	0	0	0	1	0	0	0	0	0	0	0	0	1	0	0	0	0	1101	0	0	0	0	0	0	0	0	1102	0	0	0	0	0	0	0	0	8;60	6104;5005	100;50;25;12	8	100	0	1102	0	0	101	1101
1102	2	纽约	New York	4	11004;11005;11006;11007	10000	51	2:10000;9004:5	0	0	0	0	0	0	1	0	0	0	0	0	0	0	1	0	0	0	0	0	0	0	0	1	0	0	0	1102	0	0	0	0	0	0	0	0	1101	0	0	0	0	0	0	0	0	8;80	6104	100;50;25;12	8	100	1101	1103	0	0	101	1102
1103	3	华盛顿	Washington	4	11008;11009;11010;11011	15000	66	2:50000;9002:50	0	0	0	0	2	0	0	0	0	0	0	0	0	2	0	0	0	0	0	0	0	0	0	0	2	0	0	1101	0	0	0	0	0	0	0	0	1102	0	0	0	0	0	0	0	0	17;120	6105;5005	100;50;25;12	8	100	1102	1104	0	0	101	1103
1104	4	芝加哥	Chicago	4	11012;11013;11014;11015	30000	81	2:50000;9004:5	0	0	0	0	0	2	0	0	0	0	0	0	0	0	2	0	0	0	0	0	0	0	2	0	0	0	0	1102	0	0	0	0	0	0	0	0	1101	0	0	0	0	0	0	0	0	17;140	6105	100;50;25;12	8	100	1103	1105	0	0	101	1104
1105	5	休斯敦	Houston	4	11016;11017;11018;11019	50000	96	2:50000;9004:5	0	0	0	0	0	0	2	0	0	0	0	0	0	0	0	2	0	0	0	0	0	0	0	2	0	0	0	1101	0	0	0	0	0	0	0	0	1102	0	0	0	0	0	0	0	0	26;180	6103;5005	100;50;25;12	8	100	1104	1106	0	0	101	1105
1106	6	费城	Philadelphia	5	11020;11021;11022;11023;11024	60000	212	2:100000;9001:50	0	0	0	0	3	0	0	0	0	0	0	0	0	3	0	0	0	0	0	0	0	0	3	0	0	0	0	1102	0	0	0	0	0	0	0	0	1101	0	0	0	0	0	0	0	0	26;200	6103	100;50;25;12	8	100	1105	1107	0	0	101	1106
1107	7	底特律	Detroit	5	11025;11026;11027;11028;11029	70000	232	2:100000;9004:5	0	0	0	0	0	3	0	0	0	0	0	0	0	0	3	0	0	0	0	0	0	0	0	3	0	0	0	1101	0	0	0	0	0	0	0	0	1102	0	0	0	0	0	0	0	0	35;200	6109;5005	100;50;25;12	8	100	1106	1108	0	0	101	1107
1108	8	波士顿	Boston	5	11030;11031;11032;11033;11034	80000	252	2:100000;9004:5	0	0	0	0	0	0	3	0	0	0	0	0	0	0	0	3	0	0	0	0	0	0	0	0	3	0	0	1102	0	0	0	0	0	0	0	0	1101	0	0	0	0	0	0	0	0	35;200	6109	100;50;25;12	8	100	1107	1109	0	0	101	1108
1109	9	旧金山	San Francisco	5	11035;11036;11037;11038;11039	90000	272	2:150000;9002:50	0	0	0	0	4	0	0	0	0	0	0	0	0	4	0	0	0	0	0	0	0	0	0	0	4	0	0	1101	0	0	0	0	0	0	0	0	1102	0	0	0	0	0	0	0	0	42;220	6102;5005	100;50;25;12	8	100	1108	1110	0	0	101	1109
1110	10	匹兹堡	Pittsburgh	5	11040;11041;11042;11043;11044	100000	292	2:150000;9004:5	0	0	0	0	0	4	0	0	0	0	0	0	0	0	0	4	0	0	0	0	0	0	0	0	4	0	0	1102	0	0	0	0	0	0	0	0	1101	0	0	0	0	0	0	0	0	42;220	6102	100;50;25;12	8	100	1109	1111	0	0	101	1110
1111	11	亚特兰大	Atlanta	6	11045;11046;11047;11048;11049;11050	111000	483	2:150000;9004:5	0	0	0	0	0	1	0	0	0	0	0	0	0	0	0	4	0	0	0	0	0	0	0	0	5	0	0	0	0	0	0	0	5	0	0	0	0	0	0	0	5	0	0	0	0	50;296	6104;6103;5005	100;50;25;12	8	100	1110	1112	0	0	101	1111
1112	12	檀香山	Honolulu	6	11051;11052;11053;11054;11055;11056	122000	528	2:250000;9001:50	0	0	0	0	0	12	0	0	0	0	0	0	0	0	13	0	0	0	0	0	0	0	0	16	0	0	0	0	0	0	0	0	0	10	0	0	0	0	0	0	12	0	0	0	0	50;296	6104;6109	100;50;25;12	8	100	1111	1113	0	0	101	1112
1113	13	阿拉斯加	Alaska	6	11057;11058;11059;11060;11061;11062	133000	573	2:250000;9004:5	0	0	0	0	28	0	0	0	0	0	0	0	0	28	0	0	0	0	0	0	0	0	0	25	0	0	0	0	0	0	0	26	0	0	0	0	0	0	0	0	0	0	27	0	0	60;375	6104;6102;5005	100;50;25;12	8	100	1112	1114	0	0	101	1113
1114	14	西雅图	Seattle	6	11063;11064;11065;11066;11067;11068	138000	618	2:250000;9004:5	0	0	0	0	0	34	0	0	0	0	0	0	0	0	0	39	0	0	0	0	0	0	32	0	0	0	0	0	0	0	0	35	0	0	0	0	0	0	0	0	33	0	0	0	0	60;375	6105;6103	100;50;25;12	8	100	1113	1115	0	0	101	1114
1115	15	辛辛那提	Cincinati	6	11069;11070;11071;11072;11073;11074	145000	663	2:350000;9002:50	0	0	0	0	0	0	46	0	0	0	0	0	0	0	43	0	0	0	0	0	0	0	41	0	0	0	0	0	0	0	0	0	0	41	0	0	0	0	0	0	40	0	0	0	0	73;458	6105;6109;5005	100;50;25;12	8	100	1114	1116	0	0	101	1115
1116	16	克利夫兰	Cleveland	7	11075;11076;11077;11078;11079;11080;11081	196000	717	2:350000;9004:5	0	0	0	0	0	0	57	0	0	0	0	0	0	0	0	59	0	0	0	0	0	0	51	0	0	0	0	0	0	0	0	56	0	0	0	0	0	0	0	0	54	0	0	0	0	73;458	6105;6102	100;50;25;12	8	100	1115	1117	0	0	101	1116
1117	17	圣路易斯	St Louis	7	11082;11083;11084;11085;11086;11087;11088	229000	771	2:350000;9004:5	0	0	0	0	0	0	63	0	0	0	0	0	0	0	60	0	0	0	0	0	0	0	0	0	66	0	0	0	0	0	0	64	0	0	0	0	0	0	0	1502	67	0	0	0	0	87;539	6104;5005	100;50;25;12	8	100	1116	1118	0	0	101	1117
1118	18	麦迪逊	Madison	7	11089;11090;11091;11092;11093;11094;11095	257000	825	2:530000;9001:50	0	0	0	0	0	78	0	0	0	0	0	0	0	0	70	0	0	0	0	0	0	0	70	0	0	0	0	0	1201	0	0	0	0	75	0	0	0	1202	0	0	71	0	0	0	0	87;611	6104	100;50;25;12	8	100	1117	1119	0	0	101	1118
1119	19	圣保罗	St Paul	7	11096;11097;11098;11099;11100;11101;11102	286000	879	2:530000;9004:5	0	0	0	0	0	0	89	0	0	1101	0	0	0	89	0	0	0	0	0	1202	0	0	81	0	0	0	0	0	0	1402	0	86	0	0	0	0	0	1201	0	0	0	0	80	0	0	104;611	6105;5005	100;50;25;12	8	100	1118	1120	0	0	101	1119
1120	20	菲尼克斯	Phoenix	7	11103;11104;11105;11106;11107;11108;11109	314000	933	2:530000;9004:5	0	0	0	1501	0	93	0	0	0	0	0	1402	0	0	0	94	0	0	0	1202	0	0	0	92	0	0	0	0	0	0	1501	0	98	0	0	0	1102	0	0	0	0	0	99	0	0	104;611	6105	100;50;25;12	8	100	1119	1121	0	0	101	1120
1121	21	塞勒姆	Salem	8	11110;11111;11112;11113;11114;11115;11116;11117	344000	1340	2:740000;9002:50	0	1201	0	0	0	0	101	0	0	0	0	1402	0	103	0	0	0	0	0	0	0	1502	0	100	0	0	0	1102	0	0	0	102	0	0	0	0	0	1201	0	0	0	101	0	0	0	125;708	6103;5005	100;50;25;12	8	100	1120	1122	0	0	101	1121
1122	22	哥伦布	Columbus	8	11118;11119;11120;11121;11122;11123;11124;11125	358000	1436	2:740000;9004:5	0	0	1401	0	110	0	0	0	0	0	1201	0	0	0	0	115	0	0	0	0	1402	0	0	116	0	0	0	0	0	0	1502	115	0	0	0	0	1101	0	0	0	0	0	110	0	0	125;708	6103	100;50;25;12	8	100	1121	1123	0	0	101	1122
1123	23	达拉斯	Dallas	8	11126;11127;11128;11129;11130;11131;11132;11133	372000	1532	2:740000;9004:5	0	1202	0	0	128	0	0	0	0	0	0	1402	0	0	124	0	0	0	1102	0	0	0	0	121	0	0	0	0	0	0	1501	0	0	127	0	0	0	0	1401	0	0	0	127	0	0	150;814	6109;5005	100;50;25;12	8	100	1122	1124	0	0	101	1123
1124	24	法兰克福	Frankfort	8	11134;11135;11136;11137;11138;11139;11140;11141	389000	1628	2:960000;9001:50	0	1202	0	0	0	132	0	0	0	1101	0	0	0	0	138	0	0	0	0	0	1401	0	0	0	134	0	0	0	1201	0	0	0	132	0	0	0	0	0	0	1501	0	0	132	0	0	150;814	6109	100;50;25;12	8	100	1123	1125	0	0	101	1124
1125	25	夏威夷	Hawaii	8	11142;11143;11144;11145;11146;11147;11148;11149	408000	1724	2:960000;9004:5	0	0	0	1502	0	143	0	0	0	1102	0	0	0	147	0	0	0	0	0	1201	0	0	0	0	149	0	0	0	0	1401	0	0	0	148	0	0	0	1201	0	0	0	0	144	0	0	181;917	6102;5005	100;50;25;12	8	100	1124	1126	0	0	101	1125
1126	26	哥伦比亚	Columbia	8	11150;11151;11152;11153;11154;11155;11156;11157	544000	1836	2:960000;9004:5	0	0	1402	0	0	0	151	0	0	0	0	0	1502	0	0	159	0	0	0	1201	0	0	157	0	0	0	0	1101	0	0	0	152	0	0	0	0	0	0	1402	0	0	0	158	0	0	181;917	6102	100;50;25;12	8	100	1125	1127	0	0	101	1126
1127	27	杰克逊	Jackson	8	11158;11159;11160;11161;11162;11163;11164;11165	604000	1948	2:1140000;9002:50	0	1202	0	0	169	0	0	0	0	0	0	0	1501	0	162	0	0	0	0	0	1401	0	0	166	0	0	0	0	1202	0	0	167	0	0	0	0	0	0	0	1501	0	0	164	0	0	217;1014	6104;6103;5005	100;50;25;12	8	100	1126	1128	0	0	101	1127
1128	28	盐湖城	Salt Lake City	8	11166;11167;11168;11169;11170;11171;11172;11173	664000	2060	2:1140000;9004:5	1101	0	0	0	0	174	0	0	0	0	1201	0	0	0	173	0	0	0	0	0	0	1501	0	177	0	0	0	0	0	0	1502	0	172	0	0	0	1102	0	0	0	170	0	0	0	0	217;1014	6104;6109	100;50;25;12	8	100	1127	1129	0	0	101	1128
1129	29	迈阿密	Miami	8	11174;11175;11176;11177;11178;11179;11180;11181	724000	2172	2:1140000;9004:5	0	0	1401	0	0	0	187	0	0	0	0	1401	0	0	186	0	0	0	0	1201	0	0	182	0	0	0	0	0	0	1402	0	183	0	0	0	0	0	0	0	1502	0	0	185	0	0	260;1117	6104;6102;5005	100;50;25;12	8	100	1128	1130	0	0	101	1129
1130	30	蒙哥马利	Montgomery	8	11182;11183;11184;11185;11186;11187;11188;11189	753000	2284	2:1350000;9001:50	1101	0	0	0	0	0	198	0	0	0	1202	0	0	190	0	0	0	0	0	0	1402	0	0	191	0	0	0	1101	0	0	0	192	0	0	0	0	0	0	0	1501	197	0	0	0	0	260;1117	6105;6103	100;50;25;12	8	100	1129	1131	0	0	101	1130
1131	31	奥斯汀	Austin	9	11190;11191;11192;11193;11194;11195;11196;11197;11198	783000	3030	2:1350000;9004:5	0	0	1401	0	0	202	0	0	0	0	1202	0	0	0	0	200	0	0	1101	0	0	0	0	0	203	0	0	0	0	0	1501	0	0	202	0	0	0	1201	0	0	0	0	202	0	0	312;1236	6105;6109;5005	100;50;25;12	8	100	1130	1132	0	0	101	1131
1132	32	堪萨斯城	Kansas City	9	11199;11200;11201;11202;11203;11204;11205;11206;11207	830000	3205	2:1350000;9004:5	1101	0	0	0	216	0	0	0	0	0	0	1402	0	0	218	0	0	0	1102	0	0	0	212	0	0	0	0	0	0	0	1502	0	212	0	0	0	0	0	1401	0	0	219	0	0	0	312;1236	6105;6102	100;50;25;12	8	100	1131	1133	0	0	101	1132
1133	33	新奥尔良	New Orleans	9	11208;11209;11210;11211;11212;11213;11214;11215;11216	860000	3380	2:1530000;9002:50	0	1201	0	0	220	0	0	0	0	1101	0	0	0	0	229	0	0	0	0	0	0	1502	0	0	220	0	0	1101	0	0	0	0	227	0	0	0	0	1202	0	0	222	0	0	0	0	374;1361	6104;5005	100;50;25;12	8	100	1132	1134	0	0	101	1133
1134	34	海伦娜	Helena	9	11217;11218;11219;11220;11221;11222;11223;11224;11225	895000	3555	2:1530000;9004:5	0	0	1402	0	0	0	233	0	0	0	0	0	1501	237	0	0	0	0	0	0	0	1501	0	0	239	0	0	0	0	1402	0	238	0	0	0	0	0	1202	0	0	0	0	231	0	0	374;1361	6104	100;50;25;12	8	100	1133	1135	0	0	101	1134
1135	35	拉斯维加斯	Las Vegas	9	11226;11227;11228;11229;11230;11231;11232;11233;11234	930000	3730	2:1530000;9004:5	1101	0	0	0	0	0	245	0	0	0	0	0	1502	0	240	0	0	0	0	1201	0	0	0	0	245	0	0	1101	0	0	0	242	0	0	0	0	0	0	1401	0	242	0	0	0	0	449;1497	6105;5005	100;50;25;12	8	100	1134	1136	0	0	101	1135
1136	36	巴尔的摩	Baltimore	9	11235;11236;11237;11238;11239;11240;11241;11242;11243	965000	3930	2:1790000;9001:50	0	0	0	1502	251	0	0	0	0	1102	0	0	0	251	0	0	0	0	1101	0	0	0	253	0	0	0	0	0	0	1401	0	0	0	258	0	0	0	1201	0	0	254	0	0	0	0	449;1497	6105	100;50;25;12	8	100	1135	1137	0	0	101	1136
1137	37	丹佛	Denver	9	11244;11245;11246;11247;11248;11249;11250;11251;11252	1005000	4130	2:1790000;9004:5	1102	0	0	0	0	0	267	0	0	0	0	0	1502	0	260	0	0	0	0	1202	0	0	0	260	0	0	0	0	0	0	1501	0	263	0	0	0	0	0	1402	0	0	0	266	0	0	539;1647	6103;5005	100;50;25;12	8	100	1136	1138	0	0	101	1137
1138	38	奥兰多	Orlando	9	11253;11254;11255;11256;11257;11258;11259;11260;11261	1045000	4330	2:1790000;9004:5	1101	0	0	0	0	270	0	0	0	0	0	0	1501	272	0	0	0	0	0	0	1401	0	0	0	278	0	0	0	1202	0	0	279	0	0	0	0	1101	0	0	0	275	0	0	0	0	539;1647	6103	100;50;25;12	8	100	1137	1139	0	0	101	1138
1139	39	塞班岛	Saipan	9	11262;11263;11264;11265;11266;11267;11268;11269;11270	1085000	4530	2:2080000;9002:50	0	0	0	1501	0	289	0	0	0	0	1201	0	0	0	282	0	0	0	1102	0	0	0	0	281	0	0	0	0	0	1401	0	0	280	0	0	0	1102	0	0	0	0	281	0	0	0	647;1811	6109;5005	100;50;25;12	8	100	1138	1140	0	0	101	1139
1140	40	曼哈顿	Manhattan	9	11271;11272;11273;11274;11275;11276;11277;11278;11279	1125000	4730	2:2080000;9004:5	0	0	0	1501	0	0	291	0	0	0	0	1401	0	299	0	0	0	0	0	1201	0	0	0	299	0	0	0	1101	0	0	0	294	0	0	0	0	0	0	0	1502	0	0	299	0	0	647;1811	6109	100;50;25;12	8	100	1139	1141	0	0	101	1140
1141	41	温哥华	Vancouver	8	11280;11281;11282;11283;11284;11285;11286;11287	1170000	5964	2:2080000;5007:2	1102	0	0	0	0	301	0	0	0	0	0	0	1501	0	0	300	0	0	0	0	1401	0	0	303	0	0	0	0	1201	0	0	306	0	0	0	0	1102	0	0	0	0	306	0	0	0	712;1992	6102;5005	100;50;25;12	8	100	1140	1142	0	0	102	1141
1142	42	多伦多	Toronto	8	11288;11289;11290;11291;11292;11293;11294;11295	1212000	6252	2:2450000;5007:2	0	0	0	1502	0	311	0	0	0	0	0	1401	0	317	0	0	0	0	0	1202	0	0	0	311	0	0	0	0	0	1402	0	315	0	0	0	0	1102	0	0	0	0	0	317	0	0	712;1992	6102	100;50;25;12	8	100	1141	1143	0	0	102	1142
1143	43	蒙特利尔	Montreal	8	11296;11297;11298;11299;11300;11301;11302;11303	1255000	6540	2:2450000;5007:2	0	0	0	1501	0	324	0	0	0	0	0	1402	0	323	0	0	0	0	0	1202	0	0	327	0	0	0	0	1102	0	0	0	0	326	0	0	0	0	0	0	1502	0	0	326	0	0	783;2192	6104;6103;5005	100;50;25;12	8	100	1142	1144	0	0	102	1143
1144	44	魁北克	Quebec City	8	11304;11305;11306;11307;11308;11309;11310;11311	1300000	6828	2:2450000;5007:2	0	1201	0	0	0	335	0	0	0	0	0	1402	0	339	0	0	0	0	1102	0	0	0	0	332	0	0	0	0	0	0	1502	0	337	0	0	0	0	0	1401	0	0	330	0	0	0	783;2192	6104;6109	100;50;25;12	8	100	1143	1145	0	0	102	1144
1145	45	维多利亚	Victoria	8	11312;11313;11314;11315;11316;11317;11318;11319	1346000	7116	2:2840000;5007:2	0	1201	0	0	345	0	0	0	0	1101	0	0	0	0	343	0	0	0	0	0	0	1502	0	346	0	0	0	0	1202	0	0	340	0	0	0	0	0	0	0	1501	0	0	345	0	0	861;2411	6104;6102;5005	100;50;25;12	8	100	1144	1146	0	0	102	1145
1146	46	渥太华	Ottawa	8	11320;11321;11322;11323;11324;11325;11326;11327	1394000	7440	2:2840000;5007:2	0	0	1402	0	358	0	0	0	0	0	1201	0	0	0	356	0	0	0	0	0	0	1501	0	357	0	0	0	0	0	1402	0	352	0	0	0	0	0	1202	0	0	357	0	0	0	0	861;2411	6105;6103	100;50;25;12	8	100	1145	1147	0	0	102	1146
1147	47	卡尔加里	Calgary	8	11328;11329;11330;11331;11332;11333;11334;11335	1443000	7764	2:2840000;5007:2	0	0	1401	0	0	361	0	0	0	0	0	0	1501	0	0	361	0	0	0	1201	0	0	0	0	368	0	0	0	0	1401	0	0	360	0	0	0	0	0	0	1502	0	0	362	0	0	947;2653	6105;6109;5005	100;50;25;12	8	100	1146	1148	0	0	102	1147
1148	48	尼亚加拉	Niagara	8	11336;11337;11338;11339;11340;11341;11342;11343	1494000	8088	2:3280000;5007:2	1102	0	0	0	375	0	0	0	0	0	0	0	1502	376	0	0	0	0	0	0	1401	0	0	0	376	0	0	0	1201	0	0	370	0	0	0	0	0	1202	0	0	0	379	0	0	0	947;2653	6105;6102	100;50;25;12	8	100	1147	1149	0	0	102	1148
1149	49	黄刀镇	Yellowknife	8	11344;11345;11346;11347;11348;11349;11350;11351	1548000	8412	2:3280000;5007:2	0	0	0	1502	387	0	0	0	0	1101	0	0	0	0	388	0	0	0	0	1202	0	0	0	387	0	0	0	0	0	1402	0	0	0	382	0	0	0	1201	0	0	0	383	0	0	0	1042;2919	6104;5005	100;50;25;12	8	100	1148	1150	0	0	102	1149
1150	50	惠斯勒	Whistler	8	11352;11353;11354;11355;11356;11357;11358;11359	1603000	8736	2:3280000;5007:2	0	0	0	1501	0	392	0	0	0	0	0	1402	0	0	393	0	0	0	0	1202	0	0	0	391	0	0	0	0	0	0	1501	0	0	392	0	0	1102	0	0	0	395	0	0	0	0	1042;2919	6104	100;50;25;12	8	100	1149	1151	0	0	102	1150
1151	51	埃德蒙顿	Edmonton	8	11360;11361;11362;11363;11364;11365;11366;11367	1659000	10633	2:4190000;5007:2	0	1201	0	0	404	0	0	0	0	0	0	1402	0	0	0	406	0	0	0	0	0	1502	0	402	0	0	0	1102	0	0	0	0	0	409	0	0	0	1201	0	0	402	0	0	0	0	1146;3211	6105;5005	100;50;25;12	8	100	1150	1152	0	0	102	1151
1152	52	金斯顿	Kingston	8	11368;11369;11370;11371;11372;11373;11374;11375	1718000	11074	2:4190000;5007:2	0	0	1401	0	0	416	0	0	0	0	1201	0	0	414	0	0	0	0	0	0	1402	0	410	0	0	0	0	0	0	0	1502	0	411	0	0	0	1101	0	0	0	0	411	0	0	0	1146;3211	6105	100;50;25;12	8	100	1151	1153	0	0	102	1152
1153	53	哈利法克斯	Halifax	8	11376;11377;11378;11379;11380;11381;11382;11383	1780000	11515	2:4190000;5007:2	0	1202	0	0	0	0	428	0	0	0	0	1402	0	0	421	0	0	0	1102	0	0	0	423	0	0	0	0	0	0	0	1501	421	0	0	0	0	0	0	1401	0	0	425	0	0	0	1261;3533	6103;5005	100;50;25;12	8	100	1152	1154	0	0	102	1153
1154	54	基洛纳	Kelowna	8	11384;11385;11386;11387;11388;11389;11390;11391	1843000	11956	2:5090000;5007:2	0	1202	0	0	436	0	0	0	0	1101	0	0	0	436	0	0	0	0	0	0	1401	0	433	0	0	0	0	0	1201	0	0	0	0	438	0	0	0	0	0	1501	437	0	0	0	0	1261;3533	6103	100;50;25;12	8	100	1153	1155	0	0	102	1154
1155	55	哈密尔顿	Hamilton	8	11392;11393;11394;11395;11396;11397;11398;11399	1908000	12397	2:5090000;5007:2	0	0	0	1502	444	0	0	0	0	1102	0	0	0	441	0	0	0	0	0	1201	0	0	0	0	440	0	0	0	0	1401	0	441	0	0	0	0	0	1201	0	0	0	0	446	0	0	1387;3886	6109;5005	100;50;25;12	8	100	1154	1156	0	0	102	1155
1156	56	温尼伯	Winnipeg	8	11400;11401;11402;11403;11404;11405;11406;11407	1976000	12887	2:5090000;5007:2	0	0	1402	0	0	0	454	0	0	0	0	0	1502	454	0	0	0	0	0	1201	0	0	455	0	0	0	0	1101	0	0	0	0	454	0	0	0	0	0	1402	0	0	0	457	0	0	1387;3886	6109	100;50;25;12	8	100	1155	1157	0	0	102	1156
1157	57	滑铁卢	Waterloo	8	11408;11409;11410;11411;11412;11413;11414;11415	2046000	13377	2:5890000;5007:2	0	1202	0	0	463	0	0	0	0	0	0	0	1501	0	0	462	0	0	0	0	1401	0	461	0	0	0	0	0	1202	0	0	0	467	0	0	0	0	0	0	1501	462	0	0	0	0	1525;4275	6102;5005	100;50;25;12	8	100	1156	1158	0	0	102	1157
1158	58	史密斯堡	Fort Smith Region	8	11416;11417;11418;11419;11420;11421;11422;11423	2119000	13867	2:5890000;5007:2	1101	0	0	0	0	479	0	0	0	0	1201	0	0	0	471	0	0	0	0	0	0	1501	0	0	479	0	0	0	0	0	1502	0	0	479	0	0	1102	0	0	0	0	0	477	0	0	1525;4275	6102	100;50;25;12	8	100	1157	1159	0	0	102	1158
1159	59	怀特霍斯	Whitehorse	8	11424;11425;11426;11427;11428;11429;11430;11431	2194000	14357	2:5890000;5007:2	0	0	1401	0	486	0	0	0	0	0	0	1401	0	0	484	0	0	0	0	1201	0	0	484	0	0	0	0	0	0	1402	0	0	481	0	0	0	0	0	0	1502	0	486	0	0	0	1678;4703	6104;6103;5005	100;50;25;12	8	100	1158	1160	0	0	102	1159
1160	60	约克区	York Region	8	11432;11433;11434;11435;11436;11437;11438;11439	2272000	14847	2:6770000;5007:2	1101	0	0	0	0	498	0	0	0	0	1202	0	0	0	490	0	0	0	0	0	1402	0	496	0	0	0	0	1101	0	0	0	0	0	496	0	0	0	0	0	1501	0	0	491	0	0	1678;4703	6104;6109	100;50;25;12	8	100	1159	1161	0	0	102	1160
1161	61	尼皮辛	Nipissing	9	11440;11441;11442;11443;11444;11445;11446;11447;11448	2353000	17608	2:6770000;5007:2	0	0	1401	0	0	507	0	0	0	0	1202	0	0	0	508	0	0	0	1101	0	0	0	0	507	0	0	0	0	0	0	1501	509	0	0	0	0	0	1201	0	0	0	500	0	0	0	1762;5172	6104;6102;5005	100;50;25;12	8	100	1160	1162	0	0	102	1161
1162	62	帕里桑德	Parry Sound	9	11449;11450;11451;11452;11453;11454;11455;11456;11457	2449000	18248	2:6770000;5007:2	1101	0	0	0	0	0	513	0	0	0	0	1402	0	510	0	0	0	0	1102	0	0	0	511	0	0	0	0	0	0	0	1502	519	0	0	0	0	0	0	1401	0	0	514	0	0	0	1762;5172	6105;6103	100;50;25;12	8	100	1161	1163	0	0	102	1162
1163	63	夏洛特顿	Charlottetown	9	11458;11459;11460;11461;11462;11463;11464;11465;11466	2549000	18888	2:7600000;5007:2	0	1201	0	0	0	0	525	0	0	1101	0	0	0	0	0	520	0	0	0	0	0	1502	0	527	0	0	0	1101	0	0	0	0	0	525	0	0	0	1202	0	0	527	0	0	0	0	1850;5689	6105;6109;5005	100;50;25;12	8	100	1162	1164	0	0	102	1163
1164	64	中奥肯拿根	Central Okanagan	9	11467;11468;11469;11470;11471;11472;11473;11474;11475	2652000	19528	2:7600000;5007:2	0	0	1402	0	0	0	539	0	0	0	0	0	1501	0	0	532	0	0	0	0	0	1501	0	0	530	0	0	0	0	1402	0	531	0	0	0	0	0	1202	0	0	534	0	0	0	0	1850;5689	6105;6102	100;50;25;12	8	100	1163	1165	0	0	102	1164
1165	65	皮尔区	Region of Peel	9	11476;11477;11478;11479;11480;11481;11482;11483;11484	2760000	20168	2:7600000;5007:2	1101	0	0	0	542	0	0	0	0	0	0	0	1502	546	0	0	0	0	0	1201	0	0	0	0	547	0	0	1101	0	0	0	542	0	0	0	0	0	0	1401	0	543	0	0	0	0	1942;6258	6104;5005	100;50;25;12	8	100	1164	1166	0	0	102	1165
1166	66	诺森伯兰	Northumberland county	9	11485;11486;11487;11488;11489;11490;11491;11492;11493	2873000	20872	2:8480000;5007:2	0	0	0	1502	0	0	555	0	0	1102	0	0	0	551	0	0	0	0	1101	0	0	0	0	0	557	0	0	0	0	1401	0	555	0	0	0	0	0	1201	0	0	0	557	0	0	0	1942;6258	6104	100;50;25;12	8	100	1165	1167	0	0	102	1166
1167	67	蒂米斯卡明	Temiskaming	9	11494;11495;11496;11497;11498;11499;11500;11501;11502	2990000	21576	2:8480000;5007:2	1102	0	0	0	0	0	565	0	0	0	0	0	1502	0	564	0	0	0	0	1202	0	0	0	567	0	0	0	0	0	0	1501	0	0	565	0	0	0	0	1402	0	0	0	567	0	0	2039;6883	6105;5005	100;50;25;12	8	100	1166	1168	0	0	102	1167
1168	68	穆斯科卡	Muskoka	9	11503;11504;11505;11506;11507;11508;11509;11510;11511	3111000	22280	2:8480000;5007:2	1101	0	0	0	0	579	0	0	0	0	0	0	1501	579	0	0	0	0	0	0	1401	0	0	0	570	0	0	0	1202	0	0	0	578	0	0	0	1101	0	0	0	0	578	0	0	0	2039;6883	6105	100;50;25;12	8	100	1167	1169	0	0	102	1168
1169	69	锡姆科	Simcoe	9	11512;11513;11514;11515;11516;11517;11518;11519;11520	3238000	22984	2:9340000;5007:2	0	0	0	1501	0	0	582	0	0	0	1201	0	0	0	586	0	0	0	1102	0	0	0	0	0	587	0	0	0	0	1401	0	0	0	588	0	0	1102	0	0	0	0	0	588	0	0	2141;7572	6103;5005	100;50;25;12	8	100	1168	1170	0	0	102	1169
1170	70	拉纳克	Lanark	9	11521;11522;11523;11524;11525;11526;11527;11528;11529	3370000	23688	2:9340000;5007:2	0	0	0	1501	0	597	0	0	0	0	0	1401	0	0	599	0	0	0	0	1201	0	0	0	591	0	0	0	1101	0	0	0	0	598	0	0	0	0	0	0	1502	0	0	599	0	0	2141;7572	6103	100;50;25;12	8	100	1169	1171	0	0	102	1170
1171	71	格雷	Grey	9	11530;11531;11532;11533;11534;11535;11536;11537;11538	3507000	27540	2:9340000;5007:2	1102	0	0	0	0	0	604	0	0	0	0	0	1501	0	607	0	0	0	0	0	1401	0	0	0	601	0	0	0	1201	0	0	0	0	607	0	0	1102	0	0	0	0	600	0	0	0	2249;8331	6109;5005	100;50;25;12	8	100	1170	1172	0	0	102	1171
1172	72	落基山	Rocky	9	11539;11540;11541;11542;11543;11544;11545;11546;11547	3650000	28431	2:10200000;5007:2	0	0	0	1502	0	614	0	0	0	0	0	1401	0	0	610	0	0	0	0	1202	0	0	0	0	619	0	0	0	0	1402	0	0	0	612	0	0	1102	0	0	0	0	614	0	0	0	2249;8331	6109	100;50;25;12	8	100	1171	1173	0	0	102	1172
1173	73	贾斯珀	Jasper	9	11548;11549;11550;11551;11552;11553;11554;11555;11556	3798000	29322	2:10200000;5007:2	0	0	0	1501	625	0	0	0	0	0	0	1402	0	625	0	0	0	0	0	1202	0	0	0	621	0	0	0	1102	0	0	0	624	0	0	0	0	0	0	0	1502	0	0	621	0	0	2361;9164	6102;5005	100;50;25;12	8	100	1172	1174	0	0	102	1173
1174	74	莱姆顿	Lambton	9	11557;11558;11559;11560;11561;11562;11563;11564;11565	3953000	30213	2:10200000;5007:2	0	1201	0	0	635	0	0	0	0	0	0	1402	0	635	0	0	0	0	1102	0	0	0	0	0	632	0	0	0	0	0	1502	0	637	0	0	0	0	0	1401	0	0	633	0	0	0	2361;9164	6102	100;50;25;12	8	100	1173	1175	0	0	102	1174
1175	75	达拉谟	Durham	9	11566;11567;11568;11569;11570;11571;11572;11573;11574	4114000	31104	2:11100000;5007:2	0	1201	0	0	0	0	648	0	0	1101	0	0	0	648	0	0	0	0	0	0	0	1502	0	641	0	0	0	0	1202	0	0	649	0	0	0	0	0	0	0	1501	649	0	0	0	0	2479;10081	6104;6103;5005	100;50;25;12	8	100	1174	1176	0	0	102	1175
1176	76	查塔姆-肯特	Chatham-Kent	9	11575;11576;11577;11578;11579;11580;11581;11582;11583	4282000	32076	2:11100000;5007:2	0	0	1402	0	658	0	0	0	0	0	1201	0	0	0	0	653	0	0	0	0	0	1501	656	0	0	0	0	0	0	1402	0	0	0	659	0	0	0	1202	0	0	0	0	652	0	0	2479;10081	6104;6109	100;50;25;12	8	100	1175	1177	0	0	102	1176
1177	77	萨斯卡通	Saskatoon	9	11584;11585;11586;11587;11588;11589;11590;11591;11592	4456000	33048	2:11100000;5007:2	0	0	1401	0	660	0	0	0	0	0	0	0	1501	0	0	662	0	0	0	1201	0	0	663	0	0	0	0	0	0	1401	0	0	0	664	0	0	0	0	0	1502	0	661	0	0	0	2603;11089	6104;6102;5005	100;50;25;12	8	100	1176	1178	0	0	102	1177
1178	78	里贾纳	Regina	9	11593;11594;11595;11596;11597;11598;11599;11600;11601	4637000	34020	2:11960000;5007:2	1102	0	0	0	0	0	671	0	0	0	0	0	1502	0	0	675	0	0	0	0	1401	0	0	0	675	0	0	0	1201	0	0	0	0	670	0	0	0	1202	0	0	675	0	0	0	0	2603;11089	6105;6103	100;50;25;12	8	100	1177	1179	0	0	102	1178
1179	79	穆斯乔	Moose Jaw	9	11602;11603;11604;11605;11606;11607;11608;11609;11610	4826000	34992	2:11960000;5007:2	0	0	0	1502	0	0	685	0	0	1101	0	0	0	684	0	0	0	0	0	1202	0	0	0	0	687	0	0	0	0	1402	0	0	683	0	0	0	0	1201	0	0	0	0	683	0	0	2733;12197	6105;6109;5005	100;50;25;12	8	100	1178	1180	0	0	102	1179
1180	80	艾伯特王子城	Prince Albert	9	11611;11612;11613;11614;11615;11616;11617;11618;11619	5022000	35964	2:11960000;5007:2	0	0	0	1501	0	693	0	0	0	0	0	1402	0	693	0	0	0	0	0	1202	0	0	0	0	691	0	0	0	0	0	1501	0	696	0	0	0	1102	0	0	0	693	0	0	0	0	2733;12197	6105;6102	100;50;25;12	8	100	1179	1181	0	0	102	1180
1181	81	悉尼	Sydney	8	11620;11621;11622;11623;11624;11625;11626;11627	5227000	41160	2:12760000;5007:3	0	1201	0	0	0	702	0	0	0	0	0	1402	0	0	705	0	0	0	0	0	0	1502	0	0	709	0	0	1102	0	0	0	0	700	0	0	0	0	1201	0	0	0	0	703	0	0	2815;12808	6104;5005	100;50;25;12	8	100	1180	1182	0	0	103	1181
1182	82	墨尔本	Melbourne	8	11628;11629;11630;11631;11632;11633;11634;11635	5413000	42360	2:12760000;5007:3	0	0	1401	0	710	0	0	0	0	0	1201	0	0	715	0	0	0	0	0	0	1402	0	710	0	0	0	0	0	0	0	1502	712	0	0	0	0	1101	0	0	0	712	0	0	0	0	2815;12808	6104	100;50;25;12	8	100	1181	1183	0	0	103	1182
1183	83	黄金海岸	Gold Coast	8	11636;11637;11638;11639;11640;11641;11642;11643	5605000	43560	2:12760000;5007:3	0	1202	0	0	722	0	0	0	0	0	0	1402	0	0	729	0	0	0	1102	0	0	0	0	0	724	0	0	0	0	0	1501	0	0	729	0	0	0	0	1401	0	0	0	724	0	0	2900;13450	6105;5005	100;50;25;12	8	100	1182	1184	0	0	103	1183
1184	84	凯恩斯	Cairns	8	11644;11645;11646;11647;11648;11649;11650;11651	5804000	44760	2:13580000;5007:3	0	1202	0	0	0	737	0	0	0	1101	0	0	0	736	0	0	0	0	0	0	1401	0	739	0	0	0	0	0	1201	0	0	730	0	0	0	0	0	0	0	1501	0	0	735	0	0	2900;13450	6105	100;50;25;12	8	100	1183	1185	0	0	103	1184
1185	85	布里斯班	Brisbane	8	11652;11653;11654;11655;11656;11657;11658;11659	6010000	45960	2:13580000;5007:3	0	0	0	1502	0	746	0	0	0	1102	0	0	0	0	744	0	0	0	0	1201	0	0	0	741	0	0	0	0	0	1401	0	0	0	747	0	0	0	1201	0	0	749	0	0	0	0	2987;14122	6103;5005	100;50;25;12	8	100	1184	1186	0	0	103	1185
1186	86	珀斯	Perth	8	11660;11661;11662;11663;11664;11665;11666;11667	6224000	47260	2:13580000;5007:3	0	0	1402	0	750	0	0	0	0	0	0	0	1502	754	0	0	0	0	0	1201	0	0	0	756	0	0	0	1101	0	0	0	754	0	0	0	0	0	0	1402	0	0	0	756	0	0	2987;14122	6103	100;50;25;12	8	100	1185	1187	0	0	103	1186
1187	87	堪培拉	Canberra	8	11668;11669;11670;11671;11672;11673;11674;11675	6445000	48560	2:14420000;5007:3	0	1202	0	0	0	761	0	0	0	0	0	0	1501	0	0	766	0	0	0	0	1401	0	769	0	0	0	0	0	1202	0	0	0	765	0	0	0	0	0	0	1501	0	0	768	0	0	3076;14828	6109;5005	100;50;25;12	8	100	1186	1188	0	0	103	1187
1188	88	阿德莱德	Adelaide	8	11676;11677;11678;11679;11680;11681;11682;11683	6674000	49860	2:14420000;5007:3	1101	0	0	0	775	0	0	0	0	0	1201	0	0	0	0	776	0	0	0	0	0	1501	0	0	778	0	0	0	0	0	1502	0	777	0	0	0	1102	0	0	0	779	0	0	0	0	3076;14828	6109	100;50;25;12	8	100	1187	1189	0	0	103	1188
1189	89	大堡礁	Great Barrier Reef	8	11684;11685;11686;11687;11688;11689;11690;11691	6911000	51160	2:14420000;5007:3	0	0	1401	0	785	0	0	0	0	0	0	1401	0	0	788	0	0	0	0	1201	0	0	0	0	782	0	0	0	0	1402	0	0	0	780	0	0	0	0	0	1502	0	787	0	0	0	3168;15569	6102;5005	100;50;25;12	8	100	1188	1190	0	0	103	1189
1190	90	大洋路	Dayang Road	8	11692;11693;11694;11695;11696;11697;11698;11699	7157000	52460	2:15260000;5007:3	1101	0	0	0	0	0	799	0	0	0	1202	0	0	0	790	0	0	0	0	0	1402	0	0	792	0	0	0	1101	0	0	0	797	0	0	0	0	0	0	0	1501	0	0	798	0	0	3168;15569	6102	100;50;25;12	8	100	1189	1191	0	0	103	1190
1191	91	霍巴特	Hobart	8	11700;11701;11702;11703;11704;11705;11706;11707	7411000	59279	2:15260000;5007:3	0	0	1401	0	0	0	800	0	0	0	1202	0	0	0	0	802	0	0	1101	0	0	0	801	0	0	0	0	0	0	0	1501	807	0	0	0	0	0	1201	0	0	0	0	802	0	0	3263;16347	6104;6103;5005	100;50;25;12	8	100	1190	1192	0	0	103	1191
1192	92	蓝山	Blue Mountain	8	11708;11709;11710;11711;11712;11713;11714;11715	7674000	60852	2:15260000;5007:3	1101	0	0	0	0	810	0	0	0	0	0	1402	0	0	816	0	0	0	1102	0	0	0	0	0	818	0	0	0	0	0	1502	0	0	816	0	0	0	0	1401	0	0	0	812	0	0	3263;16347	6104;6109	100;50;25;12	8	100	1191	1193	0	0	103	1192
1193	93	乌鲁鲁	Ayers Rock	8	11716;11717;11718;11719;11720;11721;11722;11723	7947000	62425	2:16070000;5007:3	0	1201	0	0	821	0	0	0	0	1101	0	0	0	0	0	825	0	0	0	0	0	1502	825	0	0	0	0	1101	0	0	0	0	828	0	0	0	0	1202	0	0	0	829	0	0	0	3361;17164	6104;6102;5005	100;50;25;12	8	100	1192	1194	0	0	103	1193
1194	94	艾利海滩	Airlie Beach	8	11724;11725;11726;11727;11728;11729;11730;11731	8230000	63998	2:16070000;5007:3	0	0	1402	0	0	0	832	0	0	0	0	0	1501	0	0	834	0	0	0	0	0	1501	0	0	830	0	0	0	0	1402	0	830	0	0	0	0	0	1202	0	0	0	0	832	0	0	3361;17164	6105;6103	100;50;25;12	8	100	1193	1195	0	0	103	1194
1195	95	圣灵群岛	Whitsunday Islands	8	11732;11733;11734;11735;11736;11737;11738;11739	8522000	65571	2:16070000;5007:3	1101	0	0	0	0	0	842	0	0	0	0	0	1502	0	848	0	0	0	0	1201	0	0	0	849	0	0	0	1101	0	0	0	0	843	0	0	0	0	0	1401	0	848	0	0	0	0	3462;18022	6105;6109;5005	100;50;25;12	8	100	1194	1196	0	0	103	1195
1196	96	拜伦湾	Byron Bay	8	11740;11741;11742;11743;11744;11745;11746;11747	8825000	67265	2:16920000;5007:3	0	0	0	1502	850	0	0	0	0	1102	0	0	0	858	0	0	0	0	1101	0	0	0	854	0	0	0	0	0	0	1401	0	0	853	0	0	0	0	1201	0	0	0	0	853	0	0	3462;18022	6105;6102	100;50;25;12	8	100	1195	1197	0	0	103	1196
1197	97	达尔文	Darwin	8	11748;11749;11750;11751;11752;11753;11754;11755	9138000	68959	2:16920000;5007:3	1102	0	0	0	862	0	0	0	0	0	0	0	1502	0	865	0	0	0	0	1202	0	0	0	862	0	0	0	0	0	0	1501	0	867	0	0	0	0	0	1402	0	865	0	0	0	0	3566;18922	6104;5005	100;50;25;12	8	100	1196	1198	0	0	103	1197
1198	98	汉密尔顿岛	Hamilton Island	8	11756;11757;11758;11759;11760;11761;11762;11763	9463000	70653	2:16920000;5007:3	1101	0	0	0	0	876	0	0	0	0	0	0	1501	877	0	0	0	0	0	0	1401	0	0	871	0	0	0	0	1202	0	0	0	0	877	0	0	1101	0	0	0	0	874	0	0	0	3566;18922	6104	100;50;25;12	8	100	1197	1199	0	0	103	1198
1199	99	卧龙岗	Wollongong	8	11764;11765;11766;11767;11768;11769;11770;11771	9799000	72347	2:17790000;5007:3	0	0	0	1501	886	0	0	0	0	0	1201	0	0	886	0	0	0	0	1102	0	0	0	0	887	0	0	0	0	0	1401	0	0	0	887	0	0	1102	0	0	0	0	880	0	0	0	3673;19869	6105;5005	100;50;25;12	8	100	1198	1200	0	0	103	1199
1200	100	袋鼠岛	Kangaroo Island	8	11772;11773;11774;11775;11776;11777;11778;11779	10147000	74041	2:17790000;5007:3	0	0	0	1501	0	0	893	0	0	0	0	1401	0	0	892	0	0	0	0	1201	0	0	0	0	894	0	0	1101	0	0	0	0	0	896	0	0	0	0	0	1502	891	0	0	0	0	3673;19869	6105	100;50;25;12	8	100	1199	1201	0	0	103	1200
1201	101	道格拉斯港	Port Douglas	9	11780;11781;11782;11783;11784;11785;11786;11787	10508000	82788	2:17790000;5007:3	1102	0	0	0	0	906	0	0	0	0	0	0	1501	0	0	907	0	0	0	0	1401	0	0	0	904	0	0	0	1201	0	0	0	0	901	0	0	1102	0	0	0	908	0	0	0	0	3746;20864	6103;5005	100;50;25;12	8	100	1200	1202	0	0	103	1201
1202	102	努萨	Noosa Heads	9	11789;11790;11791;11792;11793;11794;11795;11796	10936000	84804	2:18660000;5007:3	0	0	0	1502	0	0	916	0	0	0	0	1401	0	0	0	915	0	0	0	1202	0	0	917	0	0	0	0	0	0	1402	0	0	911	0	0	0	1102	0	0	0	0	912	0	0	0	3746;20864	6103	100;50;25;12	8	100	1201	1203	0	0	103	1202
1203	103	昆士兰	Queensland	9	11798;11799;11800;11801;11802;11803;11804;11805	11381000	86820	2:18660000;5007:3	0	0	0	1501	0	0	927	0	0	0	0	1402	0	0	921	0	0	0	0	1202	0	0	0	928	0	0	0	1102	0	0	0	923	0	0	0	0	0	0	0	1502	0	0	928	0	0	3821;21908	6109;5005	100;50;25;12	8	100	1202	1204	0	0	103	1203
1204	104	玛格丽特	Margaret	9	11807;11808;11809;11810;11811;11812;11813;11814	11844000	88836	2:18660000;5007:3	0	1201	0	0	0	0	931	0	0	0	0	1402	0	0	0	939	0	0	1102	0	0	0	0	0	938	0	0	0	0	0	1502	932	0	0	0	0	0	0	1401	0	0	930	0	0	0	3821;21908	6109	100;50;25;12	8	100	1203	1205	0	0	103	1204
1205	105	汤斯维尔	Townsville	9	11816;11817;11818;11819;11820;11821;11822;11823	12326000	90852	2:19530000;5007:3	0	1201	0	0	949	0	0	0	0	1101	0	0	0	0	942	0	0	0	0	0	0	1502	0	0	943	0	0	0	1202	0	0	0	0	947	0	0	0	0	0	1501	0	0	940	0	0	3898;23003	6102;5005	100;50;25;12	8	100	1204	1206	0	0	103	1205
1206	106	布鲁姆	Broome	9	11825;11826;11827;11828;11829;11830;11831;11832	12828000	93012	2:19530000;5007:3	0	0	1402	0	958	0	0	0	0	0	1201	0	0	950	0	0	0	0	0	0	0	1501	952	0	0	0	0	0	0	1402	0	0	0	954	0	0	0	1202	0	0	0	957	0	0	0	3898;23003	6102	100;50;25;12	8	100	1205	1207	0	0	103	1206
1207	107	库兰达	Kuranda	9	11834;11835;11836;11837;11838;11839;11840;11841	13350000	95172	2:19530000;5007:3	0	0	1401	0	0	0	966	0	0	0	0	0	1501	0	0	961	0	0	0	1201	0	0	0	0	960	0	0	0	0	1401	0	0	0	964	0	0	0	0	0	1502	961	0	0	0	0	3976;24153	6104;6103;5005	100;50;25;12	8	100	1206	1208	0	0	103	1207
1208	108	麦带区	Wheatbelt	9	11843;11844;11845;11846;11847;11848;11849;11850	13894000	97332	2:20430000;5007:3	1102	0	0	0	0	976	0	0	0	0	0	0	1502	0	977	0	0	0	0	0	1401	0	0	0	970	0	0	0	1201	0	0	0	979	0	0	0	0	1202	0	0	0	970	0	0	0	3976;24153	6104;6109	100;50;25;12	8	100	1207	1209	0	0	103	1208
1209	109	库伦加塔	Coolangatta	9	11852;11853;11854;11855;11856;11857;11858;11859	14459000	99492	2:20430000;5007:3	0	0	0	1502	986	0	0	0	0	1101	0	0	0	0	0	988	0	0	0	1202	0	0	980	0	0	0	0	0	0	1402	0	0	983	0	0	0	0	1201	0	0	0	986	0	0	0	4055;25361	6104;6102;5005	100;50;25;12	8	100	1208	1210	0	0	103	1209
1210	110	芭萝莎	Barossa	9	11861;11862;11863;11864;11865;11866;11867;11868	15048000	101652	2:20430000;5007:3	0	0	0	1501	996	0	0	0	0	0	0	1402	0	999	0	0	0	0	0	1202	0	0	0	998	0	0	0	0	0	0	1501	0	0	993	0	0	1102	0	0	0	990	0	0	0	0	4055;25361	6105;6103	100;50;25;12	8	100	1209	1211	0	0	103	1210
1211	111	阳光海岸	Sunshine Coast	9	11870;11871;11872;11873;11874;11875;11876;11877	15661000	112658	2:21280000;5007:3	0	1201	0	0	1008	0	0	0	0	0	0	1402	0	0	1007	0	0	0	0	0	0	1502	1000	0	0	0	0	1102	0	0	0	0	0	1002	0	0	0	1201	0	0	1007	0	0	0	0	4136;26631	6105;6109;5005	100;50;25;12	8	100	1210	1212	0	0	103	1211
1212	112	坎贝尔港	Port Campbell	9	11879;11880;11881;11882;11883;11884;11885;11886	16298000	115193	2:21280000;5007:3	0	0	1401	0	0	1013	0	0	0	0	1201	0	0	0	0	1013	0	0	0	0	1402	0	0	0	1018	0	0	0	0	0	1502	1014	0	0	0	0	1101	0	0	0	1016	0	0	0	0	4136;26631	6105;6102	100;50;25;12	8	100	1211	1213	0	0	103	1212
1213	113	洛恩	Lorne	9	11888;11889;11890;11891;11892;11893;11894;11895	16962000	117728	2:21280000;5007:3	0	1202	0	0	0	1029	0	0	0	0	0	1402	0	1026	0	0	0	0	1102	0	0	0	0	1024	0	0	0	0	0	0	1501	1028	0	0	0	0	0	0	1401	0	1029	0	0	0	0	4219;27961	6104;5005	100;50;25;12	8	100	1212	1214	0	0	103	1213
1214	114	卡尔巴里	Kalbarri	9	11897;11898;11899;11900;11901;11902;11903;11904	17652000	120263	2:22140000;5007:3	0	1202	0	0	1033	0	0	0	0	1101	0	0	0	0	1031	0	0	0	0	0	1401	0	1032	0	0	0	0	0	1201	0	0	0	1036	0	0	0	0	0	0	1501	0	0	1036	0	0	4219;27961	6104	100;50;25;12	8	100	1213	1215	0	0	103	1214
1215	115	棕榈湾	Palm Cove	9	11906;11907;11908;11909;11910;11911;11912;11913	18371000	122798	2:22140000;5007:3	0	0	0	1502	0	0	1048	0	0	1102	0	0	0	0	1041	0	0	0	0	1201	0	0	1040	0	0	0	0	0	0	1401	0	0	1047	0	0	0	0	1201	0	0	0	1040	0	0	0	4303;29358	6105;5005	100;50;25;12	8	100	1214	1216	0	0	103	1215
1216	116	摇篮山	Cradle Mountain	9	11915;11916;11917;11918;11919;11920;11921;11922	19119000	125502	2:22140000;5007:3	0	0	1402	0	1050	0	0	0	0	0	0	0	1502	0	0	1055	0	0	0	1201	0	0	0	0	1052	0	0	1101	0	0	0	0	1057	0	0	0	0	0	1402	0	0	0	1054	0	0	4303;29358	6105	100;50;25;12	8	100	1215	1217	0	0	103	1216
1217	117	比吉诺	Bicheno	9	11924;11925;11926;11927;11928;11929;11930;11931	19897000	128206	2:22990000;5007:3	0	1202	0	0	0	0	1069	0	0	0	0	0	1501	1065	0	0	0	0	0	0	1401	0	0	1066	0	0	0	0	1202	0	0	1062	0	0	0	0	0	0	0	1501	1066	0	0	0	0	4390;30825	6103;5005	100;50;25;12	8	100	1216	1218	0	0	103	1217
1218	118	吉朗	Geelong	9	11933;11934;11935;11936;11937;11938;11939;11940	20707000	130910	2:22990000;5007:3	1101	0	0	0	0	1074	0	0	0	0	1201	0	0	0	0	1073	0	0	0	0	0	1501	0	0	1077	0	0	0	0	0	1502	0	1074	0	0	0	1102	0	0	0	1071	0	0	0	0	4390;30825	6103	100;50;25;12	8	100	1217	1219	0	0	103	1218
1219	119	阿波罗湾	Apollo Bay	9	11942;11943;11944;11945;11946;11947;11948;11949	21550000	133614	2:22990000;5007:3	0	0	1401	0	1082	0	0	0	0	0	0	1401	0	1089	0	0	0	0	0	1201	0	0	1082	0	0	0	0	0	0	1402	0	1080	0	0	0	0	0	0	0	1502	0	0	1085	0	0	4477;32367	6109;5005	100;50;25;12	8	100	1218	1220	0	0	103	1219
1220	120	朗塞斯顿	Launceston	9	11951;11952;11953;11954;11955;11956;11957;11958	22427000	136318	2:23830000;5007:3	1101	0	0	0	1096	0	0	0	0	0	1202	0	0	0	1096	0	0	0	0	0	1402	0	0	1096	0	0	0	1101	0	0	0	1095	0	0	0	0	0	0	0	1501	0	0	1098	0	0	4477;32367	6109	100;50;25;12	8	100	1219	1221	0	0	103	1220
1221	121	伦敦	London	8	11960;11961;11962;11963;11964;11965;11966;11967	23340000	149940	2:23830000;5007:4	0	0	1401	0	0	0	1104	0	0	0	1202	0	0	0	1107	0	0	0	1101	0	0	0	1104	0	0	0	0	0	0	0	1501	1109	0	0	0	0	0	1201	0	0	0	1102	0	0	0	4522;33986	6102;5005	100;50;25;12	8	100	1220	1222	0	0	104	1221
1222	122	爱丁堡	Edinburgh	8	11968;11969;11970;11971;11972;11973;11974;11975	24169000	153076	2:23830000;5007:4	1101	0	0	0	1112	0	0	0	0	0	0	1402	0	1117	0	0	0	0	1102	0	0	0	0	1111	0	0	0	0	0	0	1502	1112	0	0	0	0	0	0	1401	0	0	0	1113	0	0	4522;33986	6102	100;50;25;12	8	100	1221	1223	0	0	104	1222
1223	123	剑桥	Cambridge	8	11976;11977;11978;11979;11980;11981;11982;11983	25028000	156212	2:24680000;5007:4	0	1201	0	0	1125	0	0	0	0	1101	0	0	0	0	1121	0	0	0	0	0	0	1502	0	0	1121	0	0	1101	0	0	0	0	0	1127	0	0	0	1202	0	0	1124	0	0	0	0	4567;35686	6104;6103;5005	100;50;25;12	8	100	1222	1224	0	0	104	1223
1224	124	曼彻斯特	Manchester	8	11984;11985;11986;11987;11988;11989;11990;11991	25917000	159348	2:24680000;5007:4	0	0	1402	0	0	1131	0	0	0	0	0	0	1501	1133	0	0	0	0	0	0	0	1501	0	1138	0	0	0	0	0	1402	0	1136	0	0	0	0	0	1202	0	0	1136	0	0	0	0	4567;35686	6104;6109	100;50;25;12	8	100	1223	1225	0	0	104	1224
1225	125	牛津	Oxford	8	11992;11993;11994;11995;11996;11997;11998;11999	26838000	162484	2:24680000;5007:4	1101	0	0	0	0	1143	0	0	0	0	0	0	1502	0	1140	0	0	0	0	1201	0	0	0	1148	0	0	0	1101	0	0	0	0	1141	0	0	0	0	0	1401	0	0	1144	0	0	0	4613;37469	6104;6102;5005	100;50;25;12	8	100	1224	1226	0	0	104	1225
1226	126	约克	York	8	12000;12001;12002;12003;12004;12005;12006;12007	27792000	165816	2:25530000;5007:4	0	0	0	1502	0	0	1150	0	0	1102	0	0	0	0	0	1154	0	0	1101	0	0	0	0	0	1150	0	0	0	0	1401	0	1156	0	0	0	0	0	1201	0	0	1153	0	0	0	0	4613;37469	6105;6103	100;50;25;12	8	100	1225	1227	0	0	104	1226
1227	127	巴斯	Bath	8	12008;12009;12010;12011;12012;12013;12014;12015	28779000	169148	2:25530000;5007:4	1102	0	0	0	1166	0	0	0	0	0	0	0	1502	1165	0	0	0	0	0	1202	0	0	0	1163	0	0	0	0	0	0	1501	0	1169	0	0	0	0	0	1402	0	1167	0	0	0	0	4659;39342	6105;6109;5005	100;50;25;12	8	100	1226	1228	0	0	104	1227
1228	128	英国湖区	Lake District	8	12016;12017;12018;12019;12020;12021;12022;12023	29801000	172480	2:25530000;5007:4	1101	0	0	0	0	0	1178	0	0	0	0	0	1501	0	0	1177	0	0	0	0	1401	0	0	1177	0	0	0	0	1202	0	0	1179	0	0	0	0	1101	0	0	0	0	0	1179	0	0	4659;39342	6105;6102	100;50;25;12	8	100	1227	1229	0	0	104	1228
1229	129	伯明翰	Birmingham	8	12024;12025;12026;12027;12028;12029;12030;12031	30860000	175812	2:26360000;5007:4	0	0	0	1501	1180	0	0	0	0	0	1201	0	0	1187	0	0	0	0	1102	0	0	0	0	0	1185	0	0	0	0	1401	0	0	1184	0	0	0	1102	0	0	0	1189	0	0	0	0	4706;41308	6104;5005	100;50;25;12	8	100	1228	1230	0	0	104	1229
1230	130	利物浦	Liverpool	8	12032;12033;12034;12035;12036;12037;12038;12039	31957000	179144	2:26360000;5007:4	0	0	0	1501	0	1199	0	0	0	0	0	1401	0	0	0	1197	0	0	0	1201	0	0	0	0	1193	0	0	1101	0	0	0	0	1194	0	0	0	0	0	0	1502	0	1192	0	0	0	4706;41308	6104	100;50;25;12	8	100	1229	1231	0	0	104	1230
1231	131	谢菲尔德	Sheffield	8	12040;12041;12042;12043;12044;12045;12046;12047	33092000	195765	2:26360000;5007:4	1102	0	0	0	0	1200	0	0	0	0	0	0	1501	0	0	1208	0	0	0	0	1401	0	0	1207	0	0	0	0	1201	0	0	0	1208	0	0	0	1102	0	0	0	1202	0	0	0	0	4753;43375	6105;5005	100;50;25;12	8	100	1230	1232	0	0	104	1231
1232	132	怀特岛	Isle of Wight	8	12048;12049;12050;12051;12052;12053;12054;12055	34268000	199590	2:27170000;5007:4	0	0	0	1502	1214	0	0	0	0	0	0	1401	0	0	0	1212	0	0	0	1202	0	0	0	1219	0	0	0	0	0	1402	0	1214	0	0	0	0	1102	0	0	0	1213	0	0	0	0	4753;43375	6105	100;50;25;12	8	100	1231	1233	0	0	104	1232
1233	133	诺丁汉	Nottinghamshire	8	12056;12057;12058;12059;12060;12061;12062;12063	35486000	203415	2:27170000;5007:4	0	0	0	1501	1220	0	0	0	0	0	0	1402	0	0	1228	0	0	0	0	1202	0	0	0	0	1224	0	0	1102	0	0	0	0	0	1224	0	0	0	0	0	1502	0	1226	0	0	0	4800;45544	6103;5005	100;50;25;12	8	100	1232	1234	0	0	104	1233
1234	134	纽卡斯尔	Newcastle	8	12064;12065;12066;12067;12068;12069;12070;12071	36746000	207240	2:27170000;5007:4	0	1201	0	0	0	0	1232	0	0	0	0	1402	0	0	1233	0	0	0	1102	0	0	0	0	1237	0	0	0	0	0	0	1502	0	0	1230	0	0	0	0	1401	0	0	1236	0	0	0	4800;45544	6103	100;50;25;12	8	100	1233	1235	0	0	104	1234
1235	135	贝尔法斯特	Belfast	8	12072;12073;12074;12075;12076;12077;12078;12079	38052000	211065	2:28020000;5007:4	0	1201	0	0	1249	0	0	0	0	1101	0	0	0	0	1245	0	0	0	0	0	0	1502	1244	0	0	0	0	0	1202	0	0	1243	0	0	0	0	0	0	0	1501	0	1247	0	0	0	4848;47822	6109;5005	100;50;25;12	8	100	1234	1236	0	0	104	1235
1236	136	加的夫	Cardiff	8	12080;12081;12082;12083;12084;12085;12086;12087	39404000	215115	2:28020000;5007:4	0	0	1402	0	0	0	1254	0	0	0	1201	0	0	0	1256	0	0	0	0	0	0	1501	1259	0	0	0	0	0	0	1402	0	0	1257	0	0	0	0	1202	0	0	0	0	1251	0	0	4848;47822	6109	100;50;25;12	8	100	1235	1237	0	0	104	1236
1237	137	温莎	Windsor	8	12088;12089;12090;12091;12092;12093;12094;12095	40804000	219165	2:28020000;5007:4	0	0	1401	0	0	0	1265	0	0	0	0	0	1501	0	0	1263	0	0	0	1201	0	0	1263	0	0	0	0	0	0	1401	0	0	1269	0	0	0	0	0	0	1502	1264	0	0	0	0	4897;50214	6102;5005	100;50;25;12	8	100	1236	1238	0	0	104	1237
1238	138	布莱顿	Brighton and Hove	8	12096;12097;12098;12099;12100;12101;12102;12103	42254000	223215	2:28820000;5007:4	1102	0	0	0	0	1270	0	0	0	0	0	0	1502	1274	0	0	0	0	0	0	1401	0	0	0	1273	0	0	0	1201	0	0	0	1277	0	0	0	0	1202	0	0	0	1271	0	0	0	4897;50214	6102	100;50;25;12	8	100	1237	1239	0	0	104	1238
1239	139	苏格兰高地	Highland	8	12104;12105;12106;12107;12108;12109;12110;12111	43755000	227265	2:28820000;5007:4	0	0	0	1502	0	0	1280	0	0	1101	0	0	0	1285	0	0	0	0	0	1202	0	0	1288	0	0	0	0	0	0	1402	0	0	0	1285	0	0	0	1201	0	0	0	1287	0	0	0	4946;52725	6104;6103;5005	100;50;25;12	8	100	1238	1240	0	0	104	1239
1240	140	格拉斯哥	Glasgow	8	12112;12113;12114;12115;12116;12117;12118;12119	45309000	231315	2:28820000;5007:4	0	0	0	1501	1299	0	0	0	0	0	0	1402	0	1293	0	0	0	0	0	1202	0	0	1298	0	0	0	0	0	0	0	1501	0	0	1299	0	0	1102	0	0	0	0	1297	0	0	0	4946;52725	6104;6109	100;50;25;12	8	100	1239	1241	0	0	104	1240
1241	141	考文垂	Coventry	9	12120;12121;12122;12123;12124;12125;12126;12127;12128	46919000	251344	2:29710000;5007:4	0	1201	0	0	0	0	1306	0	0	0	0	1402	0	0	1303	0	0	0	0	0	0	1502	1307	0	0	0	0	1102	0	0	0	0	0	1307	0	0	0	1201	0	0	0	0	1304	0	0	4995;55361	6104;6102;5005	100;50;25;12	8	100	1240	1242	0	0	104	1241
1242	142	斯特拉特福	Stratford	9	12129;12130;12131;12132;12133;12134;12135;12136;12137	48829000	255952	2:29710000;5007:4	0	0	1401	0	0	0	1314	0	0	0	1201	0	0	0	0	1311	0	0	0	0	1402	0	0	1319	0	0	0	0	0	0	1502	1313	0	0	0	0	1101	0	0	0	0	0	1315	0	0	4995;55361	6105;6103	100;50;25;12	8	100	1241	1243	0	0	104	1242
1243	143	康沃尔	Cornwall	9	12138;12139;12140;12141;12142;12143;12144;12145;12146	50817000	260560	2:29710000;5007:4	0	1202	0	0	0	1325	0	0	0	0	0	1402	0	1320	0	0	0	0	1102	0	0	0	0	1321	0	0	0	0	0	0	1501	1320	0	0	0	0	0	0	1401	0	0	0	1324	0	0	5045;58131	6105;6109;5005	100;50;25;12	8	100	1242	1244	0	0	104	1243
1244	144	坎特伯雷	Canterbury	9	12147;12148;12149;12150;12151;12152;12153;12154;12155	52886000	265168	2:30590000;5007:4	0	1202	0	0	0	0	1339	0	0	1101	0	0	0	0	1338	0	0	0	0	0	1401	0	0	0	1330	0	0	0	1201	0	0	1339	0	0	0	0	0	0	0	1501	0	1332	0	0	0	5045;58131	6105;6102	100;50;25;12	8	100	1243	1245	0	0	104	1244
1245	145	南安普敦	Southampton	9	12156;12157;12158;12159;12160;12161;12162;12163;12164	55038000	269776	2:30590000;5007:4	0	0	0	1502	1341	0	0	0	0	1102	0	0	0	0	1341	0	0	0	0	1201	0	0	0	1345	0	0	0	0	0	1401	0	1340	0	0	0	0	0	1201	0	0	0	1345	0	0	0	5096;61036	6104;5005	100;50;25;12	8	100	1244	1246	0	0	104	1245
1246	146	利兹	Leeds	9	12165;12166;12167;12168;12169;12170;12171;12172;12173	57279000	274640	2:30590000;5007:4	0	0	1402	0	1354	0	0	0	0	0	0	0	1502	1351	0	0	0	0	0	1201	0	0	1357	0	0	0	0	1101	0	0	0	0	1357	0	0	0	0	0	1402	0	1357	0	0	0	0	5096;61036	6104	100;50;25;12	8	100	1245	1247	0	0	104	1246
1247	147	威廉堡	Fort William	9	12174;12175;12176;12177;12178;12179;12180;12181;12182	59611000	279504	2:31410000;5007:4	0	1202	0	0	0	0	1364	0	0	0	0	0	1501	1364	0	0	0	0	0	0	1401	0	0	0	1362	0	0	0	1202	0	0	0	1367	0	0	0	0	0	0	1501	1363	0	0	0	0	5147;64089	6105;5005	100;50;25;12	8	100	1246	1248	0	0	104	1247
1248	148	布里斯托	Bristol	9	12183;12184;12185;12186;12187;12188;12189;12190;12191	62037000	284368	2:31410000;5007:4	1101	0	0	0	0	0	1377	0	0	0	1201	0	0	0	1371	0	0	0	0	0	0	1501	1372	0	0	0	0	0	0	0	1502	0	0	1376	0	0	1102	0	0	0	1379	0	0	0	0	5147;64089	6105	100;50;25;12	8	100	1247	1249	0	0	104	1248
1249	149	格林尼治	Greenwich	9	12192;12193;12194;12195;12196;12197;12198;12199;12200	64563000	289232	2:31410000;5007:4	0	0	1401	0	0	0	1388	0	0	0	0	1401	0	1386	0	0	0	0	0	1201	0	0	0	1380	0	0	0	0	0	1402	0	1389	0	0	0	0	0	0	0	1502	0	0	1389	0	0	5198;67294	6103;5005	100;50;25;12	8	100	1248	1250	0	0	104	1249
1250	150	南莱克兰	South Lakeland	9	12201;12202;12203;12204;12205;12206;12207;12208;12209	67191000	294096	2:32310000;5007:4	1101	0	0	0	0	0	1390	0	0	0	1202	0	0	0	1395	0	0	0	0	0	1402	0	0	0	1399	0	0	1101	0	0	0	0	0	1392	0	0	0	0	0	1501	0	1393	0	0	0	5198;67294	6103	100;50;25;12	8	100	1249	1251	0	0	104	1250
1251	151	圣安德鲁斯	St Andrews	9	12210;12211;12212;12213;12214;12215;12216;12217;12218	69926000	317968	2:32310000;5007:4	0	0	1401	0	0	0	1409	0	0	0	1202	0	0	1404	0	0	0	0	1101	0	0	0	1400	0	0	0	0	0	0	0	1501	0	1409	0	0	0	0	1201	0	0	0	1400	0	0	0	5250;70658	6109;5005	100;50;25;12	8	100	1250	1252	0	0	104	1251
1252	152	北约克	North Yorkshire	9	12219;12220;12221;12222;12223;12224;12225;12226;12227	72772000	323459	2:32310000;5007:4	1101	0	0	0	1410	0	0	0	0	0	0	1402	0	0	0	1417	0	0	1102	0	0	0	0	0	1412	0	0	0	0	0	1502	0	0	1419	0	0	0	0	1401	0	0	0	1419	0	0	5250;70658	6109	100;50;25;12	8	100	1251	1253	0	0	104	1252
1253	153	斯旺西	Swansea	9	12228;12229;12230;12231;12232;12233;12234;12235;12236	75735000	328950	2:33170000;5007:4	0	1201	0	0	1420	0	0	0	0	1101	0	0	0	0	1421	0	0	0	0	0	0	1502	0	1420	0	0	0	1101	0	0	0	0	1428	0	0	0	0	1202	0	0	1429	0	0	0	0	5302;74192	6102;5005	100;50;25;12	8	100	1252	1254	0	0	104	1253
1254	154	莱斯特	Leicester	9	12237;12238;12239;12240;12241;12242;12243;12244;12245	78818000	334441	2:33170000;5007:4	0	0	1402	0	1432	0	0	0	0	0	0	0	1501	0	1435	0	0	0	0	0	0	1501	0	1438	0	0	0	0	0	1402	0	0	0	1434	0	0	0	1202	0	0	1434	0	0	0	0	5302;74192	6102	100;50;25;12	8	100	1253	1255	0	0	104	1254
1255	155	普利茅斯	Plymouth	9	12246;12247;12248;12249;12250;12251;12252;12253;12254	82026000	339932	2:33170000;5007:4	1101	0	0	0	0	1442	0	0	0	0	0	0	1502	0	1441	0	0	0	0	1201	0	0	1445	0	0	0	0	1101	0	0	0	1445	0	0	0	0	0	0	1401	0	0	0	1446	0	0	5356;77900	6104;6103;5005	100;50;25;12	8	100	1254	1256	0	0	104	1255
1256	156	惠特比	Whitby	9	12255;12256;12257;12258;12259;12260;12261;12262;12263	85365000	345712	2:34040000;5007:4	0	0	0	1502	0	0	1454	0	0	1102	0	0	0	1454	0	0	0	0	1101	0	0	0	0	1457	0	0	0	0	0	1401	0	1458	0	0	0	0	0	1201	0	0	1454	0	0	0	0	5356;77900	6104;6109	100;50;25;12	8	100	1255	1257	0	0	104	1256
1257	157	诺里奇	Norwich	9	12264;12265;12266;12267;12268;12269;12270;12271;12272	88840000	351492	2:34040000;5007:4	1102	0	0	0	0	0	1464	0	0	0	0	0	1502	0	1467	0	0	0	0	1202	0	0	1468	0	0	0	0	0	0	0	1501	0	1462	0	0	0	0	0	1402	0	1468	0	0	0	0	5409;81794	6104;6102;5005	100;50;25;12	8	100	1256	1258	0	0	104	1257
1258	158	朴次茅斯	Portsmouth	9	12273;12274;12275;12276;12277;12278;12279;12280;12281	92457000	357272	2:34040000;5007:4	1101	0	0	0	1478	0	0	0	0	0	0	0	1501	0	0	1473	0	0	0	0	1401	0	0	0	1475	0	0	0	1202	0	0	1470	0	0	0	0	1101	0	0	0	0	1479	0	0	0	5409;81794	6105;6103	100;50;25;12	8	100	1257	1259	0	0	104	1258
1259	159	阿伯丁	Aberdeen	9	12282;12283;12284;12285;12286;12287;12288;12289;12290	96220000	363052	2:34940000;5007:4	0	0	0	1501	0	1489	0	0	0	0	1201	0	0	0	1485	0	0	0	1102	0	0	0	1489	0	0	0	0	0	0	1401	0	0	0	1484	0	0	1102	0	0	0	0	0	1486	0	0	5463;85883	6105;6109;5005	100;50;25;12	8	100	1258	1260	0	0	104	1259
1260	160	斯特灵	Stirling	9	12291;12292;12293;12294;12295;12296;12297;12298;12299	100137000	368832	2:34940000;5007:4	0	0	0	1501	1499	0	0	0	0	0	0	1401	0	1493	0	0	0	0	0	1201	0	0	0	0	1491	0	0	1101	0	0	0	1493	0	0	0	0	0	0	0	1502	0	1493	0	0	0	5463;85883	6105;6102	100;50;25;12	8	100	1259	0	0	0	104	1260
